{
    "$schema": "https://schema.management.azure.com/schemas/2019-04-01/deploymentTemplate.json#",
    "contentVersion": "1.0.0.0",
    "parameters": {
        "disks_jnj_md_jump_host_db_OsDisk_1_8af9c3ef30744149b8a4dd8ae7727bfd_name": {
            "defaultValue": "jnj-md-jump-host-db_OsDisk_1_8af9c3ef30744149b8a4dd8ae7727bfd",
            "type": "String"
        }
    },
    "variables": {},
    "resources": [
        {
            "type": "Microsoft.Compute/disks",
            "apiVersion": "2024-03-02",
            "name": "[parameters('disks_jnj_md_jump_host_db_OsDisk_1_8af9c3ef30744149b8a4dd8ae7727bfd_name')]",
            "location": "switzerlandnorth",
            "tags": {
                "Business Line": "MD",
                "Enviroment": "Common"
            },
            "sku": {
                "name": "StandardSSD_LRS",
                "tier": "Standard"
            },
            "properties": {
                "osType": "Windows",
                "hyperVGeneration": "V1",
                "creationData": {
                    "createOption": "FromImage",
                    "imageReference": {
                        "id": "/Subscriptions/8d4346c2-32de-4083-8774-d32ffb70f026/Providers/Microsoft.Compute/Locations/SwitzerlandNorth/Publishers/MicrosoftWindowsServer/ArtifactTypes/VMImage/Offers/WindowsServer/Skus/2019-Datacenter/Versions/17763.2114.2108051826"
                    }
                },
                "diskSizeGB": 127,
                "diskIOPSReadWrite": 500,
                "diskMBpsReadWrite": 100,
                "encryption": {
                    "type": "EncryptionAtRestWithPlatformKey"
                },
                "networkAccessPolicy": "AllowAll",
                "publicNetworkAccess": "Enabled"
            }
        }
    ]
}