{
    "$schema": "https://schema.management.azure.com/schemas/2019-04-01/deploymentTemplate.json#",
    "contentVersion": "1.0.0.0",
    "parameters": {
        "automationAccounts_jnj_md_auto_acct2_name": {
            "defaultValue": "jnj-md-auto-acct2",
            "type": "String"
        }
    },
    "variables": {},
    "resources": [
        {
            "type": "Microsoft.Automation/automationAccounts/runbooks",
            "apiVersion": "2023-11-01",
            "name": "[concat(parameters('automationAccounts_jnj_md_auto_acct2_name'), '/SequencedStartStop_Parent')]",
            "location": "switzerlandnorth",
            "tags": {
                "version": "2.0.0.0"
            },
            "properties": {
                "description": "Sequenced Snooze(stop) or UnSnooze(start)",
                "logVerbose": false,
                "logProgress": false,
                "logActivityTrace": 0,
                "runbookType": "PowerShell"
            }
        }
    ]
}