{
    "$schema": "https://schema.management.azure.com/schemas/2019-04-01/deploymentTemplate.json#",
    "contentVersion": "1.0.0.0",
    "parameters": {
        "vaults_storage_account_backup_name": {
            "defaultValue": "storage-account-backup",
            "type": "String"
        }
    },
    "variables": {},
    "resources": [
        {
            "type": "Microsoft.RecoveryServices/vaults",
            "apiVersion": "2024-10-01",
            "name": "[parameters('vaults_storage_account_backup_name')]",
            "location": "switzerlandnorth",
            "sku": {
                "name": "RS0",
                "tier": "Standard"
            },
            "properties": {
                "securitySettings": {
                    "softDeleteSettings": {
                        "softDeleteRetentionPeriodInDays": 14,
                        "softDeleteState": "Enabled",
                        "enhancedSecurityState": "Enabled"
                    }
                },
                "redundancySettings": {
                    "standardTierStorageRedundancy": "GeoRedundant",
                    "crossRegionRestore": "Disabled"
                },
                "publicNetworkAccess": "Enabled",
                "restoreSettings": {
                    "crossSubscriptionRestoreSettings": {
                        "crossSubscriptionRestoreState": "Enabled"
                    }
                }
            }
        },
        {
            "type": "Microsoft.RecoveryServices/vaults/backupPolicies",
            "apiVersion": "2024-10-01",
            "name": "[concat(parameters('vaults_storage_account_backup_name'), '/DefaultPolicy')]",
            "dependsOn": [
                "[resourceId('Microsoft.RecoveryServices/vaults', parameters('vaults_storage_account_backup_name'))]"
            ],
            "properties": {
                "backupManagementType": "AzureIaasVM",
                "policyType": "V1",
                "instantRPDetails": {},
                "schedulePolicy": {
                    "schedulePolicyType": "SimpleSchedulePolicy",
                    "scheduleRunFrequency": "Daily",
                    "scheduleRunTimes": [
                        "2025-03-12T19:30:00Z"
                    ],
                    "scheduleWeeklyFrequency": 0
                },
                "retentionPolicy": {
                    "retentionPolicyType": "LongTermRetentionPolicy",
                    "dailySchedule": {
                        "retentionTimes": [
                            "2025-03-12T19:30:00Z"
                        ],
                        "retentionDuration": {
                            "count": 30,
                            "durationType": "Days"
                        }
                    }
                },
                "instantRpRetentionRangeInDays": 2,
                "timeZone": "UTC",
                "protectedItemsCount": 0
            }
        },
        {
            "type": "Microsoft.RecoveryServices/vaults/backupPolicies",
            "apiVersion": "2024-10-01",
            "name": "[concat(parameters('vaults_storage_account_backup_name'), '/EnhancedPolicy')]",
            "dependsOn": [
                "[resourceId('Microsoft.RecoveryServices/vaults', parameters('vaults_storage_account_backup_name'))]"
            ],
            "properties": {
                "backupManagementType": "AzureIaasVM",
                "policyType": "V2",
                "instantRPDetails": {},
                "schedulePolicy": {
                    "schedulePolicyType": "SimpleSchedulePolicyV2",
                    "scheduleRunFrequency": "Hourly",
                    "hourlySchedule": {
                        "interval": 4,
                        "scheduleWindowStartTime": "2025-03-12T08:00:00Z",
                        "scheduleWindowDuration": 12
                    }
                },
                "retentionPolicy": {
                    "retentionPolicyType": "LongTermRetentionPolicy",
                    "dailySchedule": {
                        "retentionTimes": [
                            "2025-03-12T08:00:00Z"
                        ],
                        "retentionDuration": {
                            "count": 30,
                            "durationType": "Days"
                        }
                    }
                },
                "instantRpRetentionRangeInDays": 2,
                "timeZone": "UTC",
                "protectedItemsCount": 0
            }
        },
        {
            "type": "Microsoft.RecoveryServices/vaults/backupPolicies",
            "apiVersion": "2024-10-01",
            "name": "[concat(parameters('vaults_storage_account_backup_name'), '/HourlyLogBackup')]",
            "dependsOn": [
                "[resourceId('Microsoft.RecoveryServices/vaults', parameters('vaults_storage_account_backup_name'))]"
            ],
            "properties": {
                "backupManagementType": "AzureWorkload",
                "workLoadType": "SQLDataBase",
                "settings": {
                    "timeZone": "UTC",
                    "issqlcompression": false,
                    "isCompression": false
                },
                "subProtectionPolicy": [
                    {
                        "policyType": "Full",
                        "schedulePolicy": {
                            "schedulePolicyType": "SimpleSchedulePolicy",
                            "scheduleRunFrequency": "Daily",
                            "scheduleRunTimes": [
                                "2025-03-12T19:30:00Z"
                            ],
                            "scheduleWeeklyFrequency": 0
                        },
                        "retentionPolicy": {
                            "retentionPolicyType": "LongTermRetentionPolicy",
                            "dailySchedule": {
                                "retentionTimes": [
                                    "2025-03-12T19:30:00Z"
                                ],
                                "retentionDuration": {
                                    "count": 30,
                                    "durationType": "Days"
                                }
                            }
                        }
                    },
                    {
                        "policyType": "Log",
                        "schedulePolicy": {
                            "schedulePolicyType": "LogSchedulePolicy",
                            "scheduleFrequencyInMins": 60
                        },
                        "retentionPolicy": {
                            "retentionPolicyType": "SimpleRetentionPolicy",
                            "retentionDuration": {
                                "count": 30,
                                "durationType": "Days"
                            }
                        }
                    }
                ],
                "protectedItemsCount": 0
            }
        },
        {
            "type": "Microsoft.RecoveryServices/vaults/replicationAlertSettings",
            "apiVersion": "2024-10-01",
            "name": "[concat(parameters('vaults_storage_account_backup_name'), '/defaultAlertSetting')]",
            "dependsOn": [
                "[resourceId('Microsoft.RecoveryServices/vaults', parameters('vaults_storage_account_backup_name'))]"
            ],
            "properties": {
                "sendToOwners": "DoNotSend",
                "customEmailAddresses": []
            }
        },
        {
            "type": "Microsoft.RecoveryServices/vaults/replicationVaultSettings",
            "apiVersion": "2024-10-01",
            "name": "[concat(parameters('vaults_storage_account_backup_name'), '/default')]",
            "dependsOn": [
                "[resourceId('Microsoft.RecoveryServices/vaults', parameters('vaults_storage_account_backup_name'))]"
            ],
            "properties": {}
        }
    ]
}