{
    "$schema": "https://schema.management.azure.com/schemas/2019-04-01/deploymentTemplate.json#",
    "contentVersion": "1.0.0.0",
    "parameters": {
        "restorePointCollections_AzureBackup_p2imagingvm_6981195149539146733_name": {
            "defaultValue": "AzureBackup_p2imagingvm_6981195149539146733",
            "type": "String"
        },
        "virtualMachines_p2imagingvm_externalid": {
            "defaultValue": "/subscriptions/8d4346c2-32de-4083-8774-d32ffb70f026/resourceGroups/jnj-md-qa-rg/providers/Microsoft.Compute/virtualMachines/p2imagingvm",
            "type": "String"
        }
    },
    "variables": {},
    "resources": [
        {
            "type": "Microsoft.Compute/restorePointCollections",
            "apiVersion": "2024-07-01",
            "name": "[parameters('restorePointCollections_AzureBackup_p2imagingvm_6981195149539146733_name')]",
            "location": "switzerlandnorth",
            "properties": {
                "source": {
                    "id": "[parameters('virtualMachines_p2imagingvm_externalid')]"
                }
            }
        }
    ]
}