{
    "$schema": "https://schema.management.azure.com/schemas/2019-04-01/deploymentTemplate.json#",
    "contentVersion": "1.0.0.0",
    "parameters": {
        "restorePointCollections_AzureBackup_jnj_md_jump_host_db_6981195150323319338_name": {
            "defaultValue": "AzureBackup_jnj-md-jump-host-db_6981195150323319338",
            "type": "String"
        },
        "virtualMachines_jnj_md_jump_host_db_externalid": {
            "defaultValue": "/subscriptions/8d4346c2-32de-4083-8774-d32ffb70f026/resourceGroups/jnj-md-common-rg/providers/Microsoft.Compute/virtualMachines/jnj-md-jump-host-db",
            "type": "String"
        }
    },
    "variables": {},
    "resources": [
        {
            "type": "Microsoft.Compute/restorePointCollections",
            "apiVersion": "2024-07-01",
            "name": "[parameters('restorePointCollections_AzureBackup_jnj_md_jump_host_db_6981195150323319338_name')]",
            "location": "switzerlandnorth",
            "properties": {
                "source": {
                    "id": "[parameters('virtualMachines_jnj_md_jump_host_db_externalid')]"
                }
            }
        }
    ]
}