{
    "$schema": "https://schema.management.azure.com/schemas/2015-01-01/deploymentParameters.json#",
    "contentVersion": "1.0.0.0",
    "parameters": {
        "networkInterfaces_jnj_md_jump_host_db810_name": {
            "value": null
        },
        "publicIPAddresses_jnj_md_jump_host_db_pip1_externalid": {
            "value": null
        },
        "virtualNetworks_jnj_md_vnet_externalid": {
            "value": null
        },
        "publicIPAddresses_jnj_md_jump_host_db_pip_externalid": {
            "value": null
        },
        "networkSecurityGroups_jnj_md_jump_host_db_nsg_externalid": {
            "value": null
        }
    }
}