{
    "$schema": "https://schema.management.azure.com/schemas/2019-04-01/deploymentTemplate.json#",
    "contentVersion": "1.0.0.0",
    "parameters": {
        "networkInterfaces_jnj_md_jump_host_db810_name": {
            "defaultValue": "jnj-md-jump-host-db810",
            "type": "String"
        },
        "publicIPAddresses_jnj_md_jump_host_db_pip1_externalid": {
            "defaultValue": "/subscriptions/8d4346c2-32de-4083-8774-d32ffb70f026/resourceGroups/jnj-md-common-rg/providers/Microsoft.Network/publicIPAddresses/jnj-md-jump-host-db-pip1",
            "type": "String"
        },
        "virtualNetworks_jnj_md_vnet_externalid": {
            "defaultValue": "/subscriptions/8d4346c2-32de-4083-8774-d32ffb70f026/resourceGroups/jnj-md-common-rg/providers/Microsoft.Network/virtualNetworks/jnj-md-vnet",
            "type": "String"
        },
        "publicIPAddresses_jnj_md_jump_host_db_pip_externalid": {
            "defaultValue": "/subscriptions/8d4346c2-32de-4083-8774-d32ffb70f026/resourceGroups/jnj-md-common-rg/providers/Microsoft.Network/publicIPAddresses/jnj-md-jump-host-db-pip",
            "type": "String"
        },
        "networkSecurityGroups_jnj_md_jump_host_db_nsg_externalid": {
            "defaultValue": "/subscriptions/8d4346c2-32de-4083-8774-d32ffb70f026/resourceGroups/jnj-md-common-rg/providers/Microsoft.Network/networkSecurityGroups/jnj-md-jump-host-db-nsg",
            "type": "String"
        }
    },
    "variables": {},
    "resources": [
        {
            "type": "Microsoft.Network/networkInterfaces",
            "apiVersion": "2024-05-01",
            "name": "[parameters('networkInterfaces_jnj_md_jump_host_db810_name')]",
            "location": "switzerlandnorth",
            "tags": {
                "Business Line": "MD",
                "Enviroment": "Common"
            },
            "kind": "Regular",
            "properties": {
                "ipConfigurations": [
                    {
                        "name": "ipconfig1",
                        "id": "[concat(resourceId('Microsoft.Network/networkInterfaces', parameters('networkInterfaces_jnj_md_jump_host_db810_name')), '/ipConfigurations/ipconfig1')]",
                        "type": "Microsoft.Network/networkInterfaces/ipConfigurations",
                        "properties": {
                            "privateIPAddress": "10.0.1.4",
                            "privateIPAllocationMethod": "Dynamic",
                            "publicIPAddress": {
                                "id": "[parameters('publicIPAddresses_jnj_md_jump_host_db_pip1_externalid')]"
                            },
                            "subnet": {
                                "id": "[concat(parameters('virtualNetworks_jnj_md_vnet_externalid'), '/subnets/jnj-md-common-subnet')]"
                            },
                            "primary": true,
                            "privateIPAddressVersion": "IPv4"
                        }
                    },
                    {
                        "name": "jnj-md-jump-host-db-pip",
                        "id": "[concat(resourceId('Microsoft.Network/networkInterfaces', parameters('networkInterfaces_jnj_md_jump_host_db810_name')), '/ipConfigurations/jnj-md-jump-host-db-pip')]",
                        "type": "Microsoft.Network/networkInterfaces/ipConfigurations",
                        "properties": {
                            "privateIPAddress": "10.0.1.5",
                            "privateIPAllocationMethod": "Dynamic",
                            "publicIPAddress": {
                                "id": "[parameters('publicIPAddresses_jnj_md_jump_host_db_pip_externalid')]"
                            },
                            "subnet": {
                                "id": "[concat(parameters('virtualNetworks_jnj_md_vnet_externalid'), '/subnets/jnj-md-common-subnet')]"
                            },
                            "primary": false,
                            "privateIPAddressVersion": "IPv4"
                        }
                    }
                ],
                "dnsSettings": {
                    "dnsServers": []
                },
                "enableAcceleratedNetworking": true,
                "enableIPForwarding": false,
                "disableTcpStateTracking": false,
                "networkSecurityGroup": {
                    "id": "[parameters('networkSecurityGroups_jnj_md_jump_host_db_nsg_externalid')]"
                },
                "nicType": "Standard",
                "auxiliaryMode": "None",
                "auxiliarySku": "None"
            }
        }
    ]
}