{
    "$schema": "https://schema.management.azure.com/schemas/2019-04-01/deploymentTemplate.json#",
    "contentVersion": "1.0.0.0",
    "parameters": {
        "certificates_AzureRunAsCertificate_base64Value": {
            "type": "SecureString"
        },
        "automationAccounts_jnj_md_auto_acct2_name": {
            "defaultValue": "jnj-md-auto-acct2",
            "type": "String"
        }
    },
    "variables": {},
    "resources": [
        {
            "type": "Microsoft.Automation/automationAccounts",
            "apiVersion": "2023-11-01",
            "name": "[parameters('automationAccounts_jnj_md_auto_acct2_name')]",
            "location": "switzerlandnorth",
            "tags": {
                "StartStopVMVersion": "1.0.0.0"
            },
            "properties": {
                "sku": {
                    "name": "Basic"
                },
                "encryption": {
                    "keySource": "Microsoft.Automation",
                    "identity": {}
                }
            }
        },
        {
            "type": "Microsoft.Automation/automationAccounts/certificates",
            "apiVersion": "2023-11-01",
            "name": "[concat(parameters('automationAccounts_jnj_md_auto_acct2_name'), '/AzureRunAsCertificate')]",
            "dependsOn": [
                "[resourceId('Microsoft.Automation/automationAccounts', parameters('automationAccounts_jnj_md_auto_acct2_name'))]"
            ],
            "properties": {
                "description": "This certificate is used to authenticate with the service principal that was automatically created for this account. For details on this service principal and certificate, or to recreate them, go to this account’s Settings. For example usage, see the tutorial runbook in this account.",
                "isExportable": true,
                "thumbprint": "DBA0C61A3EA13764F063CDEDAA865BDD897F1B68",
                "base64Value": "[parameters('certificates_AzureRunAsCertificate_base64Value')]"
            }
        },
        {
            "type": "Microsoft.Automation/automationAccounts/connections",
            "apiVersion": "2023-11-01",
            "name": "[concat(parameters('automationAccounts_jnj_md_auto_acct2_name'), '/AzureRunAsConnection')]",
            "dependsOn": [
                "[resourceId('Microsoft.Automation/automationAccounts', parameters('automationAccounts_jnj_md_auto_acct2_name'))]"
            ],
            "properties": {
                "connectionType": {
                    "name": "AzureServicePrincipal"
                }
            }
        },
        {
            "type": "Microsoft.Automation/automationAccounts/connectionTypes",
            "apiVersion": "2023-11-01",
            "name": "[concat(parameters('automationAccounts_jnj_md_auto_acct2_name'), '/Azure')]",
            "dependsOn": [
                "[resourceId('Microsoft.Automation/automationAccounts', parameters('automationAccounts_jnj_md_auto_acct2_name'))]"
            ],
            "properties": {
                "isGlobal": true,
                "fieldDefinitions": {
                    "AutomationCertificateName": {
                        "isEncrypted": false,
                        "isOptional": false,
                        "type": "System.String"
                    },
                    "SubscriptionID": {
                        "isEncrypted": false,
                        "isOptional": false,
                        "type": "System.String"
                    }
                }
            }
        },
        {
            "type": "Microsoft.Automation/automationAccounts/connectionTypes",
            "apiVersion": "2023-11-01",
            "name": "[concat(parameters('automationAccounts_jnj_md_auto_acct2_name'), '/AzureClassicCertificate')]",
            "dependsOn": [
                "[resourceId('Microsoft.Automation/automationAccounts', parameters('automationAccounts_jnj_md_auto_acct2_name'))]"
            ],
            "properties": {
                "isGlobal": true,
                "fieldDefinitions": {
                    "SubscriptionName": {
                        "isEncrypted": false,
                        "isOptional": false,
                        "type": "System.String"
                    },
                    "SubscriptionId": {
                        "isEncrypted": false,
                        "isOptional": false,
                        "type": "System.String"
                    },
                    "CertificateAssetName": {
                        "isEncrypted": false,
                        "isOptional": false,
                        "type": "System.String"
                    }
                }
            }
        },
        {
            "type": "Microsoft.Automation/automationAccounts/connectionTypes",
            "apiVersion": "2023-11-01",
            "name": "[concat(parameters('automationAccounts_jnj_md_auto_acct2_name'), '/AzureServicePrincipal')]",
            "dependsOn": [
                "[resourceId('Microsoft.Automation/automationAccounts', parameters('automationAccounts_jnj_md_auto_acct2_name'))]"
            ],
            "properties": {
                "isGlobal": true,
                "fieldDefinitions": {
                    "ApplicationId": {
                        "isEncrypted": false,
                        "isOptional": false,
                        "type": "System.String"
                    },
                    "TenantId": {
                        "isEncrypted": false,
                        "isOptional": false,
                        "type": "System.String"
                    },
                    "CertificateThumbprint": {
                        "isEncrypted": false,
                        "isOptional": false,
                        "type": "System.String"
                    },
                    "SubscriptionId": {
                        "isEncrypted": false,
                        "isOptional": false,
                        "type": "System.String"
                    }
                }
            }
        },
        {
            "type": "Microsoft.Automation/automationAccounts/jobSchedules",
            "apiVersion": "2023-11-01",
            "name": "[concat(parameters('automationAccounts_jnj_md_auto_acct2_name'), '/2cc8f5b3-43cb-4be3-8565-a708d58f06cf')]",
            "dependsOn": [
                "[resourceId('Microsoft.Automation/automationAccounts', parameters('automationAccounts_jnj_md_auto_acct2_name'))]"
            ],
            "properties": {
                "runbook": {
                    "name": "AutoStop_CreateAlert_Parent"
                },
                "schedule": {
                    "name": "Schedule_AutoStop_CreateAlert_Parent"
                }
            }
        },
        {
            "type": "Microsoft.Automation/automationAccounts/jobSchedules",
            "apiVersion": "2023-11-01",
            "name": "[concat(parameters('automationAccounts_jnj_md_auto_acct2_name'), '/4846a8a2-0eb2-4ddc-8ffb-38f605ef4e19')]",
            "dependsOn": [
                "[resourceId('Microsoft.Automation/automationAccounts', parameters('automationAccounts_jnj_md_auto_acct2_name'))]"
            ],
            "properties": {
                "runbook": {
                    "name": "ScheduledStartStop_Parent"
                },
                "schedule": {
                    "name": "Scheduled-StopVM"
                }
            }
        },
        {
            "type": "Microsoft.Automation/automationAccounts/jobSchedules",
            "apiVersion": "2023-11-01",
            "name": "[concat(parameters('automationAccounts_jnj_md_auto_acct2_name'), '/652ccf53-f050-43fa-ba1d-8ceeb9c77653')]",
            "dependsOn": [
                "[resourceId('Microsoft.Automation/automationAccounts', parameters('automationAccounts_jnj_md_auto_acct2_name'))]"
            ],
            "properties": {
                "runbook": {
                    "name": "SequencedStartStop_Parent"
                },
                "schedule": {
                    "name": "Sequenced-StartVM"
                }
            }
        },
        {
            "type": "Microsoft.Automation/automationAccounts/jobSchedules",
            "apiVersion": "2023-11-01",
            "name": "[concat(parameters('automationAccounts_jnj_md_auto_acct2_name'), '/c1f5f662-0f4a-44a9-9338-52a84dfbb229')]",
            "dependsOn": [
                "[resourceId('Microsoft.Automation/automationAccounts', parameters('automationAccounts_jnj_md_auto_acct2_name'))]"
            ],
            "properties": {
                "runbook": {
                    "name": "SequencedStartStop_Parent"
                },
                "schedule": {
                    "name": "Sequenced-StopVM"
                }
            }
        },
        {
            "type": "Microsoft.Automation/automationAccounts/jobSchedules",
            "apiVersion": "2023-11-01",
            "name": "[concat(parameters('automationAccounts_jnj_md_auto_acct2_name'), '/ee3670c0-f1c5-444f-8901-c0e218c508b1')]",
            "dependsOn": [
                "[resourceId('Microsoft.Automation/automationAccounts', parameters('automationAccounts_jnj_md_auto_acct2_name'))]"
            ],
            "properties": {
                "runbook": {
                    "name": "ScheduledStartStop_Parent"
                },
                "schedule": {
                    "name": "Scheduled-StartVM"
                }
            }
        },
        {
            "type": "Microsoft.Automation/automationAccounts/modules",
            "apiVersion": "2023-11-01",
            "name": "[concat(parameters('automationAccounts_jnj_md_auto_acct2_name'), '/AuditPolicyDsc')]",
            "dependsOn": [
                "[resourceId('Microsoft.Automation/automationAccounts', parameters('automationAccounts_jnj_md_auto_acct2_name'))]"
            ],
            "properties": {
                "contentLink": {}
            }
        },
        {
            "type": "Microsoft.Automation/automationAccounts/modules",
            "apiVersion": "2023-11-01",
            "name": "[concat(parameters('automationAccounts_jnj_md_auto_acct2_name'), '/Az.Accounts')]",
            "dependsOn": [
                "[resourceId('Microsoft.Automation/automationAccounts', parameters('automationAccounts_jnj_md_auto_acct2_name'))]"
            ],
            "properties": {
                "contentLink": {}
            }
        },
        {
            "type": "Microsoft.Automation/automationAccounts/modules",
            "apiVersion": "2023-11-01",
            "name": "[concat(parameters('automationAccounts_jnj_md_auto_acct2_name'), '/Az.Automation')]",
            "dependsOn": [
                "[resourceId('Microsoft.Automation/automationAccounts', parameters('automationAccounts_jnj_md_auto_acct2_name'))]"
            ],
            "properties": {
                "contentLink": {}
            }
        },
        {
            "type": "Microsoft.Automation/automationAccounts/modules",
            "apiVersion": "2023-11-01",
            "name": "[concat(parameters('automationAccounts_jnj_md_auto_acct2_name'), '/Az.Compute')]",
            "dependsOn": [
                "[resourceId('Microsoft.Automation/automationAccounts', parameters('automationAccounts_jnj_md_auto_acct2_name'))]"
            ],
            "properties": {
                "contentLink": {}
            }
        },
        {
            "type": "Microsoft.Automation/automationAccounts/modules",
            "apiVersion": "2023-11-01",
            "name": "[concat(parameters('automationAccounts_jnj_md_auto_acct2_name'), '/Az.Insights')]",
            "dependsOn": [
                "[resourceId('Microsoft.Automation/automationAccounts', parameters('automationAccounts_jnj_md_auto_acct2_name'))]"
            ],
            "properties": {
                "contentLink": {}
            }
        },
        {
            "type": "Microsoft.Automation/automationAccounts/modules",
            "apiVersion": "2023-11-01",
            "name": "[concat(parameters('automationAccounts_jnj_md_auto_acct2_name'), '/Az.Monitor')]",
            "dependsOn": [
                "[resourceId('Microsoft.Automation/automationAccounts', parameters('automationAccounts_jnj_md_auto_acct2_name'))]"
            ],
            "properties": {
                "contentLink": {}
            }
        },
        {
            "type": "Microsoft.Automation/automationAccounts/modules",
            "apiVersion": "2023-11-01",
            "name": "[concat(parameters('automationAccounts_jnj_md_auto_acct2_name'), '/Az.OperationalInsights')]",
            "dependsOn": [
                "[resourceId('Microsoft.Automation/automationAccounts', parameters('automationAccounts_jnj_md_auto_acct2_name'))]"
            ],
            "properties": {
                "contentLink": {}
            }
        },
        {
            "type": "Microsoft.Automation/automationAccounts/modules",
            "apiVersion": "2023-11-01",
            "name": "[concat(parameters('automationAccounts_jnj_md_auto_acct2_name'), '/Az.Profile')]",
            "dependsOn": [
                "[resourceId('Microsoft.Automation/automationAccounts', parameters('automationAccounts_jnj_md_auto_acct2_name'))]"
            ],
            "properties": {
                "contentLink": {}
            }
        },
        {
            "type": "Microsoft.Automation/automationAccounts/modules",
            "apiVersion": "2023-11-01",
            "name": "[concat(parameters('automationAccounts_jnj_md_auto_acct2_name'), '/Az.ResourceGraph')]",
            "dependsOn": [
                "[resourceId('Microsoft.Automation/automationAccounts', parameters('automationAccounts_jnj_md_auto_acct2_name'))]"
            ],
            "properties": {
                "contentLink": {}
            }
        },
        {
            "type": "Microsoft.Automation/automationAccounts/modules",
            "apiVersion": "2023-11-01",
            "name": "[concat(parameters('automationAccounts_jnj_md_auto_acct2_name'), '/Az.Resources')]",
            "dependsOn": [
                "[resourceId('Microsoft.Automation/automationAccounts', parameters('automationAccounts_jnj_md_auto_acct2_name'))]"
            ],
            "properties": {
                "contentLink": {}
            }
        },
        {
            "type": "Microsoft.Automation/automationAccounts/modules",
            "apiVersion": "2023-11-01",
            "name": "[concat(parameters('automationAccounts_jnj_md_auto_acct2_name'), '/Az.Storage')]",
            "dependsOn": [
                "[resourceId('Microsoft.Automation/automationAccounts', parameters('automationAccounts_jnj_md_auto_acct2_name'))]"
            ],
            "properties": {
                "contentLink": {}
            }
        },
        {
            "type": "Microsoft.Automation/automationAccounts/modules",
            "apiVersion": "2023-11-01",
            "name": "[concat(parameters('automationAccounts_jnj_md_auto_acct2_name'), '/Azure')]",
            "dependsOn": [
                "[resourceId('Microsoft.Automation/automationAccounts', parameters('automationAccounts_jnj_md_auto_acct2_name'))]"
            ],
            "properties": {
                "contentLink": {}
            }
        },
        {
            "type": "Microsoft.Automation/automationAccounts/modules",
            "apiVersion": "2023-11-01",
            "name": "[concat(parameters('automationAccounts_jnj_md_auto_acct2_name'), '/Azure.Storage')]",
            "dependsOn": [
                "[resourceId('Microsoft.Automation/automationAccounts', parameters('automationAccounts_jnj_md_auto_acct2_name'))]"
            ],
            "properties": {
                "contentLink": {}
            }
        },
        {
            "type": "Microsoft.Automation/automationAccounts/modules",
            "apiVersion": "2023-11-01",
            "name": "[concat(parameters('automationAccounts_jnj_md_auto_acct2_name'), '/AzureRM.Automation')]",
            "dependsOn": [
                "[resourceId('Microsoft.Automation/automationAccounts', parameters('automationAccounts_jnj_md_auto_acct2_name'))]"
            ],
            "properties": {
                "contentLink": {}
            }
        },
        {
            "type": "Microsoft.Automation/automationAccounts/modules",
            "apiVersion": "2023-11-01",
            "name": "[concat(parameters('automationAccounts_jnj_md_auto_acct2_name'), '/AzureRM.Compute')]",
            "dependsOn": [
                "[resourceId('Microsoft.Automation/automationAccounts', parameters('automationAccounts_jnj_md_auto_acct2_name'))]"
            ],
            "properties": {
                "contentLink": {}
            }
        },
        {
            "type": "Microsoft.Automation/automationAccounts/modules",
            "apiVersion": "2023-11-01",
            "name": "[concat(parameters('automationAccounts_jnj_md_auto_acct2_name'), '/AzureRM.Profile')]",
            "dependsOn": [
                "[resourceId('Microsoft.Automation/automationAccounts', parameters('automationAccounts_jnj_md_auto_acct2_name'))]"
            ],
            "properties": {
                "contentLink": {}
            }
        },
        {
            "type": "Microsoft.Automation/automationAccounts/modules",
            "apiVersion": "2023-11-01",
            "name": "[concat(parameters('automationAccounts_jnj_md_auto_acct2_name'), '/AzureRM.Resources')]",
            "dependsOn": [
                "[resourceId('Microsoft.Automation/automationAccounts', parameters('automationAccounts_jnj_md_auto_acct2_name'))]"
            ],
            "properties": {
                "contentLink": {}
            }
        },
        {
            "type": "Microsoft.Automation/automationAccounts/modules",
            "apiVersion": "2023-11-01",
            "name": "[concat(parameters('automationAccounts_jnj_md_auto_acct2_name'), '/AzureRM.Sql')]",
            "dependsOn": [
                "[resourceId('Microsoft.Automation/automationAccounts', parameters('automationAccounts_jnj_md_auto_acct2_name'))]"
            ],
            "properties": {
                "contentLink": {}
            }
        },
        {
            "type": "Microsoft.Automation/automationAccounts/modules",
            "apiVersion": "2023-11-01",
            "name": "[concat(parameters('automationAccounts_jnj_md_auto_acct2_name'), '/AzureRM.Storage')]",
            "dependsOn": [
                "[resourceId('Microsoft.Automation/automationAccounts', parameters('automationAccounts_jnj_md_auto_acct2_name'))]"
            ],
            "properties": {
                "contentLink": {}
            }
        },
        {
            "type": "Microsoft.Automation/automationAccounts/modules",
            "apiVersion": "2023-11-01",
            "name": "[concat(parameters('automationAccounts_jnj_md_auto_acct2_name'), '/ComputerManagementDsc')]",
            "dependsOn": [
                "[resourceId('Microsoft.Automation/automationAccounts', parameters('automationAccounts_jnj_md_auto_acct2_name'))]"
            ],
            "properties": {
                "contentLink": {}
            }
        },
        {
            "type": "Microsoft.Automation/automationAccounts/modules",
            "apiVersion": "2023-11-01",
            "name": "[concat(parameters('automationAccounts_jnj_md_auto_acct2_name'), '/GPRegistryPolicyParser')]",
            "dependsOn": [
                "[resourceId('Microsoft.Automation/automationAccounts', parameters('automationAccounts_jnj_md_auto_acct2_name'))]"
            ],
            "properties": {
                "contentLink": {}
            }
        },
        {
            "type": "Microsoft.Automation/automationAccounts/modules",
            "apiVersion": "2023-11-01",
            "name": "[concat(parameters('automationAccounts_jnj_md_auto_acct2_name'), '/Microsoft.PowerShell.Core')]",
            "dependsOn": [
                "[resourceId('Microsoft.Automation/automationAccounts', parameters('automationAccounts_jnj_md_auto_acct2_name'))]"
            ],
            "properties": {
                "contentLink": {}
            }
        },
        {
            "type": "Microsoft.Automation/automationAccounts/modules",
            "apiVersion": "2023-11-01",
            "name": "[concat(parameters('automationAccounts_jnj_md_auto_acct2_name'), '/Microsoft.PowerShell.Diagnostics')]",
            "dependsOn": [
                "[resourceId('Microsoft.Automation/automationAccounts', parameters('automationAccounts_jnj_md_auto_acct2_name'))]"
            ],
            "properties": {
                "contentLink": {}
            }
        },
        {
            "type": "Microsoft.Automation/automationAccounts/modules",
            "apiVersion": "2023-11-01",
            "name": "[concat(parameters('automationAccounts_jnj_md_auto_acct2_name'), '/Microsoft.PowerShell.Management')]",
            "dependsOn": [
                "[resourceId('Microsoft.Automation/automationAccounts', parameters('automationAccounts_jnj_md_auto_acct2_name'))]"
            ],
            "properties": {
                "contentLink": {}
            }
        },
        {
            "type": "Microsoft.Automation/automationAccounts/modules",
            "apiVersion": "2023-11-01",
            "name": "[concat(parameters('automationAccounts_jnj_md_auto_acct2_name'), '/Microsoft.PowerShell.Security')]",
            "dependsOn": [
                "[resourceId('Microsoft.Automation/automationAccounts', parameters('automationAccounts_jnj_md_auto_acct2_name'))]"
            ],
            "properties": {
                "contentLink": {}
            }
        },
        {
            "type": "Microsoft.Automation/automationAccounts/modules",
            "apiVersion": "2023-11-01",
            "name": "[concat(parameters('automationAccounts_jnj_md_auto_acct2_name'), '/Microsoft.PowerShell.Utility')]",
            "dependsOn": [
                "[resourceId('Microsoft.Automation/automationAccounts', parameters('automationAccounts_jnj_md_auto_acct2_name'))]"
            ],
            "properties": {
                "contentLink": {}
            }
        },
        {
            "type": "Microsoft.Automation/automationAccounts/modules",
            "apiVersion": "2023-11-01",
            "name": "[concat(parameters('automationAccounts_jnj_md_auto_acct2_name'), '/Microsoft.WSMan.Management')]",
            "dependsOn": [
                "[resourceId('Microsoft.Automation/automationAccounts', parameters('automationAccounts_jnj_md_auto_acct2_name'))]"
            ],
            "properties": {
                "contentLink": {}
            }
        },
        {
            "type": "Microsoft.Automation/automationAccounts/modules",
            "apiVersion": "2023-11-01",
            "name": "[concat(parameters('automationAccounts_jnj_md_auto_acct2_name'), '/Orchestrator.AssetManagement.Cmdlets')]",
            "dependsOn": [
                "[resourceId('Microsoft.Automation/automationAccounts', parameters('automationAccounts_jnj_md_auto_acct2_name'))]"
            ],
            "properties": {
                "contentLink": {}
            }
        },
        {
            "type": "Microsoft.Automation/automationAccounts/modules",
            "apiVersion": "2023-11-01",
            "name": "[concat(parameters('automationAccounts_jnj_md_auto_acct2_name'), '/PSDscResources')]",
            "dependsOn": [
                "[resourceId('Microsoft.Automation/automationAccounts', parameters('automationAccounts_jnj_md_auto_acct2_name'))]"
            ],
            "properties": {
                "contentLink": {}
            }
        },
        {
            "type": "Microsoft.Automation/automationAccounts/modules",
            "apiVersion": "2023-11-01",
            "name": "[concat(parameters('automationAccounts_jnj_md_auto_acct2_name'), '/SecurityPolicyDsc')]",
            "dependsOn": [
                "[resourceId('Microsoft.Automation/automationAccounts', parameters('automationAccounts_jnj_md_auto_acct2_name'))]"
            ],
            "properties": {
                "contentLink": {}
            }
        },
        {
            "type": "Microsoft.Automation/automationAccounts/modules",
            "apiVersion": "2023-11-01",
            "name": "[concat(parameters('automationAccounts_jnj_md_auto_acct2_name'), '/StateConfigCompositeResources')]",
            "dependsOn": [
                "[resourceId('Microsoft.Automation/automationAccounts', parameters('automationAccounts_jnj_md_auto_acct2_name'))]"
            ],
            "properties": {
                "contentLink": {}
            }
        },
        {
            "type": "Microsoft.Automation/automationAccounts/modules",
            "apiVersion": "2023-11-01",
            "name": "[concat(parameters('automationAccounts_jnj_md_auto_acct2_name'), '/xDSCDomainjoin')]",
            "dependsOn": [
                "[resourceId('Microsoft.Automation/automationAccounts', parameters('automationAccounts_jnj_md_auto_acct2_name'))]"
            ],
            "properties": {
                "contentLink": {}
            }
        },
        {
            "type": "Microsoft.Automation/automationAccounts/modules",
            "apiVersion": "2023-11-01",
            "name": "[concat(parameters('automationAccounts_jnj_md_auto_acct2_name'), '/xPowerShellExecutionPolicy')]",
            "dependsOn": [
                "[resourceId('Microsoft.Automation/automationAccounts', parameters('automationAccounts_jnj_md_auto_acct2_name'))]"
            ],
            "properties": {
                "contentLink": {}
            }
        },
        {
            "type": "Microsoft.Automation/automationAccounts/modules",
            "apiVersion": "2023-11-01",
            "name": "[concat(parameters('automationAccounts_jnj_md_auto_acct2_name'), '/xRemoteDesktopAdmin')]",
            "dependsOn": [
                "[resourceId('Microsoft.Automation/automationAccounts', parameters('automationAccounts_jnj_md_auto_acct2_name'))]"
            ],
            "properties": {
                "contentLink": {}
            }
        },
        {
            "type": "Microsoft.Automation/automationAccounts/runbooks",
            "apiVersion": "2023-11-01",
            "name": "[concat(parameters('automationAccounts_jnj_md_auto_acct2_name'), '/AutoStop_CreateAlert_Child')]",
            "location": "switzerlandnorth",
            "dependsOn": [
                "[resourceId('Microsoft.Automation/automationAccounts', parameters('automationAccounts_jnj_md_auto_acct2_name'))]"
            ],
            "tags": {
                "version": "2.0.0.0"
            },
            "properties": {
                "runbookType": "PowerShell",
                "logVerbose": false,
                "logProgress": false,
                "logActivityTrace": 0
            }
        },
        {
            "type": "Microsoft.Automation/automationAccounts/runbooks",
            "apiVersion": "2023-11-01",
            "name": "[concat(parameters('automationAccounts_jnj_md_auto_acct2_name'), '/AutoStop_CreateAlert_Parent')]",
            "location": "switzerlandnorth",
            "dependsOn": [
                "[resourceId('Microsoft.Automation/automationAccounts', parameters('automationAccounts_jnj_md_auto_acct2_name'))]"
            ],
            "tags": {
                "version": "2.0.0.0"
            },
            "properties": {
                "runbookType": "PowerShell",
                "logVerbose": false,
                "logProgress": false,
                "logActivityTrace": 0
            }
        },
        {
            "type": "Microsoft.Automation/automationAccounts/runbooks",
            "apiVersion": "2023-11-01",
            "name": "[concat(parameters('automationAccounts_jnj_md_auto_acct2_name'), '/AutoStop_Disable')]",
            "location": "switzerlandnorth",
            "dependsOn": [
                "[resourceId('Microsoft.Automation/automationAccounts', parameters('automationAccounts_jnj_md_auto_acct2_name'))]"
            ],
            "tags": {
                "version": "2.0.0.0"
            },
            "properties": {
                "runbookType": "PowerShell",
                "logVerbose": false,
                "logProgress": false,
                "logActivityTrace": 0
            }
        },
        {
            "type": "Microsoft.Automation/automationAccounts/runbooks",
            "apiVersion": "2023-11-01",
            "name": "[concat(parameters('automationAccounts_jnj_md_auto_acct2_name'), '/AutoStop_VM_Child')]",
            "location": "switzerlandnorth",
            "dependsOn": [
                "[resourceId('Microsoft.Automation/automationAccounts', parameters('automationAccounts_jnj_md_auto_acct2_name'))]"
            ],
            "tags": {
                "version": "2.0.0.0"
            },
            "properties": {
                "runbookType": "PowerShell",
                "logVerbose": false,
                "logProgress": false,
                "logActivityTrace": 0
            }
        },
        {
            "type": "Microsoft.Automation/automationAccounts/runbooks",
            "apiVersion": "2023-11-01",
            "name": "[concat(parameters('automationAccounts_jnj_md_auto_acct2_name'), '/AutoStop_VM_Child_ARM')]",
            "location": "switzerlandnorth",
            "dependsOn": [
                "[resourceId('Microsoft.Automation/automationAccounts', parameters('automationAccounts_jnj_md_auto_acct2_name'))]"
            ],
            "tags": {
                "version": "1.0.0.0"
            },
            "properties": {
                "runbookType": "PowerShell",
                "logVerbose": false,
                "logProgress": false,
                "logActivityTrace": 0
            }
        },
        {
            "type": "Microsoft.Automation/automationAccounts/runbooks",
            "apiVersion": "2023-11-01",
            "name": "[concat(parameters('automationAccounts_jnj_md_auto_acct2_name'), '/AzureAutomationTutorial')]",
            "location": "switzerlandnorth",
            "dependsOn": [
                "[resourceId('Microsoft.Automation/automationAccounts', parameters('automationAccounts_jnj_md_auto_acct2_name'))]"
            ],
            "properties": {
                "runbookType": "GraphPowerShell",
                "logVerbose": false,
                "logProgress": false,
                "logActivityTrace": 0
            }
        },
        {
            "type": "Microsoft.Automation/automationAccounts/runbooks",
            "apiVersion": "2023-11-01",
            "name": "[concat(parameters('automationAccounts_jnj_md_auto_acct2_name'), '/AzureAutomationTutorialPython2')]",
            "location": "switzerlandnorth",
            "dependsOn": [
                "[resourceId('Microsoft.Automation/automationAccounts', parameters('automationAccounts_jnj_md_auto_acct2_name'))]"
            ],
            "properties": {
                "runbookType": "Python2",
                "logVerbose": false,
                "logProgress": false,
                "logActivityTrace": 0
            }
        },
        {
            "type": "Microsoft.Automation/automationAccounts/runbooks",
            "apiVersion": "2023-11-01",
            "name": "[concat(parameters('automationAccounts_jnj_md_auto_acct2_name'), '/AzureAutomationTutorialScript')]",
            "location": "switzerlandnorth",
            "dependsOn": [
                "[resourceId('Microsoft.Automation/automationAccounts', parameters('automationAccounts_jnj_md_auto_acct2_name'))]"
            ],
            "properties": {
                "runbookType": "PowerShell",
                "logVerbose": false,
                "logProgress": false,
                "logActivityTrace": 0
            }
        },
        {
            "type": "Microsoft.Automation/automationAccounts/runbooks",
            "apiVersion": "2023-11-01",
            "name": "[concat(parameters('automationAccounts_jnj_md_auto_acct2_name'), '/ScheduledStartStop_Base_Classic')]",
            "location": "switzerlandnorth",
            "dependsOn": [
                "[resourceId('Microsoft.Automation/automationAccounts', parameters('automationAccounts_jnj_md_auto_acct2_name'))]"
            ],
            "tags": {
                "version": "2.0.0.0"
            },
            "properties": {
                "runbookType": "PowerShell",
                "logVerbose": false,
                "logProgress": false,
                "logActivityTrace": 0
            }
        },
        {
            "type": "Microsoft.Automation/automationAccounts/runbooks",
            "apiVersion": "2023-11-01",
            "name": "[concat(parameters('automationAccounts_jnj_md_auto_acct2_name'), '/ScheduledStartStop_Child')]",
            "location": "switzerlandnorth",
            "dependsOn": [
                "[resourceId('Microsoft.Automation/automationAccounts', parameters('automationAccounts_jnj_md_auto_acct2_name'))]"
            ],
            "tags": {
                "version": "2.0.0.0"
            },
            "properties": {
                "runbookType": "PowerShell",
                "logVerbose": false,
                "logProgress": false,
                "logActivityTrace": 0
            }
        },
        {
            "type": "Microsoft.Automation/automationAccounts/runbooks",
            "apiVersion": "2023-11-01",
            "name": "[concat(parameters('automationAccounts_jnj_md_auto_acct2_name'), '/ScheduledStartStop_Child_Classic')]",
            "location": "switzerlandnorth",
            "dependsOn": [
                "[resourceId('Microsoft.Automation/automationAccounts', parameters('automationAccounts_jnj_md_auto_acct2_name'))]"
            ],
            "tags": {
                "version": "2.0.0.0"
            },
            "properties": {
                "runbookType": "PowerShell",
                "logVerbose": false,
                "logProgress": false,
                "logActivityTrace": 0
            }
        },
        {
            "type": "Microsoft.Automation/automationAccounts/runbooks",
            "apiVersion": "2023-11-01",
            "name": "[concat(parameters('automationAccounts_jnj_md_auto_acct2_name'), '/ScheduledStartStop_Parent')]",
            "location": "switzerlandnorth",
            "dependsOn": [
                "[resourceId('Microsoft.Automation/automationAccounts', parameters('automationAccounts_jnj_md_auto_acct2_name'))]"
            ],
            "tags": {
                "version": "2.0.0.0"
            },
            "properties": {
                "runbookType": "PowerShell",
                "logVerbose": false,
                "logProgress": false,
                "logActivityTrace": 0
            }
        },
        {
            "type": "Microsoft.Automation/automationAccounts/runbooks",
            "apiVersion": "2023-11-01",
            "name": "[concat(parameters('automationAccounts_jnj_md_auto_acct2_name'), '/SequencedStartStop_Parent')]",
            "location": "switzerlandnorth",
            "dependsOn": [
                "[resourceId('Microsoft.Automation/automationAccounts', parameters('automationAccounts_jnj_md_auto_acct2_name'))]"
            ],
            "tags": {
                "version": "2.0.0.0"
            },
            "properties": {
                "runbookType": "PowerShell",
                "logVerbose": false,
                "logProgress": false,
                "logActivityTrace": 0
            }
        },
        {
            "type": "Microsoft.Automation/automationAccounts/runtimeEnvironments",
            "apiVersion": "2023-05-15-preview",
            "name": "[concat(parameters('automationAccounts_jnj_md_auto_acct2_name'), '/PowerShell-5.1')]",
            "location": "switzerlandnorth",
            "dependsOn": [
                "[resourceId('Microsoft.Automation/automationAccounts', parameters('automationAccounts_jnj_md_auto_acct2_name'))]"
            ],
            "properties": {
                "runtime": {
                    "language": "PowerShell",
                    "version": "5.1"
                },
                "description": "System-generated Runtime Environment for your Automation account with Runtime language: PowerShell & Runtime version: 5.1. It automatically populates Packages defined for PowerShell 5.1 runtime version in your Automation account. This Runtime environment is non-editable. "
            }
        },
        {
            "type": "Microsoft.Automation/automationAccounts/runtimeEnvironments",
            "apiVersion": "2023-05-15-preview",
            "name": "[concat(parameters('automationAccounts_jnj_md_auto_acct2_name'), '/PowerShell-7.1')]",
            "location": "switzerlandnorth",
            "dependsOn": [
                "[resourceId('Microsoft.Automation/automationAccounts', parameters('automationAccounts_jnj_md_auto_acct2_name'))]"
            ],
            "properties": {
                "runtime": {
                    "language": "PowerShell",
                    "version": "7.1"
                },
                "description": "System-generated Runtime Environment for your Automation account with Runtime language: PowerShell & Runtime version: 7.1. It automatically populates Packages defined for PowerShell 7.1 runtime version in your Automation account. This Runtime environment is non-editable. "
            }
        },
        {
            "type": "Microsoft.Automation/automationAccounts/runtimeEnvironments",
            "apiVersion": "2023-05-15-preview",
            "name": "[concat(parameters('automationAccounts_jnj_md_auto_acct2_name'), '/PowerShell-7.2')]",
            "location": "switzerlandnorth",
            "dependsOn": [
                "[resourceId('Microsoft.Automation/automationAccounts', parameters('automationAccounts_jnj_md_auto_acct2_name'))]"
            ],
            "properties": {
                "runtime": {
                    "language": "PowerShell",
                    "version": "7.2"
                },
                "defaultPackages": {
                    "azure cli": "2.56.0",
                    "az": "8.3.0"
                },
                "description": "System-generated Runtime Environment for your Automation account with Runtime language: PowerShell & Runtime version: 7.2. It automatically populates Packages defined for PowerShell 7.2 runtime version in your Automation account. This Runtime environment is non-editable. "
            }
        },
        {
            "type": "Microsoft.Automation/automationAccounts/runtimeEnvironments",
            "apiVersion": "2023-05-15-preview",
            "name": "[concat(parameters('automationAccounts_jnj_md_auto_acct2_name'), '/Python-2.7')]",
            "location": "switzerlandnorth",
            "dependsOn": [
                "[resourceId('Microsoft.Automation/automationAccounts', parameters('automationAccounts_jnj_md_auto_acct2_name'))]"
            ],
            "properties": {
                "runtime": {
                    "language": "Python",
                    "version": "2.7"
                },
                "description": "System-generated Runtime Environment for your Automation account with Runtime language: Python & Runtime version: 2.7. It automatically populates Packages defined for Python 2.7 runtime version in your Automation account. This Runtime environment is non-editable. "
            }
        },
        {
            "type": "Microsoft.Automation/automationAccounts/runtimeEnvironments",
            "apiVersion": "2023-05-15-preview",
            "name": "[concat(parameters('automationAccounts_jnj_md_auto_acct2_name'), '/Python-3.10')]",
            "location": "switzerlandnorth",
            "dependsOn": [
                "[resourceId('Microsoft.Automation/automationAccounts', parameters('automationAccounts_jnj_md_auto_acct2_name'))]"
            ],
            "properties": {
                "runtime": {
                    "language": "Python",
                    "version": "3.10"
                },
                "description": "System-generated Runtime Environment for your Automation account with Runtime language: Python & Runtime version: 3.10. It automatically populates Packages defined for Python 3.10 runtime version in your Automation account. This Runtime environment is non-editable. "
            }
        },
        {
            "type": "Microsoft.Automation/automationAccounts/runtimeEnvironments",
            "apiVersion": "2023-05-15-preview",
            "name": "[concat(parameters('automationAccounts_jnj_md_auto_acct2_name'), '/Python-3.8')]",
            "location": "switzerlandnorth",
            "dependsOn": [
                "[resourceId('Microsoft.Automation/automationAccounts', parameters('automationAccounts_jnj_md_auto_acct2_name'))]"
            ],
            "properties": {
                "runtime": {
                    "language": "Python",
                    "version": "3.8"
                },
                "description": "System-generated Runtime Environment for your Automation account with Runtime language: Python & Runtime version: 3.8. It automatically populates Packages defined for Python 3.8 runtime version in your Automation account. This Runtime environment is non-editable. "
            }
        },
        {
            "type": "Microsoft.Automation/automationAccounts/schedules",
            "apiVersion": "2023-11-01",
            "name": "[concat(parameters('automationAccounts_jnj_md_auto_acct2_name'), '/Schedule_AutoStop_CreateAlert_Parent')]",
            "dependsOn": [
                "[resourceId('Microsoft.Automation/automationAccounts', parameters('automationAccounts_jnj_md_auto_acct2_name'))]"
            ],
            "properties": {
                "startTime": "2021-09-24T06:29:00+00:00",
                "expiryTime": "2024-09-24T06:29:00+00:00",
                "interval": 8,
                "frequency": "Hour",
                "timeZone": "Etc/UTC"
            }
        },
        {
            "type": "Microsoft.Automation/automationAccounts/schedules",
            "apiVersion": "2023-11-01",
            "name": "[concat(parameters('automationAccounts_jnj_md_auto_acct2_name'), '/Scheduled-StartVM')]",
            "dependsOn": [
                "[resourceId('Microsoft.Automation/automationAccounts', parameters('automationAccounts_jnj_md_auto_acct2_name'))]"
            ],
            "properties": {
                "description": "Schedule for ScheduledStartStop runbook - start action",
                "startTime": "2021-11-03T09:00:00+05:30",
                "expiryTime": "9999-12-31T23:59:59.9999999+00:00",
                "interval": 1,
                "frequency": "Week",
                "timeZone": "Asia/Kolkata",
                "advancedSchedule": {
                    "weekDays": [
                        "Monday"
                    ]
                }
            }
        },
        {
            "type": "Microsoft.Automation/automationAccounts/schedules",
            "apiVersion": "2023-11-01",
            "name": "[concat(parameters('automationAccounts_jnj_md_auto_acct2_name'), '/Scheduled-StopVM')]",
            "dependsOn": [
                "[resourceId('Microsoft.Automation/automationAccounts', parameters('automationAccounts_jnj_md_auto_acct2_name'))]"
            ],
            "properties": {
                "description": "Schedule for ScheduledStartStop runbook - stop action",
                "startTime": "2021-11-03T00:00:00+05:30",
                "expiryTime": "9999-12-31T23:59:59.9999999+00:00",
                "interval": 1,
                "frequency": "Week",
                "timeZone": "Asia/Kolkata",
                "advancedSchedule": {
                    "weekDays": [
                        "Saturday"
                    ]
                }
            }
        },
        {
            "type": "Microsoft.Automation/automationAccounts/schedules",
            "apiVersion": "2023-11-01",
            "name": "[concat(parameters('automationAccounts_jnj_md_auto_acct2_name'), '/Sequenced-StartVM')]",
            "dependsOn": [
                "[resourceId('Microsoft.Automation/automationAccounts', parameters('automationAccounts_jnj_md_auto_acct2_name'))]"
            ],
            "properties": {
                "startTime": "2021-09-25T13:00:00+00:00",
                "expiryTime": "9999-12-31T23:59:00+00:00",
                "interval": 1,
                "frequency": "Week",
                "timeZone": "Etc/UTC",
                "advancedSchedule": {
                    "weekDays": [
                        "Monday"
                    ]
                }
            }
        },
        {
            "type": "Microsoft.Automation/automationAccounts/schedules",
            "apiVersion": "2023-11-01",
            "name": "[concat(parameters('automationAccounts_jnj_md_auto_acct2_name'), '/Sequenced-StopVM')]",
            "dependsOn": [
                "[resourceId('Microsoft.Automation/automationAccounts', parameters('automationAccounts_jnj_md_auto_acct2_name'))]"
            ],
            "properties": {
                "startTime": "2021-09-25T01:00:00+00:00",
                "expiryTime": "9999-12-31T23:59:00+00:00",
                "interval": 1,
                "frequency": "Week",
                "timeZone": "Etc/UTC",
                "advancedSchedule": {
                    "weekDays": [
                        "Friday"
                    ]
                }
            }
        },
        {
            "type": "Microsoft.Automation/automationAccounts/variables",
            "apiVersion": "2023-11-01",
            "name": "[concat(parameters('automationAccounts_jnj_md_auto_acct2_name'), '/External_AutoStop_Condition')]",
            "dependsOn": [
                "[resourceId('Microsoft.Automation/automationAccounts', parameters('automationAccounts_jnj_md_auto_acct2_name'))]"
            ],
            "properties": {
                "isEncrypted": false,
                "value": "\"LessThan\"",
                "description": "This is the conditional operator required for configuring the condition before triggering an alert. Possible values are [GreaterThan, GreaterThanOrEqual, LessThan, LessThanOrEqual]"
            }
        },
        {
            "type": "Microsoft.Automation/automationAccounts/variables",
            "apiVersion": "2023-11-01",
            "name": "[concat(parameters('automationAccounts_jnj_md_auto_acct2_name'), '/External_AutoStop_Description')]",
            "dependsOn": [
                "[resourceId('Microsoft.Automation/automationAccounts', parameters('automationAccounts_jnj_md_auto_acct2_name'))]"
            ],
            "properties": {
                "isEncrypted": false,
                "value": "\"Alert to stop the VM if the CPU % exceed the threshold\"",
                "description": "Alert to stop the VM if the CPU % exceed the threshold"
            }
        },
        {
            "type": "Microsoft.Automation/automationAccounts/variables",
            "apiVersion": "2023-11-01",
            "name": "[concat(parameters('automationAccounts_jnj_md_auto_acct2_name'), '/External_AutoStop_Frequency')]",
            "dependsOn": [
                "[resourceId('Microsoft.Automation/automationAccounts', parameters('automationAccounts_jnj_md_auto_acct2_name'))]"
            ],
            "properties": {
                "isEncrypted": false,
                "value": "\"00:05:00\"",
                "description": "The evaluation frequency for rule. This parameter accepts input in timespan format. Possible values are from 5 mins to 6 hours."
            }
        },
        {
            "type": "Microsoft.Automation/automationAccounts/variables",
            "apiVersion": "2023-11-01",
            "name": "[concat(parameters('automationAccounts_jnj_md_auto_acct2_name'), '/External_AutoStop_MetricName')]",
            "dependsOn": [
                "[resourceId('Microsoft.Automation/automationAccounts', parameters('automationAccounts_jnj_md_auto_acct2_name'))]"
            ],
            "properties": {
                "isEncrypted": false,
                "value": "\"Percentage CPU\"",
                "description": "Name of the metric the Azure Alert rule is to be configured for"
            }
        },
        {
            "type": "Microsoft.Automation/automationAccounts/variables",
            "apiVersion": "2023-11-01",
            "name": "[concat(parameters('automationAccounts_jnj_md_auto_acct2_name'), '/External_AutoStop_Severity')]",
            "dependsOn": [
                "[resourceId('Microsoft.Automation/automationAccounts', parameters('automationAccounts_jnj_md_auto_acct2_name'))]"
            ],
            "properties": {
                "isEncrypted": false,
                "value": "\"2\"",
                "description": "This is the severity for the metric alert."
            }
        },
        {
            "type": "Microsoft.Automation/automationAccounts/variables",
            "apiVersion": "2023-11-01",
            "name": "[concat(parameters('automationAccounts_jnj_md_auto_acct2_name'), '/External_AutoStop_Threshold')]",
            "dependsOn": [
                "[resourceId('Microsoft.Automation/automationAccounts', parameters('automationAccounts_jnj_md_auto_acct2_name'))]"
            ],
            "properties": {
                "isEncrypted": false,
                "value": "\"5\"",
                "description": "Threshold for the Azure Alert rule. Possible percentage values ranging from 1 to 100"
            }
        },
        {
            "type": "Microsoft.Automation/automationAccounts/variables",
            "apiVersion": "2023-11-01",
            "name": "[concat(parameters('automationAccounts_jnj_md_auto_acct2_name'), '/External_AutoStop_TimeAggregationOperator')]",
            "dependsOn": [
                "[resourceId('Microsoft.Automation/automationAccounts', parameters('automationAccounts_jnj_md_auto_acct2_name'))]"
            ],
            "properties": {
                "isEncrypted": false,
                "value": "\"Average\"",
                "description": "The time aggregation operator which will be applied to the selected window size to evaluate the condition. Possible values are [Average, Minimum, Maximum, Total, Last]"
            }
        },
        {
            "type": "Microsoft.Automation/automationAccounts/variables",
            "apiVersion": "2023-11-01",
            "name": "[concat(parameters('automationAccounts_jnj_md_auto_acct2_name'), '/External_AutoStop_TimeWindow')]",
            "dependsOn": [
                "[resourceId('Microsoft.Automation/automationAccounts', parameters('automationAccounts_jnj_md_auto_acct2_name'))]"
            ],
            "properties": {
                "isEncrypted": false,
                "value": "\"06:00:00\"",
                "description": "The window size over which Azure will analyze selected metric for triggering an alert. This parameter accepts input in timespan format. Possible values are from 5 mins to 6 hours."
            }
        },
        {
            "type": "Microsoft.Automation/automationAccounts/variables",
            "apiVersion": "2023-11-01",
            "name": "[concat(parameters('automationAccounts_jnj_md_auto_acct2_name'), '/External_EnableClassicVMs')]",
            "dependsOn": [
                "[resourceId('Microsoft.Automation/automationAccounts', parameters('automationAccounts_jnj_md_auto_acct2_name'))]"
            ],
            "properties": {
                "isEncrypted": false,
                "value": "true",
                "description": "True - for all the customers as part of the deployment, False - for CSP customers"
            }
        },
        {
            "type": "Microsoft.Automation/automationAccounts/variables",
            "apiVersion": "2023-11-01",
            "name": "[concat(parameters('automationAccounts_jnj_md_auto_acct2_name'), '/External_ExcludeVMNames')]",
            "dependsOn": [
                "[resourceId('Microsoft.Automation/automationAccounts', parameters('automationAccounts_jnj_md_auto_acct2_name'))]"
            ],
            "properties": {
                "isEncrypted": false,
                "value": "\"none\"",
                "description": "Excluded VMs as comma separated list: vm1,vm2,vm3. Values are case-sensitive. Please keep the default value as none if the exclude list are empty"
            }
        },
        {
            "type": "Microsoft.Automation/automationAccounts/variables",
            "apiVersion": "2023-11-01",
            "name": "[concat(parameters('automationAccounts_jnj_md_auto_acct2_name'), '/External_Start_ResourceGroupNames')]",
            "dependsOn": [
                "[resourceId('Microsoft.Automation/automationAccounts', parameters('automationAccounts_jnj_md_auto_acct2_name'))]"
            ],
            "properties": {
                "isEncrypted": false,
                "value": "\"*\"",
                "description": "Resource groups (as comma separated) targeted for start action: rg1,rg2,rg3. Please keep the default value as * if no RGs provided."
            }
        },
        {
            "type": "Microsoft.Automation/automationAccounts/variables",
            "apiVersion": "2023-11-01",
            "name": "[concat(parameters('automationAccounts_jnj_md_auto_acct2_name'), '/External_Stop_ResourceGroupNames')]",
            "dependsOn": [
                "[resourceId('Microsoft.Automation/automationAccounts', parameters('automationAccounts_jnj_md_auto_acct2_name'))]"
            ],
            "properties": {
                "isEncrypted": false,
                "value": "\"*\"",
                "description": "Resource groups (as comma separated) targeted for stop action: rg1,rg2,rg3. Please keep the default value as * if no RGs provided."
            }
        },
        {
            "type": "Microsoft.Automation/automationAccounts/variables",
            "apiVersion": "2023-11-01",
            "name": "[concat(parameters('automationAccounts_jnj_md_auto_acct2_name'), '/External_WaitTimeForVMRetryInSeconds')]",
            "dependsOn": [
                "[resourceId('Microsoft.Automation/automationAccounts', parameters('automationAccounts_jnj_md_auto_acct2_name'))]"
            ],
            "properties": {
                "isEncrypted": false,
                "value": "\"2100\"",
                "description": "The wait time in seconds for the actions to be performed on the VMs for the Sequenced start/stop runbook."
            }
        },
        {
            "type": "Microsoft.Automation/automationAccounts/variables",
            "apiVersion": "2023-11-01",
            "name": "[concat(parameters('automationAccounts_jnj_md_auto_acct2_name'), '/Internal_AutomationAccountName')]",
            "dependsOn": [
                "[resourceId('Microsoft.Automation/automationAccounts', parameters('automationAccounts_jnj_md_auto_acct2_name'))]"
            ],
            "properties": {
                "isEncrypted": false,
                "value": "\"jnj-md-auto-acct2\"",
                "description": "Azure Automation Account Name"
            }
        },
        {
            "type": "Microsoft.Automation/automationAccounts/variables",
            "apiVersion": "2023-11-01",
            "name": "[concat(parameters('automationAccounts_jnj_md_auto_acct2_name'), '/Internal_AutoSnooze_ARM_WebhookUri')]",
            "dependsOn": [
                "[resourceId('Microsoft.Automation/automationAccounts', parameters('automationAccounts_jnj_md_auto_acct2_name'))]"
            ],
            "properties": {
                "isEncrypted": false,
                "value": "\"https://8aeaba12-b845-4abb-98c3-1be80d79dbe3.webhook.stzn.azure-automation.net/webhooks?token=ebl2JrYy3dIW9cAmvNq9NNpOlXP%2feYGQzWWf%2bfWrilk%3d\""
            }
        },
        {
            "type": "Microsoft.Automation/automationAccounts/variables",
            "apiVersion": "2023-11-01",
            "name": "[concat(parameters('automationAccounts_jnj_md_auto_acct2_name'), '/Internal_AutoSnooze_WebhookUri')]",
            "dependsOn": [
                "[resourceId('Microsoft.Automation/automationAccounts', parameters('automationAccounts_jnj_md_auto_acct2_name'))]"
            ],
            "properties": {
                "isEncrypted": false,
                "value": "\"https://8aeaba12-b845-4abb-98c3-1be80d79dbe3.webhook.stzn.azure-automation.net/webhooks?token=PyVEyuSeBztbd4xhazO8HOil2QvcfIFuJCTpWJDmCHQ%3d\""
            }
        },
        {
            "type": "Microsoft.Automation/automationAccounts/variables",
            "apiVersion": "2023-11-01",
            "name": "[concat(parameters('automationAccounts_jnj_md_auto_acct2_name'), '/Internal_AzureSubscriptionId')]",
            "dependsOn": [
                "[resourceId('Microsoft.Automation/automationAccounts', parameters('automationAccounts_jnj_md_auto_acct2_name'))]"
            ],
            "properties": {
                "isEncrypted": true,
                "description": "Azure Subscription Id"
            }
        },
        {
            "type": "Microsoft.Automation/automationAccounts/variables",
            "apiVersion": "2023-11-01",
            "name": "[concat(parameters('automationAccounts_jnj_md_auto_acct2_name'), '/Internal_ResourceGroupName')]",
            "dependsOn": [
                "[resourceId('Microsoft.Automation/automationAccounts', parameters('automationAccounts_jnj_md_auto_acct2_name'))]"
            ],
            "properties": {
                "isEncrypted": false,
                "value": "\"jnj-md-common-rg\"",
                "description": "Azure Automation Account resource group name"
            }
        },
        {
            "type": "Microsoft.Automation/automationAccounts/runtimeEnvironments/packages",
            "apiVersion": "2023-05-15-preview",
            "name": "[concat(parameters('automationAccounts_jnj_md_auto_acct2_name'), '/PowerShell-5.1/AuditPolicyDsc')]",
            "location": "switzerlandnorth",
            "dependsOn": [
                "[resourceId('Microsoft.Automation/automationAccounts/runtimeEnvironments', parameters('automationAccounts_jnj_md_auto_acct2_name'), 'PowerShell-5.1')]",
                "[resourceId('Microsoft.Automation/automationAccounts', parameters('automationAccounts_jnj_md_auto_acct2_name'))]"
            ],
            "properties": {
                "contentLink": {}
            }
        },
        {
            "type": "Microsoft.Automation/automationAccounts/runtimeEnvironments/packages",
            "apiVersion": "2023-05-15-preview",
            "name": "[concat(parameters('automationAccounts_jnj_md_auto_acct2_name'), '/PowerShell-5.1/Az.Accounts')]",
            "location": "switzerlandnorth",
            "dependsOn": [
                "[resourceId('Microsoft.Automation/automationAccounts/runtimeEnvironments', parameters('automationAccounts_jnj_md_auto_acct2_name'), 'PowerShell-5.1')]",
                "[resourceId('Microsoft.Automation/automationAccounts', parameters('automationAccounts_jnj_md_auto_acct2_name'))]"
            ],
            "properties": {
                "contentLink": {}
            }
        },
        {
            "type": "Microsoft.Automation/automationAccounts/runtimeEnvironments/packages",
            "apiVersion": "2023-05-15-preview",
            "name": "[concat(parameters('automationAccounts_jnj_md_auto_acct2_name'), '/PowerShell-5.1/Az.Automation')]",
            "location": "switzerlandnorth",
            "dependsOn": [
                "[resourceId('Microsoft.Automation/automationAccounts/runtimeEnvironments', parameters('automationAccounts_jnj_md_auto_acct2_name'), 'PowerShell-5.1')]",
                "[resourceId('Microsoft.Automation/automationAccounts', parameters('automationAccounts_jnj_md_auto_acct2_name'))]"
            ],
            "properties": {
                "contentLink": {}
            }
        },
        {
            "type": "Microsoft.Automation/automationAccounts/runtimeEnvironments/packages",
            "apiVersion": "2023-05-15-preview",
            "name": "[concat(parameters('automationAccounts_jnj_md_auto_acct2_name'), '/PowerShell-5.1/Az.Compute')]",
            "location": "switzerlandnorth",
            "dependsOn": [
                "[resourceId('Microsoft.Automation/automationAccounts/runtimeEnvironments', parameters('automationAccounts_jnj_md_auto_acct2_name'), 'PowerShell-5.1')]",
                "[resourceId('Microsoft.Automation/automationAccounts', parameters('automationAccounts_jnj_md_auto_acct2_name'))]"
            ],
            "properties": {
                "contentLink": {}
            }
        },
        {
            "type": "Microsoft.Automation/automationAccounts/runtimeEnvironments/packages",
            "apiVersion": "2023-05-15-preview",
            "name": "[concat(parameters('automationAccounts_jnj_md_auto_acct2_name'), '/PowerShell-5.1/Az.Insights')]",
            "location": "switzerlandnorth",
            "dependsOn": [
                "[resourceId('Microsoft.Automation/automationAccounts/runtimeEnvironments', parameters('automationAccounts_jnj_md_auto_acct2_name'), 'PowerShell-5.1')]",
                "[resourceId('Microsoft.Automation/automationAccounts', parameters('automationAccounts_jnj_md_auto_acct2_name'))]"
            ],
            "properties": {
                "contentLink": {}
            }
        },
        {
            "type": "Microsoft.Automation/automationAccounts/runtimeEnvironments/packages",
            "apiVersion": "2023-05-15-preview",
            "name": "[concat(parameters('automationAccounts_jnj_md_auto_acct2_name'), '/PowerShell-5.1/Az.Monitor')]",
            "location": "switzerlandnorth",
            "dependsOn": [
                "[resourceId('Microsoft.Automation/automationAccounts/runtimeEnvironments', parameters('automationAccounts_jnj_md_auto_acct2_name'), 'PowerShell-5.1')]",
                "[resourceId('Microsoft.Automation/automationAccounts', parameters('automationAccounts_jnj_md_auto_acct2_name'))]"
            ],
            "properties": {
                "contentLink": {}
            }
        },
        {
            "type": "Microsoft.Automation/automationAccounts/runtimeEnvironments/packages",
            "apiVersion": "2023-05-15-preview",
            "name": "[concat(parameters('automationAccounts_jnj_md_auto_acct2_name'), '/PowerShell-5.1/Az.OperationalInsights')]",
            "location": "switzerlandnorth",
            "dependsOn": [
                "[resourceId('Microsoft.Automation/automationAccounts/runtimeEnvironments', parameters('automationAccounts_jnj_md_auto_acct2_name'), 'PowerShell-5.1')]",
                "[resourceId('Microsoft.Automation/automationAccounts', parameters('automationAccounts_jnj_md_auto_acct2_name'))]"
            ],
            "properties": {
                "contentLink": {}
            }
        },
        {
            "type": "Microsoft.Automation/automationAccounts/runtimeEnvironments/packages",
            "apiVersion": "2023-05-15-preview",
            "name": "[concat(parameters('automationAccounts_jnj_md_auto_acct2_name'), '/PowerShell-5.1/Az.Profile')]",
            "location": "switzerlandnorth",
            "dependsOn": [
                "[resourceId('Microsoft.Automation/automationAccounts/runtimeEnvironments', parameters('automationAccounts_jnj_md_auto_acct2_name'), 'PowerShell-5.1')]",
                "[resourceId('Microsoft.Automation/automationAccounts', parameters('automationAccounts_jnj_md_auto_acct2_name'))]"
            ],
            "properties": {
                "contentLink": {}
            }
        },
        {
            "type": "Microsoft.Automation/automationAccounts/runtimeEnvironments/packages",
            "apiVersion": "2023-05-15-preview",
            "name": "[concat(parameters('automationAccounts_jnj_md_auto_acct2_name'), '/PowerShell-5.1/Az.ResourceGraph')]",
            "location": "switzerlandnorth",
            "dependsOn": [
                "[resourceId('Microsoft.Automation/automationAccounts/runtimeEnvironments', parameters('automationAccounts_jnj_md_auto_acct2_name'), 'PowerShell-5.1')]",
                "[resourceId('Microsoft.Automation/automationAccounts', parameters('automationAccounts_jnj_md_auto_acct2_name'))]"
            ],
            "properties": {
                "contentLink": {}
            }
        },
        {
            "type": "Microsoft.Automation/automationAccounts/runtimeEnvironments/packages",
            "apiVersion": "2023-05-15-preview",
            "name": "[concat(parameters('automationAccounts_jnj_md_auto_acct2_name'), '/PowerShell-5.1/Az.Resources')]",
            "location": "switzerlandnorth",
            "dependsOn": [
                "[resourceId('Microsoft.Automation/automationAccounts/runtimeEnvironments', parameters('automationAccounts_jnj_md_auto_acct2_name'), 'PowerShell-5.1')]",
                "[resourceId('Microsoft.Automation/automationAccounts', parameters('automationAccounts_jnj_md_auto_acct2_name'))]"
            ],
            "properties": {
                "contentLink": {}
            }
        },
        {
            "type": "Microsoft.Automation/automationAccounts/runtimeEnvironments/packages",
            "apiVersion": "2023-05-15-preview",
            "name": "[concat(parameters('automationAccounts_jnj_md_auto_acct2_name'), '/PowerShell-5.1/Az.Storage')]",
            "location": "switzerlandnorth",
            "dependsOn": [
                "[resourceId('Microsoft.Automation/automationAccounts/runtimeEnvironments', parameters('automationAccounts_jnj_md_auto_acct2_name'), 'PowerShell-5.1')]",
                "[resourceId('Microsoft.Automation/automationAccounts', parameters('automationAccounts_jnj_md_auto_acct2_name'))]"
            ],
            "properties": {
                "contentLink": {}
            }
        },
        {
            "type": "Microsoft.Automation/automationAccounts/runtimeEnvironments/packages",
            "apiVersion": "2023-05-15-preview",
            "name": "[concat(parameters('automationAccounts_jnj_md_auto_acct2_name'), '/PowerShell-5.1/Azure')]",
            "location": "switzerlandnorth",
            "dependsOn": [
                "[resourceId('Microsoft.Automation/automationAccounts/runtimeEnvironments', parameters('automationAccounts_jnj_md_auto_acct2_name'), 'PowerShell-5.1')]",
                "[resourceId('Microsoft.Automation/automationAccounts', parameters('automationAccounts_jnj_md_auto_acct2_name'))]"
            ],
            "properties": {
                "contentLink": {}
            }
        },
        {
            "type": "Microsoft.Automation/automationAccounts/runtimeEnvironments/packages",
            "apiVersion": "2023-05-15-preview",
            "name": "[concat(parameters('automationAccounts_jnj_md_auto_acct2_name'), '/PowerShell-5.1/Azure.Storage')]",
            "location": "switzerlandnorth",
            "dependsOn": [
                "[resourceId('Microsoft.Automation/automationAccounts/runtimeEnvironments', parameters('automationAccounts_jnj_md_auto_acct2_name'), 'PowerShell-5.1')]",
                "[resourceId('Microsoft.Automation/automationAccounts', parameters('automationAccounts_jnj_md_auto_acct2_name'))]"
            ],
            "properties": {
                "contentLink": {}
            }
        },
        {
            "type": "Microsoft.Automation/automationAccounts/runtimeEnvironments/packages",
            "apiVersion": "2023-05-15-preview",
            "name": "[concat(parameters('automationAccounts_jnj_md_auto_acct2_name'), '/PowerShell-5.1/AzureRM.Automation')]",
            "location": "switzerlandnorth",
            "dependsOn": [
                "[resourceId('Microsoft.Automation/automationAccounts/runtimeEnvironments', parameters('automationAccounts_jnj_md_auto_acct2_name'), 'PowerShell-5.1')]",
                "[resourceId('Microsoft.Automation/automationAccounts', parameters('automationAccounts_jnj_md_auto_acct2_name'))]"
            ],
            "properties": {
                "contentLink": {}
            }
        },
        {
            "type": "Microsoft.Automation/automationAccounts/runtimeEnvironments/packages",
            "apiVersion": "2023-05-15-preview",
            "name": "[concat(parameters('automationAccounts_jnj_md_auto_acct2_name'), '/PowerShell-5.1/AzureRM.Compute')]",
            "location": "switzerlandnorth",
            "dependsOn": [
                "[resourceId('Microsoft.Automation/automationAccounts/runtimeEnvironments', parameters('automationAccounts_jnj_md_auto_acct2_name'), 'PowerShell-5.1')]",
                "[resourceId('Microsoft.Automation/automationAccounts', parameters('automationAccounts_jnj_md_auto_acct2_name'))]"
            ],
            "properties": {
                "contentLink": {}
            }
        },
        {
            "type": "Microsoft.Automation/automationAccounts/runtimeEnvironments/packages",
            "apiVersion": "2023-05-15-preview",
            "name": "[concat(parameters('automationAccounts_jnj_md_auto_acct2_name'), '/PowerShell-5.1/AzureRM.Profile')]",
            "location": "switzerlandnorth",
            "dependsOn": [
                "[resourceId('Microsoft.Automation/automationAccounts/runtimeEnvironments', parameters('automationAccounts_jnj_md_auto_acct2_name'), 'PowerShell-5.1')]",
                "[resourceId('Microsoft.Automation/automationAccounts', parameters('automationAccounts_jnj_md_auto_acct2_name'))]"
            ],
            "properties": {
                "contentLink": {}
            }
        },
        {
            "type": "Microsoft.Automation/automationAccounts/runtimeEnvironments/packages",
            "apiVersion": "2023-05-15-preview",
            "name": "[concat(parameters('automationAccounts_jnj_md_auto_acct2_name'), '/PowerShell-5.1/AzureRM.Resources')]",
            "location": "switzerlandnorth",
            "dependsOn": [
                "[resourceId('Microsoft.Automation/automationAccounts/runtimeEnvironments', parameters('automationAccounts_jnj_md_auto_acct2_name'), 'PowerShell-5.1')]",
                "[resourceId('Microsoft.Automation/automationAccounts', parameters('automationAccounts_jnj_md_auto_acct2_name'))]"
            ],
            "properties": {
                "contentLink": {}
            }
        },
        {
            "type": "Microsoft.Automation/automationAccounts/runtimeEnvironments/packages",
            "apiVersion": "2023-05-15-preview",
            "name": "[concat(parameters('automationAccounts_jnj_md_auto_acct2_name'), '/PowerShell-5.1/AzureRM.Sql')]",
            "location": "switzerlandnorth",
            "dependsOn": [
                "[resourceId('Microsoft.Automation/automationAccounts/runtimeEnvironments', parameters('automationAccounts_jnj_md_auto_acct2_name'), 'PowerShell-5.1')]",
                "[resourceId('Microsoft.Automation/automationAccounts', parameters('automationAccounts_jnj_md_auto_acct2_name'))]"
            ],
            "properties": {
                "contentLink": {}
            }
        },
        {
            "type": "Microsoft.Automation/automationAccounts/runtimeEnvironments/packages",
            "apiVersion": "2023-05-15-preview",
            "name": "[concat(parameters('automationAccounts_jnj_md_auto_acct2_name'), '/PowerShell-5.1/AzureRM.Storage')]",
            "location": "switzerlandnorth",
            "dependsOn": [
                "[resourceId('Microsoft.Automation/automationAccounts/runtimeEnvironments', parameters('automationAccounts_jnj_md_auto_acct2_name'), 'PowerShell-5.1')]",
                "[resourceId('Microsoft.Automation/automationAccounts', parameters('automationAccounts_jnj_md_auto_acct2_name'))]"
            ],
            "properties": {
                "contentLink": {}
            }
        },
        {
            "type": "Microsoft.Automation/automationAccounts/runtimeEnvironments/packages",
            "apiVersion": "2023-05-15-preview",
            "name": "[concat(parameters('automationAccounts_jnj_md_auto_acct2_name'), '/PowerShell-5.1/ComputerManagementDsc')]",
            "location": "switzerlandnorth",
            "dependsOn": [
                "[resourceId('Microsoft.Automation/automationAccounts/runtimeEnvironments', parameters('automationAccounts_jnj_md_auto_acct2_name'), 'PowerShell-5.1')]",
                "[resourceId('Microsoft.Automation/automationAccounts', parameters('automationAccounts_jnj_md_auto_acct2_name'))]"
            ],
            "properties": {
                "contentLink": {}
            }
        },
        {
            "type": "Microsoft.Automation/automationAccounts/runtimeEnvironments/packages",
            "apiVersion": "2023-05-15-preview",
            "name": "[concat(parameters('automationAccounts_jnj_md_auto_acct2_name'), '/PowerShell-5.1/GPRegistryPolicyParser')]",
            "location": "switzerlandnorth",
            "dependsOn": [
                "[resourceId('Microsoft.Automation/automationAccounts/runtimeEnvironments', parameters('automationAccounts_jnj_md_auto_acct2_name'), 'PowerShell-5.1')]",
                "[resourceId('Microsoft.Automation/automationAccounts', parameters('automationAccounts_jnj_md_auto_acct2_name'))]"
            ],
            "properties": {
                "contentLink": {}
            }
        },
        {
            "type": "Microsoft.Automation/automationAccounts/runtimeEnvironments/packages",
            "apiVersion": "2023-05-15-preview",
            "name": "[concat(parameters('automationAccounts_jnj_md_auto_acct2_name'), '/PowerShell-5.1/Microsoft.PowerShell.Core')]",
            "location": "switzerlandnorth",
            "dependsOn": [
                "[resourceId('Microsoft.Automation/automationAccounts/runtimeEnvironments', parameters('automationAccounts_jnj_md_auto_acct2_name'), 'PowerShell-5.1')]",
                "[resourceId('Microsoft.Automation/automationAccounts', parameters('automationAccounts_jnj_md_auto_acct2_name'))]"
            ],
            "properties": {
                "contentLink": {}
            }
        },
        {
            "type": "Microsoft.Automation/automationAccounts/runtimeEnvironments/packages",
            "apiVersion": "2023-05-15-preview",
            "name": "[concat(parameters('automationAccounts_jnj_md_auto_acct2_name'), '/PowerShell-5.1/Microsoft.PowerShell.Diagnostics')]",
            "location": "switzerlandnorth",
            "dependsOn": [
                "[resourceId('Microsoft.Automation/automationAccounts/runtimeEnvironments', parameters('automationAccounts_jnj_md_auto_acct2_name'), 'PowerShell-5.1')]",
                "[resourceId('Microsoft.Automation/automationAccounts', parameters('automationAccounts_jnj_md_auto_acct2_name'))]"
            ],
            "properties": {
                "contentLink": {}
            }
        },
        {
            "type": "Microsoft.Automation/automationAccounts/runtimeEnvironments/packages",
            "apiVersion": "2023-05-15-preview",
            "name": "[concat(parameters('automationAccounts_jnj_md_auto_acct2_name'), '/PowerShell-5.1/Microsoft.PowerShell.Management')]",
            "location": "switzerlandnorth",
            "dependsOn": [
                "[resourceId('Microsoft.Automation/automationAccounts/runtimeEnvironments', parameters('automationAccounts_jnj_md_auto_acct2_name'), 'PowerShell-5.1')]",
                "[resourceId('Microsoft.Automation/automationAccounts', parameters('automationAccounts_jnj_md_auto_acct2_name'))]"
            ],
            "properties": {
                "contentLink": {}
            }
        },
        {
            "type": "Microsoft.Automation/automationAccounts/runtimeEnvironments/packages",
            "apiVersion": "2023-05-15-preview",
            "name": "[concat(parameters('automationAccounts_jnj_md_auto_acct2_name'), '/PowerShell-5.1/Microsoft.PowerShell.Security')]",
            "location": "switzerlandnorth",
            "dependsOn": [
                "[resourceId('Microsoft.Automation/automationAccounts/runtimeEnvironments', parameters('automationAccounts_jnj_md_auto_acct2_name'), 'PowerShell-5.1')]",
                "[resourceId('Microsoft.Automation/automationAccounts', parameters('automationAccounts_jnj_md_auto_acct2_name'))]"
            ],
            "properties": {
                "contentLink": {}
            }
        },
        {
            "type": "Microsoft.Automation/automationAccounts/runtimeEnvironments/packages",
            "apiVersion": "2023-05-15-preview",
            "name": "[concat(parameters('automationAccounts_jnj_md_auto_acct2_name'), '/PowerShell-5.1/Microsoft.PowerShell.Utility')]",
            "location": "switzerlandnorth",
            "dependsOn": [
                "[resourceId('Microsoft.Automation/automationAccounts/runtimeEnvironments', parameters('automationAccounts_jnj_md_auto_acct2_name'), 'PowerShell-5.1')]",
                "[resourceId('Microsoft.Automation/automationAccounts', parameters('automationAccounts_jnj_md_auto_acct2_name'))]"
            ],
            "properties": {
                "contentLink": {}
            }
        },
        {
            "type": "Microsoft.Automation/automationAccounts/runtimeEnvironments/packages",
            "apiVersion": "2023-05-15-preview",
            "name": "[concat(parameters('automationAccounts_jnj_md_auto_acct2_name'), '/PowerShell-5.1/Microsoft.WSMan.Management')]",
            "location": "switzerlandnorth",
            "dependsOn": [
                "[resourceId('Microsoft.Automation/automationAccounts/runtimeEnvironments', parameters('automationAccounts_jnj_md_auto_acct2_name'), 'PowerShell-5.1')]",
                "[resourceId('Microsoft.Automation/automationAccounts', parameters('automationAccounts_jnj_md_auto_acct2_name'))]"
            ],
            "properties": {
                "contentLink": {}
            }
        },
        {
            "type": "Microsoft.Automation/automationAccounts/runtimeEnvironments/packages",
            "apiVersion": "2023-05-15-preview",
            "name": "[concat(parameters('automationAccounts_jnj_md_auto_acct2_name'), '/PowerShell-5.1/Orchestrator.AssetManagement.Cmdlets')]",
            "location": "switzerlandnorth",
            "dependsOn": [
                "[resourceId('Microsoft.Automation/automationAccounts/runtimeEnvironments', parameters('automationAccounts_jnj_md_auto_acct2_name'), 'PowerShell-5.1')]",
                "[resourceId('Microsoft.Automation/automationAccounts', parameters('automationAccounts_jnj_md_auto_acct2_name'))]"
            ],
            "properties": {
                "contentLink": {}
            }
        },
        {
            "type": "Microsoft.Automation/automationAccounts/runtimeEnvironments/packages",
            "apiVersion": "2023-05-15-preview",
            "name": "[concat(parameters('automationAccounts_jnj_md_auto_acct2_name'), '/PowerShell-7.1/Orchestrator.AssetManagement.Cmdlets')]",
            "location": "switzerlandnorth",
            "dependsOn": [
                "[resourceId('Microsoft.Automation/automationAccounts/runtimeEnvironments', parameters('automationAccounts_jnj_md_auto_acct2_name'), 'PowerShell-7.1')]",
                "[resourceId('Microsoft.Automation/automationAccounts', parameters('automationAccounts_jnj_md_auto_acct2_name'))]"
            ],
            "properties": {
                "contentLink": {}
            }
        },
        {
            "type": "Microsoft.Automation/automationAccounts/runtimeEnvironments/packages",
            "apiVersion": "2023-05-15-preview",
            "name": "[concat(parameters('automationAccounts_jnj_md_auto_acct2_name'), '/PowerShell-5.1/PSDscResources')]",
            "location": "switzerlandnorth",
            "dependsOn": [
                "[resourceId('Microsoft.Automation/automationAccounts/runtimeEnvironments', parameters('automationAccounts_jnj_md_auto_acct2_name'), 'PowerShell-5.1')]",
                "[resourceId('Microsoft.Automation/automationAccounts', parameters('automationAccounts_jnj_md_auto_acct2_name'))]"
            ],
            "properties": {
                "contentLink": {}
            }
        },
        {
            "type": "Microsoft.Automation/automationAccounts/runtimeEnvironments/packages",
            "apiVersion": "2023-05-15-preview",
            "name": "[concat(parameters('automationAccounts_jnj_md_auto_acct2_name'), '/PowerShell-5.1/SecurityPolicyDsc')]",
            "location": "switzerlandnorth",
            "dependsOn": [
                "[resourceId('Microsoft.Automation/automationAccounts/runtimeEnvironments', parameters('automationAccounts_jnj_md_auto_acct2_name'), 'PowerShell-5.1')]",
                "[resourceId('Microsoft.Automation/automationAccounts', parameters('automationAccounts_jnj_md_auto_acct2_name'))]"
            ],
            "properties": {
                "contentLink": {}
            }
        },
        {
            "type": "Microsoft.Automation/automationAccounts/runtimeEnvironments/packages",
            "apiVersion": "2023-05-15-preview",
            "name": "[concat(parameters('automationAccounts_jnj_md_auto_acct2_name'), '/PowerShell-5.1/StateConfigCompositeResources')]",
            "location": "switzerlandnorth",
            "dependsOn": [
                "[resourceId('Microsoft.Automation/automationAccounts/runtimeEnvironments', parameters('automationAccounts_jnj_md_auto_acct2_name'), 'PowerShell-5.1')]",
                "[resourceId('Microsoft.Automation/automationAccounts', parameters('automationAccounts_jnj_md_auto_acct2_name'))]"
            ],
            "properties": {
                "contentLink": {}
            }
        },
        {
            "type": "Microsoft.Automation/automationAccounts/runtimeEnvironments/packages",
            "apiVersion": "2023-05-15-preview",
            "name": "[concat(parameters('automationAccounts_jnj_md_auto_acct2_name'), '/PowerShell-5.1/xDSCDomainjoin')]",
            "location": "switzerlandnorth",
            "dependsOn": [
                "[resourceId('Microsoft.Automation/automationAccounts/runtimeEnvironments', parameters('automationAccounts_jnj_md_auto_acct2_name'), 'PowerShell-5.1')]",
                "[resourceId('Microsoft.Automation/automationAccounts', parameters('automationAccounts_jnj_md_auto_acct2_name'))]"
            ],
            "properties": {
                "contentLink": {}
            }
        },
        {
            "type": "Microsoft.Automation/automationAccounts/runtimeEnvironments/packages",
            "apiVersion": "2023-05-15-preview",
            "name": "[concat(parameters('automationAccounts_jnj_md_auto_acct2_name'), '/PowerShell-5.1/xPowerShellExecutionPolicy')]",
            "location": "switzerlandnorth",
            "dependsOn": [
                "[resourceId('Microsoft.Automation/automationAccounts/runtimeEnvironments', parameters('automationAccounts_jnj_md_auto_acct2_name'), 'PowerShell-5.1')]",
                "[resourceId('Microsoft.Automation/automationAccounts', parameters('automationAccounts_jnj_md_auto_acct2_name'))]"
            ],
            "properties": {
                "contentLink": {}
            }
        },
        {
            "type": "Microsoft.Automation/automationAccounts/runtimeEnvironments/packages",
            "apiVersion": "2023-05-15-preview",
            "name": "[concat(parameters('automationAccounts_jnj_md_auto_acct2_name'), '/PowerShell-5.1/xRemoteDesktopAdmin')]",
            "location": "switzerlandnorth",
            "dependsOn": [
                "[resourceId('Microsoft.Automation/automationAccounts/runtimeEnvironments', parameters('automationAccounts_jnj_md_auto_acct2_name'), 'PowerShell-5.1')]",
                "[resourceId('Microsoft.Automation/automationAccounts', parameters('automationAccounts_jnj_md_auto_acct2_name'))]"
            ],
            "properties": {
                "contentLink": {}
            }
        }
    ]
}