{
    "$schema": "https://schema.management.azure.com/schemas/2019-04-01/deploymentTemplate.json#",
    "contentVersion": "1.0.0.0",
    "parameters": {
        "actionGroups_StartStop_VM_Notification_name": {
            "defaultValue": "StartStop_VM_Notification",
            "type": "String"
        }
    },
    "variables": {},
    "resources": [
        {
            "type": "microsoft.insights/actionGroups",
            "apiVersion": "2024-10-01-preview",
            "name": "[parameters('actionGroups_StartStop_VM_Notification_name')]",
            "location": "Global",
            "properties": {
                "groupShortName": "StStAlert",
                "enabled": true,
                "emailReceivers": [
                    {
                        "name": "Emailnt3m3rhm56gq4",
                        "emailAddress": "chetan.a.rao@capgemini.com",
                        "useCommonAlertSchema": false
                    }
                ],
                "smsReceivers": [],
                "webhookReceivers": [],
                "eventHubReceivers": [],
                "itsmReceivers": [],
                "azureAppPushReceivers": [],
                "automationRunbookReceivers": [],
                "voiceReceivers": [],
                "logicAppReceivers": [],
                "azureFunctionReceivers": [],
                "armRoleReceivers": []
            }
        }
    ]
}