{
    "$schema": "https://schema.management.azure.com/schemas/2019-04-01/deploymentTemplate.json#",
    "contentVersion": "1.0.0.0",
    "parameters": {
        "dataCollectionRules_MSVMI_DefaultWorkspace_8d4346c2_32de_4083_8774_d32ffb70f026_CHN_name": {
            "defaultValue": "MSVMI-DefaultWorkspace-8d4346c2-32de-4083-8774-d32ffb70f026-CHN",
            "type": "String"
        },
        "workspaces_DefaultWorkspace_8d4346c2_32de_4083_8774_d32ffb70f026_CHN_externalid": {
            "defaultValue": "/subscriptions/8d4346c2-32de-4083-8774-d32ffb70f026/resourceGroups/DefaultResourceGroup-CHN/providers/Microsoft.OperationalInsights/workspaces/DefaultWorkspace-8d4346c2-32de-4083-8774-d32ffb70f026-CHN",
            "type": "String"
        }
    },
    "variables": {},
    "resources": [
        {
            "type": "Microsoft.Insights/dataCollectionRules",
            "apiVersion": "2023-03-11",
            "name": "[parameters('dataCollectionRules_MSVMI_DefaultWorkspace_8d4346c2_32de_4083_8774_d32ffb70f026_CHN_name')]",
            "location": "switzerlandnorth",
            "properties": {
                "description": "Data collection rule for VM Insights.",
                "dataSources": {
                    "performanceCounters": [
                        {
                            "streams": [
                                "Microsoft-InsightsMetrics"
                            ],
                            "samplingFrequencyInSeconds": 60,
                            "counterSpecifiers": [
                                "\\VmInsights\\DetailedMetrics"
                            ],
                            "name": "VMInsightsPerfCounters"
                        }
                    ]
                },
                "destinations": {
                    "logAnalytics": [
                        {
                            "workspaceResourceId": "[parameters('workspaces_DefaultWorkspace_8d4346c2_32de_4083_8774_d32ffb70f026_CHN_externalid')]",
                            "name": "VMInsightsPerf-Logs-Dest"
                        }
                    ]
                },
                "dataFlows": [
                    {
                        "streams": [
                            "Microsoft-InsightsMetrics"
                        ],
                        "destinations": [
                            "VMInsightsPerf-Logs-Dest"
                        ]
                    }
                ]
            }
        }
    ]
}