{
    "$schema": "https://schema.management.azure.com/schemas/2019-04-01/deploymentTemplate.json#",
    "contentVersion": "1.0.0.0",
    "parameters": {
        "networkSecurityGroups_databricksnsgrnwaoni4hvdm6_name": {
            "defaultValue": "databricksnsgrnwaoni4hvdm6",
            "type": "String"
        }
    },
    "variables": {},
    "resources": [
        {
            "type": "Microsoft.Network/networkSecurityGroups",
            "apiVersion": "2024-05-01",
            "name": "[parameters('networkSecurityGroups_databricksnsgrnwaoni4hvdm6_name')]",
            "location": "switzerlandnorth",
            "properties": {
                "securityRules": [
                    {
                        "name": "Microsoft.Databricks-workspaces_UseOnly_databricks-worker-to-worker-inbound",
                        "id": "[resourceId('Microsoft.Network/networkSecurityGroups/securityRules', parameters('networkSecurityGroups_databricksnsgrnwaoni4hvdm6_name'), 'Microsoft.Databricks-workspaces_UseOnly_databricks-worker-to-worker-inbound')]",
                        "type": "Microsoft.Network/networkSecurityGroups/securityRules",
                        "properties": {
                            "description": "Required for worker nodes communication within a cluster.",
                            "protocol": "*",
                            "sourcePortRange": "*",
                            "destinationPortRange": "*",
                            "sourceAddressPrefix": "VirtualNetwork",
                            "destinationAddressPrefix": "VirtualNetwork",
                            "access": "Allow",
                            "priority": 100,
                            "direction": "Inbound",
                            "sourcePortRanges": [],
                            "destinationPortRanges": [],
                            "sourceAddressPrefixes": [],
                            "destinationAddressPrefixes": []
                        }
                    },
                    {
                        "name": "Microsoft.Databricks-workspaces_UseOnly_databricks-worker-to-databricks-webapp",
                        "id": "[resourceId('Microsoft.Network/networkSecurityGroups/securityRules', parameters('networkSecurityGroups_databricksnsgrnwaoni4hvdm6_name'), 'Microsoft.Databricks-workspaces_UseOnly_databricks-worker-to-databricks-webapp')]",
                        "type": "Microsoft.Network/networkSecurityGroups/securityRules",
                        "properties": {
                            "description": "Required for workers communication with Databricks Webapp.",
                            "protocol": "tcp",
                            "sourcePortRange": "*",
                            "destinationPortRange": "443",
                            "sourceAddressPrefix": "VirtualNetwork",
                            "destinationAddressPrefix": "AzureDatabricks",
                            "access": "Allow",
                            "priority": 100,
                            "direction": "Outbound",
                            "sourcePortRanges": [],
                            "destinationPortRanges": [],
                            "sourceAddressPrefixes": [],
                            "destinationAddressPrefixes": []
                        }
                    },
                    {
                        "name": "Microsoft.Databricks-workspaces_UseOnly_databricks-worker-to-sql",
                        "id": "[resourceId('Microsoft.Network/networkSecurityGroups/securityRules', parameters('networkSecurityGroups_databricksnsgrnwaoni4hvdm6_name'), 'Microsoft.Databricks-workspaces_UseOnly_databricks-worker-to-sql')]",
                        "type": "Microsoft.Network/networkSecurityGroups/securityRules",
                        "properties": {
                            "description": "Required for workers communication with Azure SQL services.",
                            "protocol": "tcp",
                            "sourcePortRange": "*",
                            "destinationPortRange": "3306",
                            "sourceAddressPrefix": "VirtualNetwork",
                            "destinationAddressPrefix": "Sql",
                            "access": "Allow",
                            "priority": 101,
                            "direction": "Outbound",
                            "sourcePortRanges": [],
                            "destinationPortRanges": [],
                            "sourceAddressPrefixes": [],
                            "destinationAddressPrefixes": []
                        }
                    },
                    {
                        "name": "Microsoft.Databricks-workspaces_UseOnly_databricks-worker-to-storage",
                        "id": "[resourceId('Microsoft.Network/networkSecurityGroups/securityRules', parameters('networkSecurityGroups_databricksnsgrnwaoni4hvdm6_name'), 'Microsoft.Databricks-workspaces_UseOnly_databricks-worker-to-storage')]",
                        "type": "Microsoft.Network/networkSecurityGroups/securityRules",
                        "properties": {
                            "description": "Required for workers communication with Azure Storage services.",
                            "protocol": "tcp",
                            "sourcePortRange": "*",
                            "destinationPortRange": "443",
                            "sourceAddressPrefix": "VirtualNetwork",
                            "destinationAddressPrefix": "Storage",
                            "access": "Allow",
                            "priority": 102,
                            "direction": "Outbound",
                            "sourcePortRanges": [],
                            "destinationPortRanges": [],
                            "sourceAddressPrefixes": [],
                            "destinationAddressPrefixes": []
                        }
                    },
                    {
                        "name": "Microsoft.Databricks-workspaces_UseOnly_databricks-worker-to-worker-outbound",
                        "id": "[resourceId('Microsoft.Network/networkSecurityGroups/securityRules', parameters('networkSecurityGroups_databricksnsgrnwaoni4hvdm6_name'), 'Microsoft.Databricks-workspaces_UseOnly_databricks-worker-to-worker-outbound')]",
                        "type": "Microsoft.Network/networkSecurityGroups/securityRules",
                        "properties": {
                            "description": "Required for worker nodes communication within a cluster.",
                            "protocol": "*",
                            "sourcePortRange": "*",
                            "destinationPortRange": "*",
                            "sourceAddressPrefix": "VirtualNetwork",
                            "destinationAddressPrefix": "VirtualNetwork",
                            "access": "Allow",
                            "priority": 103,
                            "direction": "Outbound",
                            "sourcePortRanges": [],
                            "destinationPortRanges": [],
                            "sourceAddressPrefixes": [],
                            "destinationAddressPrefixes": []
                        }
                    },
                    {
                        "name": "Microsoft.Databricks-workspaces_UseOnly_databricks-worker-to-eventhub",
                        "id": "[resourceId('Microsoft.Network/networkSecurityGroups/securityRules', parameters('networkSecurityGroups_databricksnsgrnwaoni4hvdm6_name'), 'Microsoft.Databricks-workspaces_UseOnly_databricks-worker-to-eventhub')]",
                        "type": "Microsoft.Network/networkSecurityGroups/securityRules",
                        "properties": {
                            "description": "Required for worker communication with Azure Eventhub services.",
                            "protocol": "tcp",
                            "sourcePortRange": "*",
                            "destinationPortRange": "9093",
                            "sourceAddressPrefix": "VirtualNetwork",
                            "destinationAddressPrefix": "EventHub",
                            "access": "Allow",
                            "priority": 104,
                            "direction": "Outbound",
                            "sourcePortRanges": [],
                            "destinationPortRanges": [],
                            "sourceAddressPrefixes": [],
                            "destinationAddressPrefixes": []
                        }
                    }
                ]
            }
        },
        {
            "type": "Microsoft.Network/networkSecurityGroups/securityRules",
            "apiVersion": "2024-05-01",
            "name": "[concat(parameters('networkSecurityGroups_databricksnsgrnwaoni4hvdm6_name'), '/Microsoft.Databricks-workspaces_UseOnly_databricks-worker-to-databricks-webapp')]",
            "dependsOn": [
                "[resourceId('Microsoft.Network/networkSecurityGroups', parameters('networkSecurityGroups_databricksnsgrnwaoni4hvdm6_name'))]"
            ],
            "properties": {
                "description": "Required for workers communication with Databricks Webapp.",
                "protocol": "tcp",
                "sourcePortRange": "*",
                "destinationPortRange": "443",
                "sourceAddressPrefix": "VirtualNetwork",
                "destinationAddressPrefix": "AzureDatabricks",
                "access": "Allow",
                "priority": 100,
                "direction": "Outbound",
                "sourcePortRanges": [],
                "destinationPortRanges": [],
                "sourceAddressPrefixes": [],
                "destinationAddressPrefixes": []
            }
        },
        {
            "type": "Microsoft.Network/networkSecurityGroups/securityRules",
            "apiVersion": "2024-05-01",
            "name": "[concat(parameters('networkSecurityGroups_databricksnsgrnwaoni4hvdm6_name'), '/Microsoft.Databricks-workspaces_UseOnly_databricks-worker-to-eventhub')]",
            "dependsOn": [
                "[resourceId('Microsoft.Network/networkSecurityGroups', parameters('networkSecurityGroups_databricksnsgrnwaoni4hvdm6_name'))]"
            ],
            "properties": {
                "description": "Required for worker communication with Azure Eventhub services.",
                "protocol": "tcp",
                "sourcePortRange": "*",
                "destinationPortRange": "9093",
                "sourceAddressPrefix": "VirtualNetwork",
                "destinationAddressPrefix": "EventHub",
                "access": "Allow",
                "priority": 104,
                "direction": "Outbound",
                "sourcePortRanges": [],
                "destinationPortRanges": [],
                "sourceAddressPrefixes": [],
                "destinationAddressPrefixes": []
            }
        },
        {
            "type": "Microsoft.Network/networkSecurityGroups/securityRules",
            "apiVersion": "2024-05-01",
            "name": "[concat(parameters('networkSecurityGroups_databricksnsgrnwaoni4hvdm6_name'), '/Microsoft.Databricks-workspaces_UseOnly_databricks-worker-to-sql')]",
            "dependsOn": [
                "[resourceId('Microsoft.Network/networkSecurityGroups', parameters('networkSecurityGroups_databricksnsgrnwaoni4hvdm6_name'))]"
            ],
            "properties": {
                "description": "Required for workers communication with Azure SQL services.",
                "protocol": "tcp",
                "sourcePortRange": "*",
                "destinationPortRange": "3306",
                "sourceAddressPrefix": "VirtualNetwork",
                "destinationAddressPrefix": "Sql",
                "access": "Allow",
                "priority": 101,
                "direction": "Outbound",
                "sourcePortRanges": [],
                "destinationPortRanges": [],
                "sourceAddressPrefixes": [],
                "destinationAddressPrefixes": []
            }
        },
        {
            "type": "Microsoft.Network/networkSecurityGroups/securityRules",
            "apiVersion": "2024-05-01",
            "name": "[concat(parameters('networkSecurityGroups_databricksnsgrnwaoni4hvdm6_name'), '/Microsoft.Databricks-workspaces_UseOnly_databricks-worker-to-storage')]",
            "dependsOn": [
                "[resourceId('Microsoft.Network/networkSecurityGroups', parameters('networkSecurityGroups_databricksnsgrnwaoni4hvdm6_name'))]"
            ],
            "properties": {
                "description": "Required for workers communication with Azure Storage services.",
                "protocol": "tcp",
                "sourcePortRange": "*",
                "destinationPortRange": "443",
                "sourceAddressPrefix": "VirtualNetwork",
                "destinationAddressPrefix": "Storage",
                "access": "Allow",
                "priority": 102,
                "direction": "Outbound",
                "sourcePortRanges": [],
                "destinationPortRanges": [],
                "sourceAddressPrefixes": [],
                "destinationAddressPrefixes": []
            }
        },
        {
            "type": "Microsoft.Network/networkSecurityGroups/securityRules",
            "apiVersion": "2024-05-01",
            "name": "[concat(parameters('networkSecurityGroups_databricksnsgrnwaoni4hvdm6_name'), '/Microsoft.Databricks-workspaces_UseOnly_databricks-worker-to-worker-inbound')]",
            "dependsOn": [
                "[resourceId('Microsoft.Network/networkSecurityGroups', parameters('networkSecurityGroups_databricksnsgrnwaoni4hvdm6_name'))]"
            ],
            "properties": {
                "description": "Required for worker nodes communication within a cluster.",
                "protocol": "*",
                "sourcePortRange": "*",
                "destinationPortRange": "*",
                "sourceAddressPrefix": "VirtualNetwork",
                "destinationAddressPrefix": "VirtualNetwork",
                "access": "Allow",
                "priority": 100,
                "direction": "Inbound",
                "sourcePortRanges": [],
                "destinationPortRanges": [],
                "sourceAddressPrefixes": [],
                "destinationAddressPrefixes": []
            }
        },
        {
            "type": "Microsoft.Network/networkSecurityGroups/securityRules",
            "apiVersion": "2024-05-01",
            "name": "[concat(parameters('networkSecurityGroups_databricksnsgrnwaoni4hvdm6_name'), '/Microsoft.Databricks-workspaces_UseOnly_databricks-worker-to-worker-outbound')]",
            "dependsOn": [
                "[resourceId('Microsoft.Network/networkSecurityGroups', parameters('networkSecurityGroups_databricksnsgrnwaoni4hvdm6_name'))]"
            ],
            "properties": {
                "description": "Required for worker nodes communication within a cluster.",
                "protocol": "*",
                "sourcePortRange": "*",
                "destinationPortRange": "*",
                "sourceAddressPrefix": "VirtualNetwork",
                "destinationAddressPrefix": "VirtualNetwork",
                "access": "Allow",
                "priority": 103,
                "direction": "Outbound",
                "sourcePortRanges": [],
                "destinationPortRanges": [],
                "sourceAddressPrefixes": [],
                "destinationAddressPrefixes": []
            }
        }
    ]
}