{
    "$schema": "https://schema.management.azure.com/schemas/2019-04-01/deploymentTemplate.json#",
    "contentVersion": "1.0.0.0",
    "parameters": {
        "sshPublicKeys_jnjprod_name": {
            "defaultValue": "jnjprod",
            "type": "String"
        }
    },
    "variables": {},
    "resources": [
        {
            "type": "Microsoft.Compute/sshPublicKeys",
            "apiVersion": "2024-07-01",
            "name": "[parameters('sshPublicKeys_jnjprod_name')]",
            "location": "switzerlandnorth",
            "properties": {
                "publicKey": "ssh-rsa AAAAB3NzaC1yc2EAAAADAQABAAABgQC88Fs1hnPQHSW5X5CiRjMeXifl\r\nYptpGYCJ9OvFKnouuuWjoTG6D866rmGyHXGtOwe7KRc2xG8S0LwQRgzjbao9sHLK\r\nlAkZXMc8YK/uvdeedJI4h9JOjHCv2X9CQiKKOLQ0PM21t6qMDgbkNFK7490C1qdr\r\nXl3GbqnC4bbM5JdOkJfZaUGutM4zyRgBUDAv0BZFXDOXA9DX7GmODulSFwCUjL7I\r\nPuLjpQ/qZsHP4G0OV+mxWH9F1GaihIRlxTgfpUpxyDg/4hwyAPp+JhZKolHIwPLu\r\nGPTEKWwK2rb5L8e7OtcNjM6vJzxGY4MLTN6k4y//pxjSj2+cIhCsSWbaeJaO6Tp2\r\nfBxUrU2ZZ/43Hy8KFWTJKU8P6L11e4y3nudVRwFFpHad82qCDQt69avHllbG3wtW\r\nlO29knf6yxpDzK3kOISu21hM5Jd/nnhv+T1ptqkGbG4e6AV3jyZpY88PCNzfAyRr\r\nZvle7V3iNKzRMRyBQq92xMPtyXIHOpgsxyG//KE= generated-by-azure\r\n"
            }
        }
    ]
}