{
    "$schema": "https://schema.management.azure.com/schemas/2019-04-01/deploymentTemplate.json#",
    "contentVersion": "1.0.0.0",
    "parameters": {
        "managedInstances_jnj_md_sqldb_name": {
            "defaultValue": "jnj-md-sqldb",
            "type": "String"
        },
        "servers_jnj_md_sqldb_name": {
            "defaultValue": "jnj-md-sqldb",
            "type": "String"
        }
    },
    "variables": {},
    "resources": [
        {
            "type": "Microsoft.Sql/managedInstances/databases",
            "apiVersion": "2024-05-01-preview",
            "name": "[concat(parameters('managedInstances_jnj_md_sqldb_name'), '/jnj-database-backup')]",
            "location": "switzerlandnorth",
            "properties": {
                "collation": "SQL_Latin1_General_CP1_CI_AS",
                "isLedgerOn": false
            }
        },
        {
            "type": "Microsoft.Sql/servers/databases/vulnerabilityAssessments",
            "apiVersion": "2024-05-01-preview",
            "name": "[concat(parameters('servers_jnj_md_sqldb_name'), '/jnj-database-backup/Default')]",
            "properties": {
                "recurringScans": {
                    "isEnabled": false,
                    "emailSubscriptionAdmins": true
                }
            }
        },
        {
            "type": "Microsoft.Sql/managedInstances/databases/advancedThreatProtectionSettings",
            "apiVersion": "2024-05-01-preview",
            "name": "[concat(parameters('managedInstances_jnj_md_sqldb_name'), '/jnj-database-backup/Default')]",
            "dependsOn": [
                "[resourceId('Microsoft.Sql/managedInstances/databases', parameters('managedInstances_jnj_md_sqldb_name'), 'jnj-database-backup')]"
            ],
            "properties": {
                "state": "Disabled"
            }
        },
        {
            "type": "Microsoft.Sql/managedInstances/databases/backupLongTermRetentionPolicies",
            "apiVersion": "2024-05-01-preview",
            "name": "[concat(parameters('managedInstances_jnj_md_sqldb_name'), '/jnj-database-backup/default')]",
            "dependsOn": [
                "[resourceId('Microsoft.Sql/managedInstances/databases', parameters('managedInstances_jnj_md_sqldb_name'), 'jnj-database-backup')]"
            ],
            "properties": {
                "backupStorageAccessTier": "Hot",
                "weeklyRetention": "PT0S",
                "monthlyRetention": "PT0S",
                "yearlyRetention": "PT0S",
                "weekOfYear": 0
            }
        },
        {
            "type": "Microsoft.Sql/managedInstances/databases/backupShortTermRetentionPolicies",
            "apiVersion": "2024-05-01-preview",
            "name": "[concat(parameters('managedInstances_jnj_md_sqldb_name'), '/jnj-database-backup/default')]",
            "dependsOn": [
                "[resourceId('Microsoft.Sql/managedInstances/databases', parameters('managedInstances_jnj_md_sqldb_name'), 'jnj-database-backup')]"
            ],
            "properties": {
                "retentionDays": 7
            }
        },
        {
            "type": "Microsoft.Sql/managedInstances/databases/ledgerDigestUploads",
            "apiVersion": "2024-05-01-preview",
            "name": "[concat(parameters('managedInstances_jnj_md_sqldb_name'), '/jnj-database-backup/Current')]",
            "dependsOn": [
                "[resourceId('Microsoft.Sql/managedInstances/databases', parameters('managedInstances_jnj_md_sqldb_name'), 'jnj-database-backup')]"
            ],
            "properties": {}
        },
        {
            "type": "Microsoft.Sql/managedInstances/databases/securityAlertPolicies",
            "apiVersion": "2024-05-01-preview",
            "name": "[concat(parameters('managedInstances_jnj_md_sqldb_name'), '/jnj-database-backup/Default')]",
            "dependsOn": [
                "[resourceId('Microsoft.Sql/managedInstances/databases', parameters('managedInstances_jnj_md_sqldb_name'), 'jnj-database-backup')]"
            ],
            "properties": {
                "state": "Disabled",
                "disabledAlerts": [
                    ""
                ],
                "emailAddresses": [
                    ""
                ],
                "emailAccountAdmins": false,
                "retentionDays": 0
            }
        },
        {
            "type": "Microsoft.Sql/managedInstances/databases/transparentDataEncryption",
            "apiVersion": "2024-05-01-preview",
            "name": "[concat(parameters('managedInstances_jnj_md_sqldb_name'), '/jnj-database-backup/Current')]",
            "dependsOn": [
                "[resourceId('Microsoft.Sql/managedInstances/databases', parameters('managedInstances_jnj_md_sqldb_name'), 'jnj-database-backup')]"
            ],
            "properties": {
                "state": "Enabled"
            }
        }
    ]
}