{
    "$schema": "https://schema.management.azure.com/schemas/2019-04-01/deploymentTemplate.json#",
    "contentVersion": "1.0.0.0",
    "parameters": {
        "networkSecurityGroups_workers_sg_name": {
            "defaultValue": "workers-sg",
            "type": "String"
        }
    },
    "variables": {},
    "resources": [
        {
            "type": "Microsoft.Network/networkSecurityGroups",
            "apiVersion": "2024-05-01",
            "name": "[parameters('networkSecurityGroups_workers_sg_name')]",
            "location": "switzerlandnorth",
            "tags": {
                "application": "databricks",
                "databricks-environment": "true",
                "Business Line": "MD",
                "Enviroment": "QA"
            },
            "properties": {
                "securityRules": [
                    {
                        "name": "databricks-worker-to-worker",
                        "id": "[resourceId('Microsoft.Network/networkSecurityGroups/securityRules', parameters('networkSecurityGroups_workers_sg_name'), 'databricks-worker-to-worker')]",
                        "type": "Microsoft.Network/networkSecurityGroups/securityRules",
                        "properties": {
                            "description": "Required for worker nodes communication within a cluster.",
                            "protocol": "*",
                            "sourcePortRange": "*",
                            "destinationPortRange": "*",
                            "sourceAddressPrefix": "VirtualNetwork",
                            "destinationAddressPrefix": "*",
                            "access": "Allow",
                            "priority": 200,
                            "direction": "Inbound",
                            "sourcePortRanges": [],
                            "destinationPortRanges": [],
                            "sourceAddressPrefixes": [],
                            "destinationAddressPrefixes": []
                        }
                    },
                    {
                        "name": "databricks-control-plane-ssh",
                        "id": "[resourceId('Microsoft.Network/networkSecurityGroups/securityRules', parameters('networkSecurityGroups_workers_sg_name'), 'databricks-control-plane-ssh')]",
                        "type": "Microsoft.Network/networkSecurityGroups/securityRules",
                        "properties": {
                            "description": "Required for Databricks control plane management of worker nodes.",
                            "protocol": "*",
                            "sourcePortRange": "*",
                            "destinationPortRange": "22",
                            "destinationAddressPrefix": "*",
                            "access": "Allow",
                            "priority": 100,
                            "direction": "Inbound",
                            "sourcePortRanges": [],
                            "destinationPortRanges": [],
                            "sourceAddressPrefixes": [
                                "51.107.48.121/32"
                            ],
                            "destinationAddressPrefixes": []
                        }
                    },
                    {
                        "name": "databricks-control-plane-worker-proxy",
                        "id": "[resourceId('Microsoft.Network/networkSecurityGroups/securityRules', parameters('networkSecurityGroups_workers_sg_name'), 'databricks-control-plane-worker-proxy')]",
                        "type": "Microsoft.Network/networkSecurityGroups/securityRules",
                        "properties": {
                            "description": "Required for Databricks control plane communication with worker nodes.",
                            "protocol": "*",
                            "sourcePortRange": "*",
                            "destinationPortRange": "5557",
                            "destinationAddressPrefix": "*",
                            "access": "Allow",
                            "priority": 110,
                            "direction": "Inbound",
                            "sourcePortRanges": [],
                            "destinationPortRanges": [],
                            "sourceAddressPrefixes": [
                                "51.107.48.121/32"
                            ],
                            "destinationAddressPrefixes": []
                        }
                    }
                ]
            }
        },
        {
            "type": "Microsoft.Network/networkSecurityGroups/securityRules",
            "apiVersion": "2024-05-01",
            "name": "[concat(parameters('networkSecurityGroups_workers_sg_name'), '/databricks-control-plane-ssh')]",
            "dependsOn": [
                "[resourceId('Microsoft.Network/networkSecurityGroups', parameters('networkSecurityGroups_workers_sg_name'))]"
            ],
            "properties": {
                "description": "Required for Databricks control plane management of worker nodes.",
                "protocol": "*",
                "sourcePortRange": "*",
                "destinationPortRange": "22",
                "destinationAddressPrefix": "*",
                "access": "Allow",
                "priority": 100,
                "direction": "Inbound",
                "sourcePortRanges": [],
                "destinationPortRanges": [],
                "sourceAddressPrefixes": [
                    "51.107.48.121/32"
                ],
                "destinationAddressPrefixes": []
            }
        },
        {
            "type": "Microsoft.Network/networkSecurityGroups/securityRules",
            "apiVersion": "2024-05-01",
            "name": "[concat(parameters('networkSecurityGroups_workers_sg_name'), '/databricks-control-plane-worker-proxy')]",
            "dependsOn": [
                "[resourceId('Microsoft.Network/networkSecurityGroups', parameters('networkSecurityGroups_workers_sg_name'))]"
            ],
            "properties": {
                "description": "Required for Databricks control plane communication with worker nodes.",
                "protocol": "*",
                "sourcePortRange": "*",
                "destinationPortRange": "5557",
                "destinationAddressPrefix": "*",
                "access": "Allow",
                "priority": 110,
                "direction": "Inbound",
                "sourcePortRanges": [],
                "destinationPortRanges": [],
                "sourceAddressPrefixes": [
                    "51.107.48.121/32"
                ],
                "destinationAddressPrefixes": []
            }
        },
        {
            "type": "Microsoft.Network/networkSecurityGroups/securityRules",
            "apiVersion": "2024-05-01",
            "name": "[concat(parameters('networkSecurityGroups_workers_sg_name'), '/databricks-worker-to-worker')]",
            "dependsOn": [
                "[resourceId('Microsoft.Network/networkSecurityGroups', parameters('networkSecurityGroups_workers_sg_name'))]"
            ],
            "properties": {
                "description": "Required for worker nodes communication within a cluster.",
                "protocol": "*",
                "sourcePortRange": "*",
                "destinationPortRange": "*",
                "sourceAddressPrefix": "VirtualNetwork",
                "destinationAddressPrefix": "*",
                "access": "Allow",
                "priority": 200,
                "direction": "Inbound",
                "sourcePortRanges": [],
                "destinationPortRanges": [],
                "sourceAddressPrefixes": [],
                "destinationAddressPrefixes": []
            }
        }
    ]
}