{
    "$schema": "https://schema.management.azure.com/schemas/2019-04-01/deploymentTemplate.json#",
    "contentVersion": "1.0.0.0",
    "parameters": {
        "virtualMachineScaleSets_jnj_md_prod_vmss_name": {
            "defaultValue": "jnj-md-prod-vmss",
            "type": "String"
        },
        "galleries_jnj_md_sig_externalid": {
            "defaultValue": "/subscriptions/8d4346c2-32de-4083-8774-d32ffb70f026/resourceGroups/jnj-md-common-rg/providers/Microsoft.Compute/galleries/jnj_md_sig",
            "type": "String"
        },
        "networkSecurityGroups_basicNsgjnj_md_vnet_nic01_externalid": {
            "defaultValue": "/subscriptions/8d4346c2-32de-4083-8774-d32ffb70f026/resourceGroups/jnj-md-prod-rg/providers/Microsoft.Network/networkSecurityGroups/basicNsgjnj-md-vnet-nic01",
            "type": "String"
        },
        "virtualNetworks_jnj_md_vnet_externalid": {
            "defaultValue": "/subscriptions/8d4346c2-32de-4083-8774-d32ffb70f026/resourceGroups/jnj-md-common-rg/providers/Microsoft.Network/virtualNetworks/jnj-md-vnet",
            "type": "String"
        },
        "loadBalancers_jnj_md_prod_vmss_lb_externalid": {
            "defaultValue": "/subscriptions/8d4346c2-32de-4083-8774-d32ffb70f026/resourceGroups/jnj-md-prod-rg/providers/Microsoft.Network/loadBalancers/jnj-md-prod-vmss-lb",
            "type": "String"
        },
        "disks_jnj_md_prod_vmss_jnj_md_prod_vmss_0_OsDisk_1_a7a0048570244df39b40685d2517052a_externalid": {
            "defaultValue": "/subscriptions/8d4346c2-32de-4083-8774-d32ffb70f026/resourceGroups/JNJ-MD-PROD-RG/providers/Microsoft.Compute/disks/jnj-md-prod-vmss_jnj-md-prod-vmss_0_OsDisk_1_a7a0048570244df39b40685d2517052a",
            "type": "String"
        },
        "disks_jnj_md_prod_vmss_jnj_md_prod_vmss_0_disk2_5d03b46c92c94b46a349e30146b0aabe_externalid": {
            "defaultValue": "/subscriptions/8d4346c2-32de-4083-8774-d32ffb70f026/resourceGroups/JNJ-MD-PROD-RG/providers/Microsoft.Compute/disks/jnj-md-prod-vmss_jnj-md-prod-vmss_0_disk2_5d03b46c92c94b46a349e30146b0aabe",
            "type": "String"
        }
    },
    "variables": {},
    "resources": [
        {
            "type": "Microsoft.Compute/virtualMachineScaleSets",
            "apiVersion": "2024-07-01",
            "name": "[parameters('virtualMachineScaleSets_jnj_md_prod_vmss_name')]",
            "location": "switzerlandnorth",
            "tags": {
                "Business Line": "MD",
                "Enviroment": "PROD"
            },
            "sku": {
                "name": "Standard_F64s_v2",
                "tier": "Standard",
                "capacity": 1
            },
            "identity": {
                "type": "SystemAssigned"
            },
            "properties": {
                "singlePlacementGroup": false,
                "orchestrationMode": "Uniform",
                "upgradePolicy": {
                    "mode": "Manual"
                },
                "scaleInPolicy": {
                    "rules": [
                        "Default"
                    ]
                },
                "virtualMachineProfile": {
                    "storageProfile": {
                        "osDisk": {
                            "osType": "Linux",
                            "createOption": "FromImage",
                            "caching": "ReadWrite",
                            "writeAcceleratorEnabled": false,
                            "managedDisk": {
                                "storageAccountType": "Premium_LRS"
                            },
                            "diskSizeGB": 64
                        },
                        "imageReference": {
                            "id": "[concat(parameters('galleries_jnj_md_sig_externalid'), '/images/jnj-md-image-defn-1')]"
                        },
                        "dataDisks": [
                            {
                                "lun": 0,
                                "createOption": "Empty",
                                "caching": "ReadWrite",
                                "managedDisk": {
                                    "storageAccountType": "Premium_LRS"
                                },
                                "diskSizeGB": 256
                            }
                        ]
                    },
                    "networkProfile": {
                        "networkInterfaceConfigurations": [
                            {
                                "name": "jnj-md-vnet-nic01",
                                "properties": {
                                    "primary": true,
                                    "enableAcceleratedNetworking": false,
                                    "disableTcpStateTracking": false,
                                    "networkSecurityGroup": {
                                        "id": "[parameters('networkSecurityGroups_basicNsgjnj_md_vnet_nic01_externalid')]"
                                    },
                                    "dnsSettings": {
                                        "dnsServers": []
                                    },
                                    "enableIPForwarding": false,
                                    "ipConfigurations": [
                                        {
                                            "name": "jnj-md-vnet-nic01-defaultIpConfiguration",
                                            "properties": {
                                                "primary": true,
                                                "subnet": {
                                                    "id": "[concat(parameters('virtualNetworks_jnj_md_vnet_externalid'), '/subnets/jnj-md-common-subnet')]"
                                                },
                                                "privateIPAddressVersion": "IPv4",
                                                "loadBalancerBackendAddressPools": [
                                                    {
                                                        "id": "[concat(parameters('loadBalancers_jnj_md_prod_vmss_lb_externalid'), '/backendAddressPools/bepool')]"
                                                    }
                                                ]
                                            }
                                        }
                                    ]
                                }
                            }
                        ]
                    },
                    "extensionProfile": {
                        "extensions": [
                            {
                                "name": "AzureMonitorLinuxAgent",
                                "properties": {
                                    "autoUpgradeMinorVersion": true,
                                    "publisher": "Microsoft.Azure.Monitor",
                                    "type": "AzureMonitorLinuxAgent",
                                    "typeHandlerVersion": "1.0"
                                }
                            }
                        ]
                    },
                    "licenseType": "None"
                },
                "overprovision": true,
                "doNotRunExtensionsOnOverprovisionedVMs": false,
                "platformFaultDomainCount": 5
            }
        },
        {
            "type": "Microsoft.Compute/virtualMachineScaleSets/extensions",
            "apiVersion": "2024-07-01",
            "name": "[concat(parameters('virtualMachineScaleSets_jnj_md_prod_vmss_name'), '/AzureMonitorLinuxAgent')]",
            "dependsOn": [
                "[resourceId('Microsoft.Compute/virtualMachineScaleSets', parameters('virtualMachineScaleSets_jnj_md_prod_vmss_name'))]"
            ],
            "properties": {
                "provisioningState": "Succeeded",
                "autoUpgradeMinorVersion": true,
                "publisher": "Microsoft.Azure.Monitor",
                "type": "AzureMonitorLinuxAgent",
                "typeHandlerVersion": "1.0"
            }
        },
        {
            "type": "Microsoft.Compute/virtualMachineScaleSets/virtualMachines",
            "apiVersion": "2024-07-01",
            "name": "[concat(parameters('virtualMachineScaleSets_jnj_md_prod_vmss_name'), '/0')]",
            "location": "switzerlandnorth",
            "dependsOn": [
                "[resourceId('Microsoft.Compute/virtualMachineScaleSets', parameters('virtualMachineScaleSets_jnj_md_prod_vmss_name'))]"
            ],
            "tags": {
                "Business Line": "MD",
                "Enviroment": "PROD"
            },
            "sku": {
                "name": "Standard_F64s_v2",
                "tier": "Standard"
            },
            "identity": {
                "type": "SystemAssigned"
            },
            "properties": {
                "networkProfileConfiguration": {
                    "networkInterfaceConfigurations": [
                        {
                            "name": "jnj-md-vnet-nic01",
                            "properties": {
                                "primary": true,
                                "enableAcceleratedNetworking": false,
                                "disableTcpStateTracking": false,
                                "networkSecurityGroup": {
                                    "id": "[parameters('networkSecurityGroups_basicNsgjnj_md_vnet_nic01_externalid')]"
                                },
                                "dnsSettings": {
                                    "dnsServers": []
                                },
                                "enableIPForwarding": false,
                                "ipConfigurations": [
                                    {
                                        "name": "jnj-md-vnet-nic01-defaultIpConfiguration",
                                        "properties": {
                                            "primary": true,
                                            "subnet": {
                                                "id": "[concat(parameters('virtualNetworks_jnj_md_vnet_externalid'), '/subnets/jnj-md-common-subnet')]"
                                            },
                                            "privateIPAddressVersion": "IPv4",
                                            "loadBalancerBackendAddressPools": [
                                                {
                                                    "id": "[concat(parameters('loadBalancers_jnj_md_prod_vmss_lb_externalid'), '/backendAddressPools/bepool')]"
                                                }
                                            ]
                                        }
                                    }
                                ]
                            }
                        }
                    ]
                },
                "hardwareProfile": {
                    "vmSize": "Standard_F64s_v2"
                },
                "storageProfile": {
                    "imageReference": {
                        "id": "[concat(parameters('galleries_jnj_md_sig_externalid'), '/images/jnj-md-image-defn-1')]"
                    },
                    "osDisk": {
                        "osType": "Linux",
                        "name": "jnj-md-prod-vmss_jnj-md-prod-vmss_0_OsDisk_1_a7a0048570244df39b40685d2517052a",
                        "createOption": "FromImage",
                        "caching": "ReadWrite",
                        "writeAcceleratorEnabled": false,
                        "managedDisk": {
                            "id": "[parameters('disks_jnj_md_prod_vmss_jnj_md_prod_vmss_0_OsDisk_1_a7a0048570244df39b40685d2517052a_externalid')]"
                        }
                    },
                    "dataDisks": [
                        {
                            "lun": 0,
                            "name": "jnj-md-prod-vmss_jnj-md-prod-vmss_0_disk2_5d03b46c92c94b46a349e30146b0aabe",
                            "createOption": "Empty",
                            "caching": "ReadWrite",
                            "managedDisk": {
                                "id": "[parameters('disks_jnj_md_prod_vmss_jnj_md_prod_vmss_0_disk2_5d03b46c92c94b46a349e30146b0aabe_externalid')]"
                            },
                            "toBeDetached": false
                        }
                    ]
                },
                "networkProfile": {
                    "networkInterfaces": [
                        {
                            "id": "[concat(resourceId('Microsoft.Compute/virtualMachineScaleSets/virtualMachines', parameters('virtualMachineScaleSets_jnj_md_prod_vmss_name'), '0'), '/networkInterfaces/jnj-md-vnet-nic01')]"
                        }
                    ]
                },
                "licenseType": "None"
            }
        },
        {
            "type": "Microsoft.Compute/virtualMachineScaleSets/virtualMachines/extensions",
            "apiVersion": "2024-07-01",
            "name": "[concat(parameters('virtualMachineScaleSets_jnj_md_prod_vmss_name'), '/0/AzureMonitorLinuxAgent')]",
            "location": "switzerlandnorth",
            "dependsOn": [
                "[resourceId('Microsoft.Compute/virtualMachineScaleSets/virtualMachines', parameters('virtualMachineScaleSets_jnj_md_prod_vmss_name'), '0')]",
                "[resourceId('Microsoft.Compute/virtualMachineScaleSets', parameters('virtualMachineScaleSets_jnj_md_prod_vmss_name'))]"
            ],
            "properties": {
                "autoUpgradeMinorVersion": true,
                "publisher": "Microsoft.Azure.Monitor",
                "type": "AzureMonitorLinuxAgent",
                "typeHandlerVersion": "1.0"
            }
        }
    ]
}