{
    "$schema": "https://schema.management.azure.com/schemas/2015-01-01/deploymentParameters.json#",
    "contentVersion": "1.0.0.0",
    "parameters": {
        "restorePointCollections_AzureBackup_p2imagingvm_6981195149539146733_name": {
            "value": null
        },
        "restorePointCollections_AzureBackup_jnj_md_jump_host_db_6981195150323319338_name": {
            "value": null
        },
        "virtualMachines_jnj_md_jump_host_db_externalid": {
            "value": null
        },
        "virtualMachines_p2imagingvm_externalid": {
            "value": null
        }
    }
}