{
    "$schema": "https://schema.management.azure.com/schemas/2019-04-01/deploymentTemplate.json#",
    "contentVersion": "1.0.0.0",
    "parameters": {
        "bastionHosts_jnj_md_bastion_subnet_name": {
            "defaultValue": "jnj-md-bastion-subnet",
            "type": "String"
        },
        "publicIPAddresses_jnj_md_bastion_public_ip_externalid": {
            "defaultValue": "/subscriptions/8d4346c2-32de-4083-8774-d32ffb70f026/resourceGroups/jnj-md-common-rg/providers/Microsoft.Network/publicIPAddresses/jnj-md-bastion-public-ip",
            "type": "String"
        },
        "virtualNetworks_jnj_md_vnet_externalid": {
            "defaultValue": "/subscriptions/8d4346c2-32de-4083-8774-d32ffb70f026/resourceGroups/jnj-md-common-rg/providers/Microsoft.Network/virtualNetworks/jnj-md-vnet",
            "type": "String"
        }
    },
    "variables": {},
    "resources": [
        {
            "type": "Microsoft.Network/bastionHosts",
            "apiVersion": "2024-05-01",
            "name": "[parameters('bastionHosts_jnj_md_bastion_subnet_name')]",
            "location": "switzerlandnorth",
            "sku": {
                "name": "Basic"
            },
            "properties": {
                "dnsName": "bst-829f2d6c-bf49-4de7-9b67-7999acb5a2f5.bastion.azure.com",
                "scaleUnits": 2,
                "ipConfigurations": [
                    {
                        "name": "IpConf",
                        "id": "[concat(resourceId('Microsoft.Network/bastionHosts', parameters('bastionHosts_jnj_md_bastion_subnet_name')), '/bastionHostIpConfigurations/IpConf')]",
                        "properties": {
                            "privateIPAllocationMethod": "Dynamic",
                            "publicIPAddress": {
                                "id": "[parameters('publicIPAddresses_jnj_md_bastion_public_ip_externalid')]"
                            },
                            "subnet": {
                                "id": "[concat(parameters('virtualNetworks_jnj_md_vnet_externalid'), '/subnets/AzureBastionSubnet')]"
                            }
                        }
                    }
                ]
            }
        }
    ]
}