{
    "$schema": "https://schema.management.azure.com/schemas/2019-04-01/deploymentTemplate.json#",
    "contentVersion": "1.0.0.0",
    "parameters": {
        "certificates_AzureRunAsCertificate_base64Value": {
            "type": "SecureString"
        },
        "automationAccounts_jnj_md_auto_acct_1_name": {
            "defaultValue": "jnj-md-auto-acct-1",
            "type": "String"
        }
    },
    "variables": {},
    "resources": [
        {
            "type": "Microsoft.Automation/automationAccounts",
            "apiVersion": "2023-11-01",
            "name": "[parameters('automationAccounts_jnj_md_auto_acct_1_name')]",
            "location": "switzerlandnorth",
            "tags": {
                "StartStopVMVersion": "1.0.0.0"
            },
            "properties": {
                "sku": {
                    "name": "Basic"
                },
                "encryption": {
                    "keySource": "Microsoft.Automation",
                    "identity": {}
                }
            }
        },
        {
            "type": "Microsoft.Automation/automationAccounts/certificates",
            "apiVersion": "2023-11-01",
            "name": "[concat(parameters('automationAccounts_jnj_md_auto_acct_1_name'), '/AzureRunAsCertificate')]",
            "dependsOn": [
                "[resourceId('Microsoft.Automation/automationAccounts', parameters('automationAccounts_jnj_md_auto_acct_1_name'))]"
            ],
            "properties": {
                "description": "This certificate is used to authenticate with the service principal that was automatically created for this account. For details on this service principal and certificate, or to recreate them, go to this account’s Settings. For example usage, see the tutorial runbook in this account.",
                "isExportable": true,
                "thumbprint": "7E772E839DAE8421339265D8EDF207043EE5E3A4",
                "base64Value": "[parameters('certificates_AzureRunAsCertificate_base64Value')]"
            }
        },
        {
            "type": "Microsoft.Automation/automationAccounts/connections",
            "apiVersion": "2023-11-01",
            "name": "[concat(parameters('automationAccounts_jnj_md_auto_acct_1_name'), '/AzureRunAsConnection')]",
            "dependsOn": [
                "[resourceId('Microsoft.Automation/automationAccounts', parameters('automationAccounts_jnj_md_auto_acct_1_name'))]"
            ],
            "properties": {
                "connectionType": {
                    "name": "AzureServicePrincipal"
                }
            }
        },
        {
            "type": "Microsoft.Automation/automationAccounts/connectionTypes",
            "apiVersion": "2023-11-01",
            "name": "[concat(parameters('automationAccounts_jnj_md_auto_acct_1_name'), '/Azure')]",
            "dependsOn": [
                "[resourceId('Microsoft.Automation/automationAccounts', parameters('automationAccounts_jnj_md_auto_acct_1_name'))]"
            ],
            "properties": {
                "isGlobal": true,
                "fieldDefinitions": {
                    "AutomationCertificateName": {
                        "isEncrypted": false,
                        "isOptional": false,
                        "type": "System.String"
                    },
                    "SubscriptionID": {
                        "isEncrypted": false,
                        "isOptional": false,
                        "type": "System.String"
                    }
                }
            }
        },
        {
            "type": "Microsoft.Automation/automationAccounts/connectionTypes",
            "apiVersion": "2023-11-01",
            "name": "[concat(parameters('automationAccounts_jnj_md_auto_acct_1_name'), '/AzureClassicCertificate')]",
            "dependsOn": [
                "[resourceId('Microsoft.Automation/automationAccounts', parameters('automationAccounts_jnj_md_auto_acct_1_name'))]"
            ],
            "properties": {
                "isGlobal": true,
                "fieldDefinitions": {
                    "SubscriptionName": {
                        "isEncrypted": false,
                        "isOptional": false,
                        "type": "System.String"
                    },
                    "SubscriptionId": {
                        "isEncrypted": false,
                        "isOptional": false,
                        "type": "System.String"
                    },
                    "CertificateAssetName": {
                        "isEncrypted": false,
                        "isOptional": false,
                        "type": "System.String"
                    }
                }
            }
        },
        {
            "type": "Microsoft.Automation/automationAccounts/connectionTypes",
            "apiVersion": "2023-11-01",
            "name": "[concat(parameters('automationAccounts_jnj_md_auto_acct_1_name'), '/AzureServicePrincipal')]",
            "dependsOn": [
                "[resourceId('Microsoft.Automation/automationAccounts', parameters('automationAccounts_jnj_md_auto_acct_1_name'))]"
            ],
            "properties": {
                "isGlobal": true,
                "fieldDefinitions": {
                    "ApplicationId": {
                        "isEncrypted": false,
                        "isOptional": false,
                        "type": "System.String"
                    },
                    "TenantId": {
                        "isEncrypted": false,
                        "isOptional": false,
                        "type": "System.String"
                    },
                    "CertificateThumbprint": {
                        "isEncrypted": false,
                        "isOptional": false,
                        "type": "System.String"
                    },
                    "SubscriptionId": {
                        "isEncrypted": false,
                        "isOptional": false,
                        "type": "System.String"
                    }
                }
            }
        },
        {
            "type": "Microsoft.Automation/automationAccounts/jobs",
            "apiVersion": "2023-11-01",
            "name": "[concat(parameters('automationAccounts_jnj_md_auto_acct_1_name'), '/SCH_9d2f35c8-fe90-4003-a0a0-af4d693b38b9_901d01b8-62d8-482b-b0e7-405a3c63f1e6_638763570000000000')]",
            "dependsOn": [
                "[resourceId('Microsoft.Automation/automationAccounts', parameters('automationAccounts_jnj_md_auto_acct_1_name'))]"
            ],
            "properties": {
                "runbook": {
                    "name": "Start-Stop-QA-VMSS"
                }
            }
        },
        {
            "type": "Microsoft.Automation/automationAccounts/jobs",
            "apiVersion": "2023-11-01",
            "name": "[concat(parameters('automationAccounts_jnj_md_auto_acct_1_name'), '/SCH_9d2f35c8-fe90-4003-a0a0-af4d693b38b9_901d01b8-62d8-482b-b0e7-405a3c63f1e6_638769618000000000')]",
            "dependsOn": [
                "[resourceId('Microsoft.Automation/automationAccounts', parameters('automationAccounts_jnj_md_auto_acct_1_name'))]"
            ],
            "properties": {
                "runbook": {
                    "name": "Start-Stop-QA-VMSS"
                }
            }
        },
        {
            "type": "Microsoft.Automation/automationAccounts/jobs",
            "apiVersion": "2023-11-01",
            "name": "[concat(parameters('automationAccounts_jnj_md_auto_acct_1_name'), '/SCH_9d2f35c8-fe90-4003-a0a0-af4d693b38b9_901d01b8-62d8-482b-b0e7-405a3c63f1e6_638775666000000000')]",
            "dependsOn": [
                "[resourceId('Microsoft.Automation/automationAccounts', parameters('automationAccounts_jnj_md_auto_acct_1_name'))]"
            ],
            "properties": {
                "runbook": {
                    "name": "Start-Stop-QA-VMSS"
                }
            }
        },
        {
            "type": "Microsoft.Automation/automationAccounts/jobs",
            "apiVersion": "2023-11-01",
            "name": "[concat(parameters('automationAccounts_jnj_md_auto_acct_1_name'), '/SCH_9d2f35c8-fe90-4003-a0a0-af4d693b38b9_901d01b8-62d8-482b-b0e7-405a3c63f1e6_638781714000000000')]",
            "dependsOn": [
                "[resourceId('Microsoft.Automation/automationAccounts', parameters('automationAccounts_jnj_md_auto_acct_1_name'))]"
            ],
            "properties": {
                "runbook": {
                    "name": "Start-Stop-QA-VMSS"
                }
            }
        },
        {
            "type": "Microsoft.Automation/automationAccounts/jobs",
            "apiVersion": "2023-11-01",
            "name": "[concat(parameters('automationAccounts_jnj_md_auto_acct_1_name'), '/SCH_d26fc39c-5ecf-4766-b426-a0125b938978_901d01b8-62d8-482b-b0e7-405a3c63f1e6_638765658000000000')]",
            "dependsOn": [
                "[resourceId('Microsoft.Automation/automationAccounts', parameters('automationAccounts_jnj_md_auto_acct_1_name'))]"
            ],
            "properties": {
                "runbook": {
                    "name": "Start-Stop-QA-VMSS"
                }
            }
        },
        {
            "type": "Microsoft.Automation/automationAccounts/jobs",
            "apiVersion": "2023-11-01",
            "name": "[concat(parameters('automationAccounts_jnj_md_auto_acct_1_name'), '/SCH_d26fc39c-5ecf-4766-b426-a0125b938978_901d01b8-62d8-482b-b0e7-405a3c63f1e6_638771706000000000')]",
            "dependsOn": [
                "[resourceId('Microsoft.Automation/automationAccounts', parameters('automationAccounts_jnj_md_auto_acct_1_name'))]"
            ],
            "properties": {
                "runbook": {
                    "name": "Start-Stop-QA-VMSS"
                }
            }
        },
        {
            "type": "Microsoft.Automation/automationAccounts/jobs",
            "apiVersion": "2023-11-01",
            "name": "[concat(parameters('automationAccounts_jnj_md_auto_acct_1_name'), '/SCH_d26fc39c-5ecf-4766-b426-a0125b938978_901d01b8-62d8-482b-b0e7-405a3c63f1e6_638777754000000000')]",
            "dependsOn": [
                "[resourceId('Microsoft.Automation/automationAccounts', parameters('automationAccounts_jnj_md_auto_acct_1_name'))]"
            ],
            "properties": {
                "runbook": {
                    "name": "Start-Stop-QA-VMSS"
                }
            }
        },
        {
            "type": "Microsoft.Automation/automationAccounts/jobs",
            "apiVersion": "2023-11-01",
            "name": "[concat(parameters('automationAccounts_jnj_md_auto_acct_1_name'), '/SCH_d26fc39c-5ecf-4766-b426-a0125b938978_901d01b8-62d8-482b-b0e7-405a3c63f1e6_638783802000000000')]",
            "dependsOn": [
                "[resourceId('Microsoft.Automation/automationAccounts', parameters('automationAccounts_jnj_md_auto_acct_1_name'))]"
            ],
            "properties": {
                "runbook": {
                    "name": "Start-Stop-QA-VMSS"
                }
            }
        },
        {
            "type": "Microsoft.Automation/automationAccounts/jobSchedules",
            "apiVersion": "2023-11-01",
            "name": "[concat(parameters('automationAccounts_jnj_md_auto_acct_1_name'), '/1ff3b66e-f1e0-4318-81b1-1948c8c30035')]",
            "dependsOn": [
                "[resourceId('Microsoft.Automation/automationAccounts', parameters('automationAccounts_jnj_md_auto_acct_1_name'))]"
            ],
            "properties": {
                "runbook": {
                    "name": "ScheduledStartStop_Parent"
                },
                "schedule": {
                    "name": "Scheduled-StartVM"
                }
            }
        },
        {
            "type": "Microsoft.Automation/automationAccounts/jobSchedules",
            "apiVersion": "2023-11-01",
            "name": "[concat(parameters('automationAccounts_jnj_md_auto_acct_1_name'), '/699b8374-0c8d-4e38-849c-784b8a772d29')]",
            "dependsOn": [
                "[resourceId('Microsoft.Automation/automationAccounts', parameters('automationAccounts_jnj_md_auto_acct_1_name'))]"
            ],
            "properties": {
                "runbook": {
                    "name": "ScheduledStartStop_Parent"
                },
                "schedule": {
                    "name": "Scheduled-StopVM"
                }
            }
        },
        {
            "type": "Microsoft.Automation/automationAccounts/jobSchedules",
            "apiVersion": "2023-11-01",
            "name": "[concat(parameters('automationAccounts_jnj_md_auto_acct_1_name'), '/80e3c5dc-1b3c-47de-8262-523bca0dbc88')]",
            "dependsOn": [
                "[resourceId('Microsoft.Automation/automationAccounts', parameters('automationAccounts_jnj_md_auto_acct_1_name'))]"
            ],
            "properties": {
                "runbook": {
                    "name": "SequencedStartStop_Parent"
                },
                "schedule": {
                    "name": "Sequenced-StartVM"
                }
            }
        },
        {
            "type": "Microsoft.Automation/automationAccounts/jobSchedules",
            "apiVersion": "2023-11-01",
            "name": "[concat(parameters('automationAccounts_jnj_md_auto_acct_1_name'), '/9388c390-6724-4bd5-ae0a-bb1b4487b79c')]",
            "dependsOn": [
                "[resourceId('Microsoft.Automation/automationAccounts', parameters('automationAccounts_jnj_md_auto_acct_1_name'))]"
            ],
            "properties": {
                "runbook": {
                    "name": "AutoStop_CreateAlert_Parent"
                },
                "schedule": {
                    "name": "Schedule_AutoStop_CreateAlert_Parent"
                }
            }
        },
        {
            "type": "Microsoft.Automation/automationAccounts/jobSchedules",
            "apiVersion": "2023-11-01",
            "name": "[concat(parameters('automationAccounts_jnj_md_auto_acct_1_name'), '/9d2f35c8-fe90-4003-a0a0-af4d693b38b9')]",
            "dependsOn": [
                "[resourceId('Microsoft.Automation/automationAccounts', parameters('automationAccounts_jnj_md_auto_acct_1_name'))]"
            ],
            "properties": {
                "runbook": {
                    "name": "Start-Stop-QA-VMSS"
                },
                "schedule": {
                    "name": "QA-VMSS-Friday-Stop"
                }
            }
        },
        {
            "type": "Microsoft.Automation/automationAccounts/jobSchedules",
            "apiVersion": "2023-11-01",
            "name": "[concat(parameters('automationAccounts_jnj_md_auto_acct_1_name'), '/bc6d08a7-ecdd-46e8-acb0-d779320b49df')]",
            "dependsOn": [
                "[resourceId('Microsoft.Automation/automationAccounts', parameters('automationAccounts_jnj_md_auto_acct_1_name'))]"
            ],
            "properties": {
                "runbook": {
                    "name": "SequencedStartStop_Parent"
                },
                "schedule": {
                    "name": "Sequenced-StopVM"
                }
            }
        },
        {
            "type": "Microsoft.Automation/automationAccounts/jobSchedules",
            "apiVersion": "2023-11-01",
            "name": "[concat(parameters('automationAccounts_jnj_md_auto_acct_1_name'), '/d26fc39c-5ecf-4766-b426-a0125b938978')]",
            "dependsOn": [
                "[resourceId('Microsoft.Automation/automationAccounts', parameters('automationAccounts_jnj_md_auto_acct_1_name'))]"
            ],
            "properties": {
                "runbook": {
                    "name": "Start-Stop-QA-VMSS"
                },
                "schedule": {
                    "name": "QA-VMSS-Monday-Start"
                }
            }
        },
        {
            "type": "Microsoft.Automation/automationAccounts/modules",
            "apiVersion": "2023-11-01",
            "name": "[concat(parameters('automationAccounts_jnj_md_auto_acct_1_name'), '/AuditPolicyDsc')]",
            "dependsOn": [
                "[resourceId('Microsoft.Automation/automationAccounts', parameters('automationAccounts_jnj_md_auto_acct_1_name'))]"
            ],
            "properties": {
                "contentLink": {}
            }
        },
        {
            "type": "Microsoft.Automation/automationAccounts/modules",
            "apiVersion": "2023-11-01",
            "name": "[concat(parameters('automationAccounts_jnj_md_auto_acct_1_name'), '/Az.Accounts')]",
            "dependsOn": [
                "[resourceId('Microsoft.Automation/automationAccounts', parameters('automationAccounts_jnj_md_auto_acct_1_name'))]"
            ],
            "properties": {
                "contentLink": {}
            }
        },
        {
            "type": "Microsoft.Automation/automationAccounts/modules",
            "apiVersion": "2023-11-01",
            "name": "[concat(parameters('automationAccounts_jnj_md_auto_acct_1_name'), '/Az.Automation')]",
            "dependsOn": [
                "[resourceId('Microsoft.Automation/automationAccounts', parameters('automationAccounts_jnj_md_auto_acct_1_name'))]"
            ],
            "properties": {
                "contentLink": {}
            }
        },
        {
            "type": "Microsoft.Automation/automationAccounts/modules",
            "apiVersion": "2023-11-01",
            "name": "[concat(parameters('automationAccounts_jnj_md_auto_acct_1_name'), '/Az.Compute')]",
            "dependsOn": [
                "[resourceId('Microsoft.Automation/automationAccounts', parameters('automationAccounts_jnj_md_auto_acct_1_name'))]"
            ],
            "properties": {
                "contentLink": {}
            }
        },
        {
            "type": "Microsoft.Automation/automationAccounts/modules",
            "apiVersion": "2023-11-01",
            "name": "[concat(parameters('automationAccounts_jnj_md_auto_acct_1_name'), '/Az.Insights')]",
            "dependsOn": [
                "[resourceId('Microsoft.Automation/automationAccounts', parameters('automationAccounts_jnj_md_auto_acct_1_name'))]"
            ],
            "properties": {
                "contentLink": {}
            }
        },
        {
            "type": "Microsoft.Automation/automationAccounts/modules",
            "apiVersion": "2023-11-01",
            "name": "[concat(parameters('automationAccounts_jnj_md_auto_acct_1_name'), '/Az.Monitor')]",
            "dependsOn": [
                "[resourceId('Microsoft.Automation/automationAccounts', parameters('automationAccounts_jnj_md_auto_acct_1_name'))]"
            ],
            "properties": {
                "contentLink": {}
            }
        },
        {
            "type": "Microsoft.Automation/automationAccounts/modules",
            "apiVersion": "2023-11-01",
            "name": "[concat(parameters('automationAccounts_jnj_md_auto_acct_1_name'), '/Az.OperationalInsights')]",
            "dependsOn": [
                "[resourceId('Microsoft.Automation/automationAccounts', parameters('automationAccounts_jnj_md_auto_acct_1_name'))]"
            ],
            "properties": {
                "contentLink": {}
            }
        },
        {
            "type": "Microsoft.Automation/automationAccounts/modules",
            "apiVersion": "2023-11-01",
            "name": "[concat(parameters('automationAccounts_jnj_md_auto_acct_1_name'), '/Az.Profile')]",
            "dependsOn": [
                "[resourceId('Microsoft.Automation/automationAccounts', parameters('automationAccounts_jnj_md_auto_acct_1_name'))]"
            ],
            "properties": {
                "contentLink": {}
            }
        },
        {
            "type": "Microsoft.Automation/automationAccounts/modules",
            "apiVersion": "2023-11-01",
            "name": "[concat(parameters('automationAccounts_jnj_md_auto_acct_1_name'), '/Az.ResourceGraph')]",
            "dependsOn": [
                "[resourceId('Microsoft.Automation/automationAccounts', parameters('automationAccounts_jnj_md_auto_acct_1_name'))]"
            ],
            "properties": {
                "contentLink": {}
            }
        },
        {
            "type": "Microsoft.Automation/automationAccounts/modules",
            "apiVersion": "2023-11-01",
            "name": "[concat(parameters('automationAccounts_jnj_md_auto_acct_1_name'), '/Az.Resources')]",
            "dependsOn": [
                "[resourceId('Microsoft.Automation/automationAccounts', parameters('automationAccounts_jnj_md_auto_acct_1_name'))]"
            ],
            "properties": {
                "contentLink": {}
            }
        },
        {
            "type": "Microsoft.Automation/automationAccounts/modules",
            "apiVersion": "2023-11-01",
            "name": "[concat(parameters('automationAccounts_jnj_md_auto_acct_1_name'), '/Az.Storage')]",
            "dependsOn": [
                "[resourceId('Microsoft.Automation/automationAccounts', parameters('automationAccounts_jnj_md_auto_acct_1_name'))]"
            ],
            "properties": {
                "contentLink": {}
            }
        },
        {
            "type": "Microsoft.Automation/automationAccounts/modules",
            "apiVersion": "2023-11-01",
            "name": "[concat(parameters('automationAccounts_jnj_md_auto_acct_1_name'), '/Azure')]",
            "dependsOn": [
                "[resourceId('Microsoft.Automation/automationAccounts', parameters('automationAccounts_jnj_md_auto_acct_1_name'))]"
            ],
            "properties": {
                "contentLink": {}
            }
        },
        {
            "type": "Microsoft.Automation/automationAccounts/modules",
            "apiVersion": "2023-11-01",
            "name": "[concat(parameters('automationAccounts_jnj_md_auto_acct_1_name'), '/Azure.Storage')]",
            "dependsOn": [
                "[resourceId('Microsoft.Automation/automationAccounts', parameters('automationAccounts_jnj_md_auto_acct_1_name'))]"
            ],
            "properties": {
                "contentLink": {}
            }
        },
        {
            "type": "Microsoft.Automation/automationAccounts/modules",
            "apiVersion": "2023-11-01",
            "name": "[concat(parameters('automationAccounts_jnj_md_auto_acct_1_name'), '/AzureRM.Automation')]",
            "dependsOn": [
                "[resourceId('Microsoft.Automation/automationAccounts', parameters('automationAccounts_jnj_md_auto_acct_1_name'))]"
            ],
            "properties": {
                "contentLink": {}
            }
        },
        {
            "type": "Microsoft.Automation/automationAccounts/modules",
            "apiVersion": "2023-11-01",
            "name": "[concat(parameters('automationAccounts_jnj_md_auto_acct_1_name'), '/AzureRM.Compute')]",
            "dependsOn": [
                "[resourceId('Microsoft.Automation/automationAccounts', parameters('automationAccounts_jnj_md_auto_acct_1_name'))]"
            ],
            "properties": {
                "contentLink": {}
            }
        },
        {
            "type": "Microsoft.Automation/automationAccounts/modules",
            "apiVersion": "2023-11-01",
            "name": "[concat(parameters('automationAccounts_jnj_md_auto_acct_1_name'), '/AzureRM.Profile')]",
            "dependsOn": [
                "[resourceId('Microsoft.Automation/automationAccounts', parameters('automationAccounts_jnj_md_auto_acct_1_name'))]"
            ],
            "properties": {
                "contentLink": {}
            }
        },
        {
            "type": "Microsoft.Automation/automationAccounts/modules",
            "apiVersion": "2023-11-01",
            "name": "[concat(parameters('automationAccounts_jnj_md_auto_acct_1_name'), '/AzureRM.Resources')]",
            "dependsOn": [
                "[resourceId('Microsoft.Automation/automationAccounts', parameters('automationAccounts_jnj_md_auto_acct_1_name'))]"
            ],
            "properties": {
                "contentLink": {}
            }
        },
        {
            "type": "Microsoft.Automation/automationAccounts/modules",
            "apiVersion": "2023-11-01",
            "name": "[concat(parameters('automationAccounts_jnj_md_auto_acct_1_name'), '/AzureRM.Sql')]",
            "dependsOn": [
                "[resourceId('Microsoft.Automation/automationAccounts', parameters('automationAccounts_jnj_md_auto_acct_1_name'))]"
            ],
            "properties": {
                "contentLink": {}
            }
        },
        {
            "type": "Microsoft.Automation/automationAccounts/modules",
            "apiVersion": "2023-11-01",
            "name": "[concat(parameters('automationAccounts_jnj_md_auto_acct_1_name'), '/AzureRM.Storage')]",
            "dependsOn": [
                "[resourceId('Microsoft.Automation/automationAccounts', parameters('automationAccounts_jnj_md_auto_acct_1_name'))]"
            ],
            "properties": {
                "contentLink": {}
            }
        },
        {
            "type": "Microsoft.Automation/automationAccounts/modules",
            "apiVersion": "2023-11-01",
            "name": "[concat(parameters('automationAccounts_jnj_md_auto_acct_1_name'), '/ComputerManagementDsc')]",
            "dependsOn": [
                "[resourceId('Microsoft.Automation/automationAccounts', parameters('automationAccounts_jnj_md_auto_acct_1_name'))]"
            ],
            "properties": {
                "contentLink": {}
            }
        },
        {
            "type": "Microsoft.Automation/automationAccounts/modules",
            "apiVersion": "2023-11-01",
            "name": "[concat(parameters('automationAccounts_jnj_md_auto_acct_1_name'), '/GPRegistryPolicyParser')]",
            "dependsOn": [
                "[resourceId('Microsoft.Automation/automationAccounts', parameters('automationAccounts_jnj_md_auto_acct_1_name'))]"
            ],
            "properties": {
                "contentLink": {}
            }
        },
        {
            "type": "Microsoft.Automation/automationAccounts/modules",
            "apiVersion": "2023-11-01",
            "name": "[concat(parameters('automationAccounts_jnj_md_auto_acct_1_name'), '/Microsoft.PowerShell.Core')]",
            "dependsOn": [
                "[resourceId('Microsoft.Automation/automationAccounts', parameters('automationAccounts_jnj_md_auto_acct_1_name'))]"
            ],
            "properties": {
                "contentLink": {}
            }
        },
        {
            "type": "Microsoft.Automation/automationAccounts/modules",
            "apiVersion": "2023-11-01",
            "name": "[concat(parameters('automationAccounts_jnj_md_auto_acct_1_name'), '/Microsoft.PowerShell.Diagnostics')]",
            "dependsOn": [
                "[resourceId('Microsoft.Automation/automationAccounts', parameters('automationAccounts_jnj_md_auto_acct_1_name'))]"
            ],
            "properties": {
                "contentLink": {}
            }
        },
        {
            "type": "Microsoft.Automation/automationAccounts/modules",
            "apiVersion": "2023-11-01",
            "name": "[concat(parameters('automationAccounts_jnj_md_auto_acct_1_name'), '/Microsoft.PowerShell.Management')]",
            "dependsOn": [
                "[resourceId('Microsoft.Automation/automationAccounts', parameters('automationAccounts_jnj_md_auto_acct_1_name'))]"
            ],
            "properties": {
                "contentLink": {}
            }
        },
        {
            "type": "Microsoft.Automation/automationAccounts/modules",
            "apiVersion": "2023-11-01",
            "name": "[concat(parameters('automationAccounts_jnj_md_auto_acct_1_name'), '/Microsoft.PowerShell.Security')]",
            "dependsOn": [
                "[resourceId('Microsoft.Automation/automationAccounts', parameters('automationAccounts_jnj_md_auto_acct_1_name'))]"
            ],
            "properties": {
                "contentLink": {}
            }
        },
        {
            "type": "Microsoft.Automation/automationAccounts/modules",
            "apiVersion": "2023-11-01",
            "name": "[concat(parameters('automationAccounts_jnj_md_auto_acct_1_name'), '/Microsoft.PowerShell.Utility')]",
            "dependsOn": [
                "[resourceId('Microsoft.Automation/automationAccounts', parameters('automationAccounts_jnj_md_auto_acct_1_name'))]"
            ],
            "properties": {
                "contentLink": {}
            }
        },
        {
            "type": "Microsoft.Automation/automationAccounts/modules",
            "apiVersion": "2023-11-01",
            "name": "[concat(parameters('automationAccounts_jnj_md_auto_acct_1_name'), '/Microsoft.WSMan.Management')]",
            "dependsOn": [
                "[resourceId('Microsoft.Automation/automationAccounts', parameters('automationAccounts_jnj_md_auto_acct_1_name'))]"
            ],
            "properties": {
                "contentLink": {}
            }
        },
        {
            "type": "Microsoft.Automation/automationAccounts/modules",
            "apiVersion": "2023-11-01",
            "name": "[concat(parameters('automationAccounts_jnj_md_auto_acct_1_name'), '/Orchestrator.AssetManagement.Cmdlets')]",
            "dependsOn": [
                "[resourceId('Microsoft.Automation/automationAccounts', parameters('automationAccounts_jnj_md_auto_acct_1_name'))]"
            ],
            "properties": {
                "contentLink": {}
            }
        },
        {
            "type": "Microsoft.Automation/automationAccounts/modules",
            "apiVersion": "2023-11-01",
            "name": "[concat(parameters('automationAccounts_jnj_md_auto_acct_1_name'), '/PSDscResources')]",
            "dependsOn": [
                "[resourceId('Microsoft.Automation/automationAccounts', parameters('automationAccounts_jnj_md_auto_acct_1_name'))]"
            ],
            "properties": {
                "contentLink": {}
            }
        },
        {
            "type": "Microsoft.Automation/automationAccounts/modules",
            "apiVersion": "2023-11-01",
            "name": "[concat(parameters('automationAccounts_jnj_md_auto_acct_1_name'), '/SecurityPolicyDsc')]",
            "dependsOn": [
                "[resourceId('Microsoft.Automation/automationAccounts', parameters('automationAccounts_jnj_md_auto_acct_1_name'))]"
            ],
            "properties": {
                "contentLink": {}
            }
        },
        {
            "type": "Microsoft.Automation/automationAccounts/modules",
            "apiVersion": "2023-11-01",
            "name": "[concat(parameters('automationAccounts_jnj_md_auto_acct_1_name'), '/StateConfigCompositeResources')]",
            "dependsOn": [
                "[resourceId('Microsoft.Automation/automationAccounts', parameters('automationAccounts_jnj_md_auto_acct_1_name'))]"
            ],
            "properties": {
                "contentLink": {}
            }
        },
        {
            "type": "Microsoft.Automation/automationAccounts/modules",
            "apiVersion": "2023-11-01",
            "name": "[concat(parameters('automationAccounts_jnj_md_auto_acct_1_name'), '/xDSCDomainjoin')]",
            "dependsOn": [
                "[resourceId('Microsoft.Automation/automationAccounts', parameters('automationAccounts_jnj_md_auto_acct_1_name'))]"
            ],
            "properties": {
                "contentLink": {}
            }
        },
        {
            "type": "Microsoft.Automation/automationAccounts/modules",
            "apiVersion": "2023-11-01",
            "name": "[concat(parameters('automationAccounts_jnj_md_auto_acct_1_name'), '/xPowerShellExecutionPolicy')]",
            "dependsOn": [
                "[resourceId('Microsoft.Automation/automationAccounts', parameters('automationAccounts_jnj_md_auto_acct_1_name'))]"
            ],
            "properties": {
                "contentLink": {}
            }
        },
        {
            "type": "Microsoft.Automation/automationAccounts/modules",
            "apiVersion": "2023-11-01",
            "name": "[concat(parameters('automationAccounts_jnj_md_auto_acct_1_name'), '/xRemoteDesktopAdmin')]",
            "dependsOn": [
                "[resourceId('Microsoft.Automation/automationAccounts', parameters('automationAccounts_jnj_md_auto_acct_1_name'))]"
            ],
            "properties": {
                "contentLink": {}
            }
        },
        {
            "type": "Microsoft.Automation/automationAccounts/runbooks",
            "apiVersion": "2023-11-01",
            "name": "[concat(parameters('automationAccounts_jnj_md_auto_acct_1_name'), '/AutoStop_CreateAlert_Child')]",
            "location": "switzerlandnorth",
            "dependsOn": [
                "[resourceId('Microsoft.Automation/automationAccounts', parameters('automationAccounts_jnj_md_auto_acct_1_name'))]"
            ],
            "tags": {
                "version": "2.0.0.0"
            },
            "properties": {
                "runbookType": "PowerShell",
                "logVerbose": false,
                "logProgress": false,
                "logActivityTrace": 0
            }
        },
        {
            "type": "Microsoft.Automation/automationAccounts/runbooks",
            "apiVersion": "2023-11-01",
            "name": "[concat(parameters('automationAccounts_jnj_md_auto_acct_1_name'), '/AutoStop_CreateAlert_Parent')]",
            "location": "switzerlandnorth",
            "dependsOn": [
                "[resourceId('Microsoft.Automation/automationAccounts', parameters('automationAccounts_jnj_md_auto_acct_1_name'))]"
            ],
            "tags": {
                "version": "2.0.0.0"
            },
            "properties": {
                "runbookType": "PowerShell",
                "logVerbose": false,
                "logProgress": false,
                "logActivityTrace": 0
            }
        },
        {
            "type": "Microsoft.Automation/automationAccounts/runbooks",
            "apiVersion": "2023-11-01",
            "name": "[concat(parameters('automationAccounts_jnj_md_auto_acct_1_name'), '/AutoStop_Disable')]",
            "location": "switzerlandnorth",
            "dependsOn": [
                "[resourceId('Microsoft.Automation/automationAccounts', parameters('automationAccounts_jnj_md_auto_acct_1_name'))]"
            ],
            "tags": {
                "version": "2.0.0.0"
            },
            "properties": {
                "runbookType": "PowerShell",
                "logVerbose": false,
                "logProgress": false,
                "logActivityTrace": 0
            }
        },
        {
            "type": "Microsoft.Automation/automationAccounts/runbooks",
            "apiVersion": "2023-11-01",
            "name": "[concat(parameters('automationAccounts_jnj_md_auto_acct_1_name'), '/AutoStop_VM_Child')]",
            "location": "switzerlandnorth",
            "dependsOn": [
                "[resourceId('Microsoft.Automation/automationAccounts', parameters('automationAccounts_jnj_md_auto_acct_1_name'))]"
            ],
            "tags": {
                "version": "2.0.0.0"
            },
            "properties": {
                "runbookType": "PowerShell",
                "logVerbose": false,
                "logProgress": false,
                "logActivityTrace": 0
            }
        },
        {
            "type": "Microsoft.Automation/automationAccounts/runbooks",
            "apiVersion": "2023-11-01",
            "name": "[concat(parameters('automationAccounts_jnj_md_auto_acct_1_name'), '/AutoStop_VM_Child_ARM')]",
            "location": "switzerlandnorth",
            "dependsOn": [
                "[resourceId('Microsoft.Automation/automationAccounts', parameters('automationAccounts_jnj_md_auto_acct_1_name'))]"
            ],
            "tags": {
                "version": "1.0.0.0"
            },
            "properties": {
                "runbookType": "PowerShell",
                "logVerbose": false,
                "logProgress": false,
                "logActivityTrace": 0
            }
        },
        {
            "type": "Microsoft.Automation/automationAccounts/runbooks",
            "apiVersion": "2023-11-01",
            "name": "[concat(parameters('automationAccounts_jnj_md_auto_acct_1_name'), '/AzureAutomationTutorial')]",
            "location": "switzerlandnorth",
            "dependsOn": [
                "[resourceId('Microsoft.Automation/automationAccounts', parameters('automationAccounts_jnj_md_auto_acct_1_name'))]"
            ],
            "properties": {
                "runbookType": "GraphPowerShell",
                "logVerbose": false,
                "logProgress": false,
                "logActivityTrace": 0
            }
        },
        {
            "type": "Microsoft.Automation/automationAccounts/runbooks",
            "apiVersion": "2023-11-01",
            "name": "[concat(parameters('automationAccounts_jnj_md_auto_acct_1_name'), '/AzureAutomationTutorialPython2')]",
            "location": "switzerlandnorth",
            "dependsOn": [
                "[resourceId('Microsoft.Automation/automationAccounts', parameters('automationAccounts_jnj_md_auto_acct_1_name'))]"
            ],
            "properties": {
                "runbookType": "Python2",
                "logVerbose": false,
                "logProgress": false,
                "logActivityTrace": 0
            }
        },
        {
            "type": "Microsoft.Automation/automationAccounts/runbooks",
            "apiVersion": "2023-11-01",
            "name": "[concat(parameters('automationAccounts_jnj_md_auto_acct_1_name'), '/AzureAutomationTutorialScript')]",
            "location": "switzerlandnorth",
            "dependsOn": [
                "[resourceId('Microsoft.Automation/automationAccounts', parameters('automationAccounts_jnj_md_auto_acct_1_name'))]"
            ],
            "properties": {
                "runbookType": "PowerShell",
                "logVerbose": false,
                "logProgress": false,
                "logActivityTrace": 0
            }
        },
        {
            "type": "Microsoft.Automation/automationAccounts/runbooks",
            "apiVersion": "2023-11-01",
            "name": "[concat(parameters('automationAccounts_jnj_md_auto_acct_1_name'), '/ScheduledStartStop_Base_Classic')]",
            "location": "switzerlandnorth",
            "dependsOn": [
                "[resourceId('Microsoft.Automation/automationAccounts', parameters('automationAccounts_jnj_md_auto_acct_1_name'))]"
            ],
            "tags": {
                "version": "2.0.0.0"
            },
            "properties": {
                "runbookType": "PowerShell",
                "logVerbose": false,
                "logProgress": false,
                "logActivityTrace": 0
            }
        },
        {
            "type": "Microsoft.Automation/automationAccounts/runbooks",
            "apiVersion": "2023-11-01",
            "name": "[concat(parameters('automationAccounts_jnj_md_auto_acct_1_name'), '/ScheduledStartStop_Child')]",
            "location": "switzerlandnorth",
            "dependsOn": [
                "[resourceId('Microsoft.Automation/automationAccounts', parameters('automationAccounts_jnj_md_auto_acct_1_name'))]"
            ],
            "tags": {
                "version": "2.0.0.0"
            },
            "properties": {
                "runbookType": "PowerShell",
                "logVerbose": false,
                "logProgress": false,
                "logActivityTrace": 0
            }
        },
        {
            "type": "Microsoft.Automation/automationAccounts/runbooks",
            "apiVersion": "2023-11-01",
            "name": "[concat(parameters('automationAccounts_jnj_md_auto_acct_1_name'), '/ScheduledStartStop_Child_Classic')]",
            "location": "switzerlandnorth",
            "dependsOn": [
                "[resourceId('Microsoft.Automation/automationAccounts', parameters('automationAccounts_jnj_md_auto_acct_1_name'))]"
            ],
            "tags": {
                "version": "2.0.0.0"
            },
            "properties": {
                "runbookType": "PowerShell",
                "logVerbose": false,
                "logProgress": false,
                "logActivityTrace": 0
            }
        },
        {
            "type": "Microsoft.Automation/automationAccounts/runbooks",
            "apiVersion": "2023-11-01",
            "name": "[concat(parameters('automationAccounts_jnj_md_auto_acct_1_name'), '/ScheduledStartStop_Parent')]",
            "location": "switzerlandnorth",
            "dependsOn": [
                "[resourceId('Microsoft.Automation/automationAccounts', parameters('automationAccounts_jnj_md_auto_acct_1_name'))]"
            ],
            "tags": {
                "version": "2.0.0.0"
            },
            "properties": {
                "runbookType": "PowerShell",
                "logVerbose": false,
                "logProgress": false,
                "logActivityTrace": 0
            }
        },
        {
            "type": "Microsoft.Automation/automationAccounts/runbooks",
            "apiVersion": "2023-11-01",
            "name": "[concat(parameters('automationAccounts_jnj_md_auto_acct_1_name'), '/SequencedStartStop_Parent')]",
            "location": "switzerlandnorth",
            "dependsOn": [
                "[resourceId('Microsoft.Automation/automationAccounts', parameters('automationAccounts_jnj_md_auto_acct_1_name'))]"
            ],
            "tags": {
                "version": "2.0.0.0"
            },
            "properties": {
                "runbookType": "PowerShell",
                "logVerbose": false,
                "logProgress": false,
                "logActivityTrace": 0
            }
        },
        {
            "type": "Microsoft.Automation/automationAccounts/runbooks",
            "apiVersion": "2023-11-01",
            "name": "[concat(parameters('automationAccounts_jnj_md_auto_acct_1_name'), '/Start-Stop-QA-VMSS')]",
            "location": "switzerlandnorth",
            "dependsOn": [
                "[resourceId('Microsoft.Automation/automationAccounts', parameters('automationAccounts_jnj_md_auto_acct_1_name'))]"
            ],
            "properties": {
                "runbookType": "PowerShellWorkflow",
                "logVerbose": false,
                "logProgress": false,
                "logActivityTrace": 0
            }
        },
        {
            "type": "Microsoft.Automation/automationAccounts/runtimeEnvironments",
            "apiVersion": "2023-05-15-preview",
            "name": "[concat(parameters('automationAccounts_jnj_md_auto_acct_1_name'), '/PowerShell-5.1')]",
            "location": "switzerlandnorth",
            "dependsOn": [
                "[resourceId('Microsoft.Automation/automationAccounts', parameters('automationAccounts_jnj_md_auto_acct_1_name'))]"
            ],
            "properties": {
                "runtime": {
                    "language": "PowerShell",
                    "version": "5.1"
                },
                "description": "System-generated Runtime Environment for your Automation account with Runtime language: PowerShell & Runtime version: 5.1. It automatically populates Packages defined for PowerShell 5.1 runtime version in your Automation account. This Runtime environment is non-editable. "
            }
        },
        {
            "type": "Microsoft.Automation/automationAccounts/runtimeEnvironments",
            "apiVersion": "2023-05-15-preview",
            "name": "[concat(parameters('automationAccounts_jnj_md_auto_acct_1_name'), '/PowerShell-7.1')]",
            "location": "switzerlandnorth",
            "dependsOn": [
                "[resourceId('Microsoft.Automation/automationAccounts', parameters('automationAccounts_jnj_md_auto_acct_1_name'))]"
            ],
            "properties": {
                "runtime": {
                    "language": "PowerShell",
                    "version": "7.1"
                },
                "description": "System-generated Runtime Environment for your Automation account with Runtime language: PowerShell & Runtime version: 7.1. It automatically populates Packages defined for PowerShell 7.1 runtime version in your Automation account. This Runtime environment is non-editable. "
            }
        },
        {
            "type": "Microsoft.Automation/automationAccounts/runtimeEnvironments",
            "apiVersion": "2023-05-15-preview",
            "name": "[concat(parameters('automationAccounts_jnj_md_auto_acct_1_name'), '/PowerShell-7.2')]",
            "location": "switzerlandnorth",
            "dependsOn": [
                "[resourceId('Microsoft.Automation/automationAccounts', parameters('automationAccounts_jnj_md_auto_acct_1_name'))]"
            ],
            "properties": {
                "runtime": {
                    "language": "PowerShell",
                    "version": "7.2"
                },
                "defaultPackages": {
                    "azure cli": "2.56.0",
                    "az": "8.3.0"
                },
                "description": "System-generated Runtime Environment for your Automation account with Runtime language: PowerShell & Runtime version: 7.2. It automatically populates Packages defined for PowerShell 7.2 runtime version in your Automation account. This Runtime environment is non-editable. "
            }
        },
        {
            "type": "Microsoft.Automation/automationAccounts/runtimeEnvironments",
            "apiVersion": "2023-05-15-preview",
            "name": "[concat(parameters('automationAccounts_jnj_md_auto_acct_1_name'), '/Python-2.7')]",
            "location": "switzerlandnorth",
            "dependsOn": [
                "[resourceId('Microsoft.Automation/automationAccounts', parameters('automationAccounts_jnj_md_auto_acct_1_name'))]"
            ],
            "properties": {
                "runtime": {
                    "language": "Python",
                    "version": "2.7"
                },
                "description": "System-generated Runtime Environment for your Automation account with Runtime language: Python & Runtime version: 2.7. It automatically populates Packages defined for Python 2.7 runtime version in your Automation account. This Runtime environment is non-editable. "
            }
        },
        {
            "type": "Microsoft.Automation/automationAccounts/runtimeEnvironments",
            "apiVersion": "2023-05-15-preview",
            "name": "[concat(parameters('automationAccounts_jnj_md_auto_acct_1_name'), '/Python-3.10')]",
            "location": "switzerlandnorth",
            "dependsOn": [
                "[resourceId('Microsoft.Automation/automationAccounts', parameters('automationAccounts_jnj_md_auto_acct_1_name'))]"
            ],
            "properties": {
                "runtime": {
                    "language": "Python",
                    "version": "3.10"
                },
                "description": "System-generated Runtime Environment for your Automation account with Runtime language: Python & Runtime version: 3.10. It automatically populates Packages defined for Python 3.10 runtime version in your Automation account. This Runtime environment is non-editable. "
            }
        },
        {
            "type": "Microsoft.Automation/automationAccounts/runtimeEnvironments",
            "apiVersion": "2023-05-15-preview",
            "name": "[concat(parameters('automationAccounts_jnj_md_auto_acct_1_name'), '/Python-3.8')]",
            "location": "switzerlandnorth",
            "dependsOn": [
                "[resourceId('Microsoft.Automation/automationAccounts', parameters('automationAccounts_jnj_md_auto_acct_1_name'))]"
            ],
            "properties": {
                "runtime": {
                    "language": "Python",
                    "version": "3.8"
                },
                "description": "System-generated Runtime Environment for your Automation account with Runtime language: Python & Runtime version: 3.8. It automatically populates Packages defined for Python 3.8 runtime version in your Automation account. This Runtime environment is non-editable. "
            }
        },
        {
            "type": "Microsoft.Automation/automationAccounts/schedules",
            "apiVersion": "2023-11-01",
            "name": "[concat(parameters('automationAccounts_jnj_md_auto_acct_1_name'), '/QA-VMSS-Friday-Stop')]",
            "dependsOn": [
                "[resourceId('Microsoft.Automation/automationAccounts', parameters('automationAccounts_jnj_md_auto_acct_1_name'))]"
            ],
            "properties": {
                "description": "Every Friday Stop Schedule of QA VMSS Server \"jnj-md-qa-apac-vmss-1\"",
                "startTime": "2022-05-21T22:00:00+05:30",
                "expiryTime": "9999-12-31T23:59:59.9999999+00:00",
                "interval": 1,
                "frequency": "Week",
                "timeZone": "Asia/Kolkata",
                "advancedSchedule": {
                    "weekDays": [
                        "Friday"
                    ]
                }
            }
        },
        {
            "type": "Microsoft.Automation/automationAccounts/schedules",
            "apiVersion": "2023-11-01",
            "name": "[concat(parameters('automationAccounts_jnj_md_auto_acct_1_name'), '/QA-VMSS-Monday-Start')]",
            "dependsOn": [
                "[resourceId('Microsoft.Automation/automationAccounts', parameters('automationAccounts_jnj_md_auto_acct_1_name'))]"
            ],
            "properties": {
                "description": "Every Monday Start Schedule for QA VMSS Server \"jnj-md-qa-apac-vmss-1\"",
                "startTime": "2022-05-21T08:00:00+05:30",
                "expiryTime": "9999-12-31T23:59:59.9999999+00:00",
                "interval": 1,
                "frequency": "Week",
                "timeZone": "Asia/Kolkata",
                "advancedSchedule": {
                    "weekDays": [
                        "Monday"
                    ]
                }
            }
        },
        {
            "type": "Microsoft.Automation/automationAccounts/schedules",
            "apiVersion": "2023-11-01",
            "name": "[concat(parameters('automationAccounts_jnj_md_auto_acct_1_name'), '/Schedule_AutoStop_CreateAlert_Parent')]",
            "dependsOn": [
                "[resourceId('Microsoft.Automation/automationAccounts', parameters('automationAccounts_jnj_md_auto_acct_1_name'))]"
            ],
            "properties": {
                "startTime": "2021-09-20T07:33:00+00:00",
                "expiryTime": "2024-09-20T07:33:00+00:00",
                "interval": 8,
                "frequency": "Hour",
                "timeZone": "Etc/UTC"
            }
        },
        {
            "type": "Microsoft.Automation/automationAccounts/schedules",
            "apiVersion": "2023-11-01",
            "name": "[concat(parameters('automationAccounts_jnj_md_auto_acct_1_name'), '/Scheduled-StartVM')]",
            "dependsOn": [
                "[resourceId('Microsoft.Automation/automationAccounts', parameters('automationAccounts_jnj_md_auto_acct_1_name'))]"
            ],
            "properties": {
                "description": "Schedule for ScheduledStartStop runbook - start action",
                "startTime": "2021-11-03T09:00:00+05:30",
                "expiryTime": "9999-12-31T23:59:59.9999999+00:00",
                "interval": 1,
                "frequency": "Week",
                "timeZone": "Asia/Kolkata",
                "advancedSchedule": {
                    "weekDays": [
                        "Monday",
                        "Tuesday",
                        "Wednesday",
                        "Thursday",
                        "Friday"
                    ]
                }
            }
        },
        {
            "type": "Microsoft.Automation/automationAccounts/schedules",
            "apiVersion": "2023-11-01",
            "name": "[concat(parameters('automationAccounts_jnj_md_auto_acct_1_name'), '/Scheduled-StopVM')]",
            "dependsOn": [
                "[resourceId('Microsoft.Automation/automationAccounts', parameters('automationAccounts_jnj_md_auto_acct_1_name'))]"
            ],
            "properties": {
                "description": "Schedule for ScheduledStartStop runbook - stop action",
                "startTime": "2021-11-03T00:00:00+05:30",
                "expiryTime": "9999-12-31T23:59:59.9999999+00:00",
                "interval": 1,
                "frequency": "Week",
                "timeZone": "Asia/Kolkata",
                "advancedSchedule": {
                    "weekDays": [
                        "Monday",
                        "Tuesday",
                        "Wednesday",
                        "Thursday",
                        "Friday",
                        "Saturday"
                    ]
                }
            }
        },
        {
            "type": "Microsoft.Automation/automationAccounts/schedules",
            "apiVersion": "2023-11-01",
            "name": "[concat(parameters('automationAccounts_jnj_md_auto_acct_1_name'), '/Sequenced-StartVM')]",
            "dependsOn": [
                "[resourceId('Microsoft.Automation/automationAccounts', parameters('automationAccounts_jnj_md_auto_acct_1_name'))]"
            ],
            "properties": {
                "startTime": "2021-09-21T13:00:00+00:00",
                "expiryTime": "9999-12-31T23:59:00+00:00",
                "interval": 1,
                "frequency": "Week",
                "timeZone": "Etc/UTC",
                "advancedSchedule": {
                    "weekDays": [
                        "Monday"
                    ]
                }
            }
        },
        {
            "type": "Microsoft.Automation/automationAccounts/schedules",
            "apiVersion": "2023-11-01",
            "name": "[concat(parameters('automationAccounts_jnj_md_auto_acct_1_name'), '/Sequenced-StopVM')]",
            "dependsOn": [
                "[resourceId('Microsoft.Automation/automationAccounts', parameters('automationAccounts_jnj_md_auto_acct_1_name'))]"
            ],
            "properties": {
                "startTime": "2021-09-21T01:00:00+00:00",
                "expiryTime": "9999-12-31T23:59:00+00:00",
                "interval": 1,
                "frequency": "Week",
                "timeZone": "Etc/UTC",
                "advancedSchedule": {
                    "weekDays": [
                        "Friday"
                    ]
                }
            }
        },
        {
            "type": "Microsoft.Automation/automationAccounts/variables",
            "apiVersion": "2023-11-01",
            "name": "[concat(parameters('automationAccounts_jnj_md_auto_acct_1_name'), '/External_AutoStop_Condition')]",
            "dependsOn": [
                "[resourceId('Microsoft.Automation/automationAccounts', parameters('automationAccounts_jnj_md_auto_acct_1_name'))]"
            ],
            "properties": {
                "isEncrypted": false,
                "value": "\"LessThan\"",
                "description": "This is the conditional operator required for configuring the condition before triggering an alert. Possible values are [GreaterThan, GreaterThanOrEqual, LessThan, LessThanOrEqual]"
            }
        },
        {
            "type": "Microsoft.Automation/automationAccounts/variables",
            "apiVersion": "2023-11-01",
            "name": "[concat(parameters('automationAccounts_jnj_md_auto_acct_1_name'), '/External_AutoStop_Description')]",
            "dependsOn": [
                "[resourceId('Microsoft.Automation/automationAccounts', parameters('automationAccounts_jnj_md_auto_acct_1_name'))]"
            ],
            "properties": {
                "isEncrypted": false,
                "value": "\"Alert to stop the VM if the CPU % exceed the threshold\"",
                "description": "Alert to stop the VM if the CPU % exceed the threshold"
            }
        },
        {
            "type": "Microsoft.Automation/automationAccounts/variables",
            "apiVersion": "2023-11-01",
            "name": "[concat(parameters('automationAccounts_jnj_md_auto_acct_1_name'), '/External_AutoStop_Frequency')]",
            "dependsOn": [
                "[resourceId('Microsoft.Automation/automationAccounts', parameters('automationAccounts_jnj_md_auto_acct_1_name'))]"
            ],
            "properties": {
                "isEncrypted": false,
                "value": "\"00:05:00\"",
                "description": "The evaluation frequency for rule. This parameter accepts input in timespan format. Possible values are from 5 mins to 6 hours."
            }
        },
        {
            "type": "Microsoft.Automation/automationAccounts/variables",
            "apiVersion": "2023-11-01",
            "name": "[concat(parameters('automationAccounts_jnj_md_auto_acct_1_name'), '/External_AutoStop_MetricName')]",
            "dependsOn": [
                "[resourceId('Microsoft.Automation/automationAccounts', parameters('automationAccounts_jnj_md_auto_acct_1_name'))]"
            ],
            "properties": {
                "isEncrypted": false,
                "value": "\"Percentage CPU\"",
                "description": "Name of the metric the Azure Alert rule is to be configured for"
            }
        },
        {
            "type": "Microsoft.Automation/automationAccounts/variables",
            "apiVersion": "2023-11-01",
            "name": "[concat(parameters('automationAccounts_jnj_md_auto_acct_1_name'), '/External_AutoStop_Severity')]",
            "dependsOn": [
                "[resourceId('Microsoft.Automation/automationAccounts', parameters('automationAccounts_jnj_md_auto_acct_1_name'))]"
            ],
            "properties": {
                "isEncrypted": false,
                "value": "\"2\"",
                "description": "This is the severity for the metric alert."
            }
        },
        {
            "type": "Microsoft.Automation/automationAccounts/variables",
            "apiVersion": "2023-11-01",
            "name": "[concat(parameters('automationAccounts_jnj_md_auto_acct_1_name'), '/External_AutoStop_Threshold')]",
            "dependsOn": [
                "[resourceId('Microsoft.Automation/automationAccounts', parameters('automationAccounts_jnj_md_auto_acct_1_name'))]"
            ],
            "properties": {
                "isEncrypted": false,
                "value": "\"5\"",
                "description": "Threshold for the Azure Alert rule. Possible percentage values ranging from 1 to 100"
            }
        },
        {
            "type": "Microsoft.Automation/automationAccounts/variables",
            "apiVersion": "2023-11-01",
            "name": "[concat(parameters('automationAccounts_jnj_md_auto_acct_1_name'), '/External_AutoStop_TimeAggregationOperator')]",
            "dependsOn": [
                "[resourceId('Microsoft.Automation/automationAccounts', parameters('automationAccounts_jnj_md_auto_acct_1_name'))]"
            ],
            "properties": {
                "isEncrypted": false,
                "value": "\"Average\"",
                "description": "The time aggregation operator which will be applied to the selected window size to evaluate the condition. Possible values are [Average, Minimum, Maximum, Total, Last]"
            }
        },
        {
            "type": "Microsoft.Automation/automationAccounts/variables",
            "apiVersion": "2023-11-01",
            "name": "[concat(parameters('automationAccounts_jnj_md_auto_acct_1_name'), '/External_AutoStop_TimeWindow')]",
            "dependsOn": [
                "[resourceId('Microsoft.Automation/automationAccounts', parameters('automationAccounts_jnj_md_auto_acct_1_name'))]"
            ],
            "properties": {
                "isEncrypted": false,
                "value": "\"06:00:00\"",
                "description": "The window size over which Azure will analyze selected metric for triggering an alert. This parameter accepts input in timespan format. Possible values are from 5 mins to 6 hours."
            }
        },
        {
            "type": "Microsoft.Automation/automationAccounts/variables",
            "apiVersion": "2023-11-01",
            "name": "[concat(parameters('automationAccounts_jnj_md_auto_acct_1_name'), '/External_EnableClassicVMs')]",
            "dependsOn": [
                "[resourceId('Microsoft.Automation/automationAccounts', parameters('automationAccounts_jnj_md_auto_acct_1_name'))]"
            ],
            "properties": {
                "isEncrypted": false,
                "value": "true",
                "description": "True - for all the customers as part of the deployment, False - for CSP customers"
            }
        },
        {
            "type": "Microsoft.Automation/automationAccounts/variables",
            "apiVersion": "2023-11-01",
            "name": "[concat(parameters('automationAccounts_jnj_md_auto_acct_1_name'), '/External_ExcludeVMNames')]",
            "dependsOn": [
                "[resourceId('Microsoft.Automation/automationAccounts', parameters('automationAccounts_jnj_md_auto_acct_1_name'))]"
            ],
            "properties": {
                "isEncrypted": false,
                "value": "\"none\"",
                "description": "Excluded VMs as comma separated list: vm1,vm2,vm3. Values are case-sensitive. Please keep the default value as none if the exclude list are empty"
            }
        },
        {
            "type": "Microsoft.Automation/automationAccounts/variables",
            "apiVersion": "2023-11-01",
            "name": "[concat(parameters('automationAccounts_jnj_md_auto_acct_1_name'), '/External_Start_ResourceGroupNames')]",
            "dependsOn": [
                "[resourceId('Microsoft.Automation/automationAccounts', parameters('automationAccounts_jnj_md_auto_acct_1_name'))]"
            ],
            "properties": {
                "isEncrypted": false,
                "value": "\"*\"",
                "description": "Resource groups (as comma separated) targeted for start action: rg1,rg2,rg3. Please keep the default value as * if no RGs provided."
            }
        },
        {
            "type": "Microsoft.Automation/automationAccounts/variables",
            "apiVersion": "2023-11-01",
            "name": "[concat(parameters('automationAccounts_jnj_md_auto_acct_1_name'), '/External_Stop_ResourceGroupNames')]",
            "dependsOn": [
                "[resourceId('Microsoft.Automation/automationAccounts', parameters('automationAccounts_jnj_md_auto_acct_1_name'))]"
            ],
            "properties": {
                "isEncrypted": false,
                "value": "\"*\"",
                "description": "Resource groups (as comma separated) targeted for stop action: rg1,rg2,rg3. Please keep the default value as * if no RGs provided."
            }
        },
        {
            "type": "Microsoft.Automation/automationAccounts/variables",
            "apiVersion": "2023-11-01",
            "name": "[concat(parameters('automationAccounts_jnj_md_auto_acct_1_name'), '/External_WaitTimeForVMRetryInSeconds')]",
            "dependsOn": [
                "[resourceId('Microsoft.Automation/automationAccounts', parameters('automationAccounts_jnj_md_auto_acct_1_name'))]"
            ],
            "properties": {
                "isEncrypted": false,
                "value": "\"2100\"",
                "description": "The wait time in seconds for the actions to be performed on the VMs for the Sequenced start/stop runbook."
            }
        },
        {
            "type": "Microsoft.Automation/automationAccounts/variables",
            "apiVersion": "2023-11-01",
            "name": "[concat(parameters('automationAccounts_jnj_md_auto_acct_1_name'), '/Internal_AutomationAccountName')]",
            "dependsOn": [
                "[resourceId('Microsoft.Automation/automationAccounts', parameters('automationAccounts_jnj_md_auto_acct_1_name'))]"
            ],
            "properties": {
                "isEncrypted": false,
                "value": "\"jnj-md-auto-acct-1\"",
                "description": "Azure Automation Account Name"
            }
        },
        {
            "type": "Microsoft.Automation/automationAccounts/variables",
            "apiVersion": "2023-11-01",
            "name": "[concat(parameters('automationAccounts_jnj_md_auto_acct_1_name'), '/Internal_AutoSnooze_ARM_WebhookUri')]",
            "dependsOn": [
                "[resourceId('Microsoft.Automation/automationAccounts', parameters('automationAccounts_jnj_md_auto_acct_1_name'))]"
            ],
            "properties": {
                "isEncrypted": false,
                "value": "\"https://b75700f9-f029-479e-8ef9-6ce4fad8d360.webhook.stzn.azure-automation.net/webhooks?token=2P3UXE5NZuP%2bR8bT9c%2fVUh7Iyxz7%2fJOHjEBXGcxqHGc%3d\""
            }
        },
        {
            "type": "Microsoft.Automation/automationAccounts/variables",
            "apiVersion": "2023-11-01",
            "name": "[concat(parameters('automationAccounts_jnj_md_auto_acct_1_name'), '/Internal_AutoSnooze_WebhookUri')]",
            "dependsOn": [
                "[resourceId('Microsoft.Automation/automationAccounts', parameters('automationAccounts_jnj_md_auto_acct_1_name'))]"
            ],
            "properties": {
                "isEncrypted": false,
                "value": "\"https://b75700f9-f029-479e-8ef9-6ce4fad8d360.webhook.stzn.azure-automation.net/webhooks?token=0psaOxbAZavUJ9BLAy0bXFGStAyV47uvu0C0IybV4fk%3d\""
            }
        },
        {
            "type": "Microsoft.Automation/automationAccounts/variables",
            "apiVersion": "2023-11-01",
            "name": "[concat(parameters('automationAccounts_jnj_md_auto_acct_1_name'), '/Internal_AzureSubscriptionId')]",
            "dependsOn": [
                "[resourceId('Microsoft.Automation/automationAccounts', parameters('automationAccounts_jnj_md_auto_acct_1_name'))]"
            ],
            "properties": {
                "isEncrypted": true,
                "description": "Azure Subscription Id"
            }
        },
        {
            "type": "Microsoft.Automation/automationAccounts/variables",
            "apiVersion": "2023-11-01",
            "name": "[concat(parameters('automationAccounts_jnj_md_auto_acct_1_name'), '/Internal_ResourceGroupName')]",
            "dependsOn": [
                "[resourceId('Microsoft.Automation/automationAccounts', parameters('automationAccounts_jnj_md_auto_acct_1_name'))]"
            ],
            "properties": {
                "isEncrypted": false,
                "value": "\"jnj-md-common-rg\"",
                "description": "Azure Automation Account resource group name"
            }
        },
        {
            "type": "Microsoft.Automation/automationAccounts/runtimeEnvironments/packages",
            "apiVersion": "2023-05-15-preview",
            "name": "[concat(parameters('automationAccounts_jnj_md_auto_acct_1_name'), '/PowerShell-5.1/AuditPolicyDsc')]",
            "location": "switzerlandnorth",
            "dependsOn": [
                "[resourceId('Microsoft.Automation/automationAccounts/runtimeEnvironments', parameters('automationAccounts_jnj_md_auto_acct_1_name'), 'PowerShell-5.1')]",
                "[resourceId('Microsoft.Automation/automationAccounts', parameters('automationAccounts_jnj_md_auto_acct_1_name'))]"
            ],
            "properties": {
                "contentLink": {}
            }
        },
        {
            "type": "Microsoft.Automation/automationAccounts/runtimeEnvironments/packages",
            "apiVersion": "2023-05-15-preview",
            "name": "[concat(parameters('automationAccounts_jnj_md_auto_acct_1_name'), '/PowerShell-5.1/Az.Accounts')]",
            "location": "switzerlandnorth",
            "dependsOn": [
                "[resourceId('Microsoft.Automation/automationAccounts/runtimeEnvironments', parameters('automationAccounts_jnj_md_auto_acct_1_name'), 'PowerShell-5.1')]",
                "[resourceId('Microsoft.Automation/automationAccounts', parameters('automationAccounts_jnj_md_auto_acct_1_name'))]"
            ],
            "properties": {
                "contentLink": {}
            }
        },
        {
            "type": "Microsoft.Automation/automationAccounts/runtimeEnvironments/packages",
            "apiVersion": "2023-05-15-preview",
            "name": "[concat(parameters('automationAccounts_jnj_md_auto_acct_1_name'), '/PowerShell-5.1/Az.Automation')]",
            "location": "switzerlandnorth",
            "dependsOn": [
                "[resourceId('Microsoft.Automation/automationAccounts/runtimeEnvironments', parameters('automationAccounts_jnj_md_auto_acct_1_name'), 'PowerShell-5.1')]",
                "[resourceId('Microsoft.Automation/automationAccounts', parameters('automationAccounts_jnj_md_auto_acct_1_name'))]"
            ],
            "properties": {
                "contentLink": {}
            }
        },
        {
            "type": "Microsoft.Automation/automationAccounts/runtimeEnvironments/packages",
            "apiVersion": "2023-05-15-preview",
            "name": "[concat(parameters('automationAccounts_jnj_md_auto_acct_1_name'), '/PowerShell-5.1/Az.Compute')]",
            "location": "switzerlandnorth",
            "dependsOn": [
                "[resourceId('Microsoft.Automation/automationAccounts/runtimeEnvironments', parameters('automationAccounts_jnj_md_auto_acct_1_name'), 'PowerShell-5.1')]",
                "[resourceId('Microsoft.Automation/automationAccounts', parameters('automationAccounts_jnj_md_auto_acct_1_name'))]"
            ],
            "properties": {
                "contentLink": {}
            }
        },
        {
            "type": "Microsoft.Automation/automationAccounts/runtimeEnvironments/packages",
            "apiVersion": "2023-05-15-preview",
            "name": "[concat(parameters('automationAccounts_jnj_md_auto_acct_1_name'), '/PowerShell-5.1/Az.Insights')]",
            "location": "switzerlandnorth",
            "dependsOn": [
                "[resourceId('Microsoft.Automation/automationAccounts/runtimeEnvironments', parameters('automationAccounts_jnj_md_auto_acct_1_name'), 'PowerShell-5.1')]",
                "[resourceId('Microsoft.Automation/automationAccounts', parameters('automationAccounts_jnj_md_auto_acct_1_name'))]"
            ],
            "properties": {
                "contentLink": {}
            }
        },
        {
            "type": "Microsoft.Automation/automationAccounts/runtimeEnvironments/packages",
            "apiVersion": "2023-05-15-preview",
            "name": "[concat(parameters('automationAccounts_jnj_md_auto_acct_1_name'), '/PowerShell-5.1/Az.Monitor')]",
            "location": "switzerlandnorth",
            "dependsOn": [
                "[resourceId('Microsoft.Automation/automationAccounts/runtimeEnvironments', parameters('automationAccounts_jnj_md_auto_acct_1_name'), 'PowerShell-5.1')]",
                "[resourceId('Microsoft.Automation/automationAccounts', parameters('automationAccounts_jnj_md_auto_acct_1_name'))]"
            ],
            "properties": {
                "contentLink": {}
            }
        },
        {
            "type": "Microsoft.Automation/automationAccounts/runtimeEnvironments/packages",
            "apiVersion": "2023-05-15-preview",
            "name": "[concat(parameters('automationAccounts_jnj_md_auto_acct_1_name'), '/PowerShell-5.1/Az.OperationalInsights')]",
            "location": "switzerlandnorth",
            "dependsOn": [
                "[resourceId('Microsoft.Automation/automationAccounts/runtimeEnvironments', parameters('automationAccounts_jnj_md_auto_acct_1_name'), 'PowerShell-5.1')]",
                "[resourceId('Microsoft.Automation/automationAccounts', parameters('automationAccounts_jnj_md_auto_acct_1_name'))]"
            ],
            "properties": {
                "contentLink": {}
            }
        },
        {
            "type": "Microsoft.Automation/automationAccounts/runtimeEnvironments/packages",
            "apiVersion": "2023-05-15-preview",
            "name": "[concat(parameters('automationAccounts_jnj_md_auto_acct_1_name'), '/PowerShell-5.1/Az.Profile')]",
            "location": "switzerlandnorth",
            "dependsOn": [
                "[resourceId('Microsoft.Automation/automationAccounts/runtimeEnvironments', parameters('automationAccounts_jnj_md_auto_acct_1_name'), 'PowerShell-5.1')]",
                "[resourceId('Microsoft.Automation/automationAccounts', parameters('automationAccounts_jnj_md_auto_acct_1_name'))]"
            ],
            "properties": {
                "contentLink": {}
            }
        },
        {
            "type": "Microsoft.Automation/automationAccounts/runtimeEnvironments/packages",
            "apiVersion": "2023-05-15-preview",
            "name": "[concat(parameters('automationAccounts_jnj_md_auto_acct_1_name'), '/PowerShell-5.1/Az.ResourceGraph')]",
            "location": "switzerlandnorth",
            "dependsOn": [
                "[resourceId('Microsoft.Automation/automationAccounts/runtimeEnvironments', parameters('automationAccounts_jnj_md_auto_acct_1_name'), 'PowerShell-5.1')]",
                "[resourceId('Microsoft.Automation/automationAccounts', parameters('automationAccounts_jnj_md_auto_acct_1_name'))]"
            ],
            "properties": {
                "contentLink": {}
            }
        },
        {
            "type": "Microsoft.Automation/automationAccounts/runtimeEnvironments/packages",
            "apiVersion": "2023-05-15-preview",
            "name": "[concat(parameters('automationAccounts_jnj_md_auto_acct_1_name'), '/PowerShell-5.1/Az.Resources')]",
            "location": "switzerlandnorth",
            "dependsOn": [
                "[resourceId('Microsoft.Automation/automationAccounts/runtimeEnvironments', parameters('automationAccounts_jnj_md_auto_acct_1_name'), 'PowerShell-5.1')]",
                "[resourceId('Microsoft.Automation/automationAccounts', parameters('automationAccounts_jnj_md_auto_acct_1_name'))]"
            ],
            "properties": {
                "contentLink": {}
            }
        },
        {
            "type": "Microsoft.Automation/automationAccounts/runtimeEnvironments/packages",
            "apiVersion": "2023-05-15-preview",
            "name": "[concat(parameters('automationAccounts_jnj_md_auto_acct_1_name'), '/PowerShell-5.1/Az.Storage')]",
            "location": "switzerlandnorth",
            "dependsOn": [
                "[resourceId('Microsoft.Automation/automationAccounts/runtimeEnvironments', parameters('automationAccounts_jnj_md_auto_acct_1_name'), 'PowerShell-5.1')]",
                "[resourceId('Microsoft.Automation/automationAccounts', parameters('automationAccounts_jnj_md_auto_acct_1_name'))]"
            ],
            "properties": {
                "contentLink": {}
            }
        },
        {
            "type": "Microsoft.Automation/automationAccounts/runtimeEnvironments/packages",
            "apiVersion": "2023-05-15-preview",
            "name": "[concat(parameters('automationAccounts_jnj_md_auto_acct_1_name'), '/PowerShell-5.1/Azure')]",
            "location": "switzerlandnorth",
            "dependsOn": [
                "[resourceId('Microsoft.Automation/automationAccounts/runtimeEnvironments', parameters('automationAccounts_jnj_md_auto_acct_1_name'), 'PowerShell-5.1')]",
                "[resourceId('Microsoft.Automation/automationAccounts', parameters('automationAccounts_jnj_md_auto_acct_1_name'))]"
            ],
            "properties": {
                "contentLink": {}
            }
        },
        {
            "type": "Microsoft.Automation/automationAccounts/runtimeEnvironments/packages",
            "apiVersion": "2023-05-15-preview",
            "name": "[concat(parameters('automationAccounts_jnj_md_auto_acct_1_name'), '/PowerShell-5.1/Azure.Storage')]",
            "location": "switzerlandnorth",
            "dependsOn": [
                "[resourceId('Microsoft.Automation/automationAccounts/runtimeEnvironments', parameters('automationAccounts_jnj_md_auto_acct_1_name'), 'PowerShell-5.1')]",
                "[resourceId('Microsoft.Automation/automationAccounts', parameters('automationAccounts_jnj_md_auto_acct_1_name'))]"
            ],
            "properties": {
                "contentLink": {}
            }
        },
        {
            "type": "Microsoft.Automation/automationAccounts/runtimeEnvironments/packages",
            "apiVersion": "2023-05-15-preview",
            "name": "[concat(parameters('automationAccounts_jnj_md_auto_acct_1_name'), '/PowerShell-5.1/AzureRM.Automation')]",
            "location": "switzerlandnorth",
            "dependsOn": [
                "[resourceId('Microsoft.Automation/automationAccounts/runtimeEnvironments', parameters('automationAccounts_jnj_md_auto_acct_1_name'), 'PowerShell-5.1')]",
                "[resourceId('Microsoft.Automation/automationAccounts', parameters('automationAccounts_jnj_md_auto_acct_1_name'))]"
            ],
            "properties": {
                "contentLink": {}
            }
        },
        {
            "type": "Microsoft.Automation/automationAccounts/runtimeEnvironments/packages",
            "apiVersion": "2023-05-15-preview",
            "name": "[concat(parameters('automationAccounts_jnj_md_auto_acct_1_name'), '/PowerShell-5.1/AzureRM.Compute')]",
            "location": "switzerlandnorth",
            "dependsOn": [
                "[resourceId('Microsoft.Automation/automationAccounts/runtimeEnvironments', parameters('automationAccounts_jnj_md_auto_acct_1_name'), 'PowerShell-5.1')]",
                "[resourceId('Microsoft.Automation/automationAccounts', parameters('automationAccounts_jnj_md_auto_acct_1_name'))]"
            ],
            "properties": {
                "contentLink": {}
            }
        },
        {
            "type": "Microsoft.Automation/automationAccounts/runtimeEnvironments/packages",
            "apiVersion": "2023-05-15-preview",
            "name": "[concat(parameters('automationAccounts_jnj_md_auto_acct_1_name'), '/PowerShell-5.1/AzureRM.Profile')]",
            "location": "switzerlandnorth",
            "dependsOn": [
                "[resourceId('Microsoft.Automation/automationAccounts/runtimeEnvironments', parameters('automationAccounts_jnj_md_auto_acct_1_name'), 'PowerShell-5.1')]",
                "[resourceId('Microsoft.Automation/automationAccounts', parameters('automationAccounts_jnj_md_auto_acct_1_name'))]"
            ],
            "properties": {
                "contentLink": {}
            }
        },
        {
            "type": "Microsoft.Automation/automationAccounts/runtimeEnvironments/packages",
            "apiVersion": "2023-05-15-preview",
            "name": "[concat(parameters('automationAccounts_jnj_md_auto_acct_1_name'), '/PowerShell-5.1/AzureRM.Resources')]",
            "location": "switzerlandnorth",
            "dependsOn": [
                "[resourceId('Microsoft.Automation/automationAccounts/runtimeEnvironments', parameters('automationAccounts_jnj_md_auto_acct_1_name'), 'PowerShell-5.1')]",
                "[resourceId('Microsoft.Automation/automationAccounts', parameters('automationAccounts_jnj_md_auto_acct_1_name'))]"
            ],
            "properties": {
                "contentLink": {}
            }
        },
        {
            "type": "Microsoft.Automation/automationAccounts/runtimeEnvironments/packages",
            "apiVersion": "2023-05-15-preview",
            "name": "[concat(parameters('automationAccounts_jnj_md_auto_acct_1_name'), '/PowerShell-5.1/AzureRM.Sql')]",
            "location": "switzerlandnorth",
            "dependsOn": [
                "[resourceId('Microsoft.Automation/automationAccounts/runtimeEnvironments', parameters('automationAccounts_jnj_md_auto_acct_1_name'), 'PowerShell-5.1')]",
                "[resourceId('Microsoft.Automation/automationAccounts', parameters('automationAccounts_jnj_md_auto_acct_1_name'))]"
            ],
            "properties": {
                "contentLink": {}
            }
        },
        {
            "type": "Microsoft.Automation/automationAccounts/runtimeEnvironments/packages",
            "apiVersion": "2023-05-15-preview",
            "name": "[concat(parameters('automationAccounts_jnj_md_auto_acct_1_name'), '/PowerShell-5.1/AzureRM.Storage')]",
            "location": "switzerlandnorth",
            "dependsOn": [
                "[resourceId('Microsoft.Automation/automationAccounts/runtimeEnvironments', parameters('automationAccounts_jnj_md_auto_acct_1_name'), 'PowerShell-5.1')]",
                "[resourceId('Microsoft.Automation/automationAccounts', parameters('automationAccounts_jnj_md_auto_acct_1_name'))]"
            ],
            "properties": {
                "contentLink": {}
            }
        },
        {
            "type": "Microsoft.Automation/automationAccounts/runtimeEnvironments/packages",
            "apiVersion": "2023-05-15-preview",
            "name": "[concat(parameters('automationAccounts_jnj_md_auto_acct_1_name'), '/PowerShell-5.1/ComputerManagementDsc')]",
            "location": "switzerlandnorth",
            "dependsOn": [
                "[resourceId('Microsoft.Automation/automationAccounts/runtimeEnvironments', parameters('automationAccounts_jnj_md_auto_acct_1_name'), 'PowerShell-5.1')]",
                "[resourceId('Microsoft.Automation/automationAccounts', parameters('automationAccounts_jnj_md_auto_acct_1_name'))]"
            ],
            "properties": {
                "contentLink": {}
            }
        },
        {
            "type": "Microsoft.Automation/automationAccounts/runtimeEnvironments/packages",
            "apiVersion": "2023-05-15-preview",
            "name": "[concat(parameters('automationAccounts_jnj_md_auto_acct_1_name'), '/PowerShell-5.1/GPRegistryPolicyParser')]",
            "location": "switzerlandnorth",
            "dependsOn": [
                "[resourceId('Microsoft.Automation/automationAccounts/runtimeEnvironments', parameters('automationAccounts_jnj_md_auto_acct_1_name'), 'PowerShell-5.1')]",
                "[resourceId('Microsoft.Automation/automationAccounts', parameters('automationAccounts_jnj_md_auto_acct_1_name'))]"
            ],
            "properties": {
                "contentLink": {}
            }
        },
        {
            "type": "Microsoft.Automation/automationAccounts/runtimeEnvironments/packages",
            "apiVersion": "2023-05-15-preview",
            "name": "[concat(parameters('automationAccounts_jnj_md_auto_acct_1_name'), '/PowerShell-5.1/Microsoft.PowerShell.Core')]",
            "location": "switzerlandnorth",
            "dependsOn": [
                "[resourceId('Microsoft.Automation/automationAccounts/runtimeEnvironments', parameters('automationAccounts_jnj_md_auto_acct_1_name'), 'PowerShell-5.1')]",
                "[resourceId('Microsoft.Automation/automationAccounts', parameters('automationAccounts_jnj_md_auto_acct_1_name'))]"
            ],
            "properties": {
                "contentLink": {}
            }
        },
        {
            "type": "Microsoft.Automation/automationAccounts/runtimeEnvironments/packages",
            "apiVersion": "2023-05-15-preview",
            "name": "[concat(parameters('automationAccounts_jnj_md_auto_acct_1_name'), '/PowerShell-5.1/Microsoft.PowerShell.Diagnostics')]",
            "location": "switzerlandnorth",
            "dependsOn": [
                "[resourceId('Microsoft.Automation/automationAccounts/runtimeEnvironments', parameters('automationAccounts_jnj_md_auto_acct_1_name'), 'PowerShell-5.1')]",
                "[resourceId('Microsoft.Automation/automationAccounts', parameters('automationAccounts_jnj_md_auto_acct_1_name'))]"
            ],
            "properties": {
                "contentLink": {}
            }
        },
        {
            "type": "Microsoft.Automation/automationAccounts/runtimeEnvironments/packages",
            "apiVersion": "2023-05-15-preview",
            "name": "[concat(parameters('automationAccounts_jnj_md_auto_acct_1_name'), '/PowerShell-5.1/Microsoft.PowerShell.Management')]",
            "location": "switzerlandnorth",
            "dependsOn": [
                "[resourceId('Microsoft.Automation/automationAccounts/runtimeEnvironments', parameters('automationAccounts_jnj_md_auto_acct_1_name'), 'PowerShell-5.1')]",
                "[resourceId('Microsoft.Automation/automationAccounts', parameters('automationAccounts_jnj_md_auto_acct_1_name'))]"
            ],
            "properties": {
                "contentLink": {}
            }
        },
        {
            "type": "Microsoft.Automation/automationAccounts/runtimeEnvironments/packages",
            "apiVersion": "2023-05-15-preview",
            "name": "[concat(parameters('automationAccounts_jnj_md_auto_acct_1_name'), '/PowerShell-5.1/Microsoft.PowerShell.Security')]",
            "location": "switzerlandnorth",
            "dependsOn": [
                "[resourceId('Microsoft.Automation/automationAccounts/runtimeEnvironments', parameters('automationAccounts_jnj_md_auto_acct_1_name'), 'PowerShell-5.1')]",
                "[resourceId('Microsoft.Automation/automationAccounts', parameters('automationAccounts_jnj_md_auto_acct_1_name'))]"
            ],
            "properties": {
                "contentLink": {}
            }
        },
        {
            "type": "Microsoft.Automation/automationAccounts/runtimeEnvironments/packages",
            "apiVersion": "2023-05-15-preview",
            "name": "[concat(parameters('automationAccounts_jnj_md_auto_acct_1_name'), '/PowerShell-5.1/Microsoft.PowerShell.Utility')]",
            "location": "switzerlandnorth",
            "dependsOn": [
                "[resourceId('Microsoft.Automation/automationAccounts/runtimeEnvironments', parameters('automationAccounts_jnj_md_auto_acct_1_name'), 'PowerShell-5.1')]",
                "[resourceId('Microsoft.Automation/automationAccounts', parameters('automationAccounts_jnj_md_auto_acct_1_name'))]"
            ],
            "properties": {
                "contentLink": {}
            }
        },
        {
            "type": "Microsoft.Automation/automationAccounts/runtimeEnvironments/packages",
            "apiVersion": "2023-05-15-preview",
            "name": "[concat(parameters('automationAccounts_jnj_md_auto_acct_1_name'), '/PowerShell-5.1/Microsoft.WSMan.Management')]",
            "location": "switzerlandnorth",
            "dependsOn": [
                "[resourceId('Microsoft.Automation/automationAccounts/runtimeEnvironments', parameters('automationAccounts_jnj_md_auto_acct_1_name'), 'PowerShell-5.1')]",
                "[resourceId('Microsoft.Automation/automationAccounts', parameters('automationAccounts_jnj_md_auto_acct_1_name'))]"
            ],
            "properties": {
                "contentLink": {}
            }
        },
        {
            "type": "Microsoft.Automation/automationAccounts/runtimeEnvironments/packages",
            "apiVersion": "2023-05-15-preview",
            "name": "[concat(parameters('automationAccounts_jnj_md_auto_acct_1_name'), '/PowerShell-5.1/Orchestrator.AssetManagement.Cmdlets')]",
            "location": "switzerlandnorth",
            "dependsOn": [
                "[resourceId('Microsoft.Automation/automationAccounts/runtimeEnvironments', parameters('automationAccounts_jnj_md_auto_acct_1_name'), 'PowerShell-5.1')]",
                "[resourceId('Microsoft.Automation/automationAccounts', parameters('automationAccounts_jnj_md_auto_acct_1_name'))]"
            ],
            "properties": {
                "contentLink": {}
            }
        },
        {
            "type": "Microsoft.Automation/automationAccounts/runtimeEnvironments/packages",
            "apiVersion": "2023-05-15-preview",
            "name": "[concat(parameters('automationAccounts_jnj_md_auto_acct_1_name'), '/PowerShell-7.1/Orchestrator.AssetManagement.Cmdlets')]",
            "location": "switzerlandnorth",
            "dependsOn": [
                "[resourceId('Microsoft.Automation/automationAccounts/runtimeEnvironments', parameters('automationAccounts_jnj_md_auto_acct_1_name'), 'PowerShell-7.1')]",
                "[resourceId('Microsoft.Automation/automationAccounts', parameters('automationAccounts_jnj_md_auto_acct_1_name'))]"
            ],
            "properties": {
                "contentLink": {}
            }
        },
        {
            "type": "Microsoft.Automation/automationAccounts/runtimeEnvironments/packages",
            "apiVersion": "2023-05-15-preview",
            "name": "[concat(parameters('automationAccounts_jnj_md_auto_acct_1_name'), '/PowerShell-5.1/PSDscResources')]",
            "location": "switzerlandnorth",
            "dependsOn": [
                "[resourceId('Microsoft.Automation/automationAccounts/runtimeEnvironments', parameters('automationAccounts_jnj_md_auto_acct_1_name'), 'PowerShell-5.1')]",
                "[resourceId('Microsoft.Automation/automationAccounts', parameters('automationAccounts_jnj_md_auto_acct_1_name'))]"
            ],
            "properties": {
                "contentLink": {}
            }
        },
        {
            "type": "Microsoft.Automation/automationAccounts/runtimeEnvironments/packages",
            "apiVersion": "2023-05-15-preview",
            "name": "[concat(parameters('automationAccounts_jnj_md_auto_acct_1_name'), '/PowerShell-5.1/SecurityPolicyDsc')]",
            "location": "switzerlandnorth",
            "dependsOn": [
                "[resourceId('Microsoft.Automation/automationAccounts/runtimeEnvironments', parameters('automationAccounts_jnj_md_auto_acct_1_name'), 'PowerShell-5.1')]",
                "[resourceId('Microsoft.Automation/automationAccounts', parameters('automationAccounts_jnj_md_auto_acct_1_name'))]"
            ],
            "properties": {
                "contentLink": {}
            }
        },
        {
            "type": "Microsoft.Automation/automationAccounts/runtimeEnvironments/packages",
            "apiVersion": "2023-05-15-preview",
            "name": "[concat(parameters('automationAccounts_jnj_md_auto_acct_1_name'), '/PowerShell-5.1/StateConfigCompositeResources')]",
            "location": "switzerlandnorth",
            "dependsOn": [
                "[resourceId('Microsoft.Automation/automationAccounts/runtimeEnvironments', parameters('automationAccounts_jnj_md_auto_acct_1_name'), 'PowerShell-5.1')]",
                "[resourceId('Microsoft.Automation/automationAccounts', parameters('automationAccounts_jnj_md_auto_acct_1_name'))]"
            ],
            "properties": {
                "contentLink": {}
            }
        },
        {
            "type": "Microsoft.Automation/automationAccounts/runtimeEnvironments/packages",
            "apiVersion": "2023-05-15-preview",
            "name": "[concat(parameters('automationAccounts_jnj_md_auto_acct_1_name'), '/PowerShell-5.1/xDSCDomainjoin')]",
            "location": "switzerlandnorth",
            "dependsOn": [
                "[resourceId('Microsoft.Automation/automationAccounts/runtimeEnvironments', parameters('automationAccounts_jnj_md_auto_acct_1_name'), 'PowerShell-5.1')]",
                "[resourceId('Microsoft.Automation/automationAccounts', parameters('automationAccounts_jnj_md_auto_acct_1_name'))]"
            ],
            "properties": {
                "contentLink": {}
            }
        },
        {
            "type": "Microsoft.Automation/automationAccounts/runtimeEnvironments/packages",
            "apiVersion": "2023-05-15-preview",
            "name": "[concat(parameters('automationAccounts_jnj_md_auto_acct_1_name'), '/PowerShell-5.1/xPowerShellExecutionPolicy')]",
            "location": "switzerlandnorth",
            "dependsOn": [
                "[resourceId('Microsoft.Automation/automationAccounts/runtimeEnvironments', parameters('automationAccounts_jnj_md_auto_acct_1_name'), 'PowerShell-5.1')]",
                "[resourceId('Microsoft.Automation/automationAccounts', parameters('automationAccounts_jnj_md_auto_acct_1_name'))]"
            ],
            "properties": {
                "contentLink": {}
            }
        },
        {
            "type": "Microsoft.Automation/automationAccounts/runtimeEnvironments/packages",
            "apiVersion": "2023-05-15-preview",
            "name": "[concat(parameters('automationAccounts_jnj_md_auto_acct_1_name'), '/PowerShell-5.1/xRemoteDesktopAdmin')]",
            "location": "switzerlandnorth",
            "dependsOn": [
                "[resourceId('Microsoft.Automation/automationAccounts/runtimeEnvironments', parameters('automationAccounts_jnj_md_auto_acct_1_name'), 'PowerShell-5.1')]",
                "[resourceId('Microsoft.Automation/automationAccounts', parameters('automationAccounts_jnj_md_auto_acct_1_name'))]"
            ],
            "properties": {
                "contentLink": {}
            }
        }
    ]
}