{
    "$schema": "https://schema.management.azure.com/schemas/2015-01-01/deploymentParameters.json#",
    "contentVersion": "1.0.0.0",
    "parameters": {
        "sshPublicKeys_jnjprod_name": {
            "value": null
        },
        "disks_mysnapshott_P2Disk_name": {
            "value": null
        },
        "loadBalancers_jnj_md_prod_vmss_lb_name": {
            "value": null
        },
        "publicIPAddresses_jnj_md_prod_vmss_ip_name": {
            "value": null
        },
        "vaults_storage_account_backup_name": {
            "value": null
        },
        "virtualMachineScaleSets_jnj_md_prod_vmss_name": {
            "value": null
        },
        "networkSecurityGroups_basicNsgjnj_md_vnet_nic01_name": {
            "value": null
        },
        "snapshots_mysnapshott_externalid": {
            "value": null
        },
        "galleries_jnj_md_sig_externalid": {
            "value": null
        },
        "virtualNetworks_jnj_md_vnet_externalid": {
            "value": null
        },
        "disks_jnj_md_prod_vmss_jnj_md_prod_vmss_0_OsDisk_1_a7a0048570244df39b40685d2517052a_externalid": {
            "value": null
        },
        "disks_jnj_md_prod_vmss_jnj_md_prod_vmss_0_disk2_5d03b46c92c94b46a349e30146b0aabe_externalid": {
            "value": null
        }
    }
}