{
    "$schema": "https://schema.management.azure.com/schemas/2019-04-01/deploymentTemplate.json#",
    "contentVersion": "1.0.0.0",
    "parameters": {
        "sshPublicKeys_jnjprod_name": {
            "defaultValue": "jnjprod",
            "type": "String"
        },
        "disks_mysnapshott_P2Disk_name": {
            "defaultValue": "mysnapshott_P2Disk",
            "type": "String"
        },
        "loadBalancers_jnj_md_prod_vmss_lb_name": {
            "defaultValue": "jnj-md-prod-vmss-lb",
            "type": "String"
        },
        "publicIPAddresses_jnj_md_prod_vmss_ip_name": {
            "defaultValue": "jnj-md-prod-vmss-ip",
            "type": "String"
        },
        "vaults_storage_account_backup_name": {
            "defaultValue": "storage-account-backup",
            "type": "String"
        },
        "virtualMachineScaleSets_jnj_md_prod_vmss_name": {
            "defaultValue": "jnj-md-prod-vmss",
            "type": "String"
        },
        "networkSecurityGroups_basicNsgjnj_md_vnet_nic01_name": {
            "defaultValue": "basicNsgjnj-md-vnet-nic01",
            "type": "String"
        },
        "snapshots_mysnapshott_externalid": {
            "defaultValue": "/subscriptions/8d4346c2-32de-4083-8774-d32ffb70f026/resourceGroups/jnj-md-prod-rg/providers/Microsoft.Compute/snapshots/mysnapshott",
            "type": "String"
        },
        "galleries_jnj_md_sig_externalid": {
            "defaultValue": "/subscriptions/8d4346c2-32de-4083-8774-d32ffb70f026/resourceGroups/jnj-md-common-rg/providers/Microsoft.Compute/galleries/jnj_md_sig",
            "type": "String"
        },
        "virtualNetworks_jnj_md_vnet_externalid": {
            "defaultValue": "/subscriptions/8d4346c2-32de-4083-8774-d32ffb70f026/resourceGroups/jnj-md-common-rg/providers/Microsoft.Network/virtualNetworks/jnj-md-vnet",
            "type": "String"
        },
        "disks_jnj_md_prod_vmss_jnj_md_prod_vmss_0_OsDisk_1_a7a0048570244df39b40685d2517052a_externalid": {
            "defaultValue": "/subscriptions/8d4346c2-32de-4083-8774-d32ffb70f026/resourceGroups/JNJ-MD-PROD-RG/providers/Microsoft.Compute/disks/jnj-md-prod-vmss_jnj-md-prod-vmss_0_OsDisk_1_a7a0048570244df39b40685d2517052a",
            "type": "String"
        },
        "disks_jnj_md_prod_vmss_jnj_md_prod_vmss_0_disk2_5d03b46c92c94b46a349e30146b0aabe_externalid": {
            "defaultValue": "/subscriptions/8d4346c2-32de-4083-8774-d32ffb70f026/resourceGroups/JNJ-MD-PROD-RG/providers/Microsoft.Compute/disks/jnj-md-prod-vmss_jnj-md-prod-vmss_0_disk2_5d03b46c92c94b46a349e30146b0aabe",
            "type": "String"
        }
    },
    "variables": {},
    "resources": [
        {
            "type": "Microsoft.Compute/disks",
            "apiVersion": "2024-03-02",
            "name": "[parameters('disks_mysnapshott_P2Disk_name')]",
            "location": "switzerlandnorth",
            "tags": {
                "Enviroment": "imaging"
            },
            "sku": {
                "name": "Premium_LRS",
                "tier": "Premium"
            },
            "properties": {
                "osType": "Linux",
                "hyperVGeneration": "V1",
                "creationData": {
                    "createOption": "Copy",
                    "sourceResourceId": "[parameters('snapshots_mysnapshott_externalid')]"
                },
                "diskSizeGB": 64,
                "diskIOPSReadWrite": 240,
                "diskMBpsReadWrite": 50,
                "encryption": {
                    "type": "EncryptionAtRestWithPlatformKey"
                },
                "networkAccessPolicy": "AllowAll",
                "publicNetworkAccess": "Enabled",
                "tier": "P6"
            }
        },
        {
            "type": "Microsoft.Compute/sshPublicKeys",
            "apiVersion": "2024-07-01",
            "name": "[parameters('sshPublicKeys_jnjprod_name')]",
            "location": "switzerlandnorth",
            "properties": {
                "publicKey": "ssh-rsa AAAAB3NzaC1yc2EAAAADAQABAAABgQC88Fs1hnPQHSW5X5CiRjMeXifl\r\nYptpGYCJ9OvFKnouuuWjoTG6D866rmGyHXGtOwe7KRc2xG8S0LwQRgzjbao9sHLK\r\nlAkZXMc8YK/uvdeedJI4h9JOjHCv2X9CQiKKOLQ0PM21t6qMDgbkNFK7490C1qdr\r\nXl3GbqnC4bbM5JdOkJfZaUGutM4zyRgBUDAv0BZFXDOXA9DX7GmODulSFwCUjL7I\r\nPuLjpQ/qZsHP4G0OV+mxWH9F1GaihIRlxTgfpUpxyDg/4hwyAPp+JhZKolHIwPLu\r\nGPTEKWwK2rb5L8e7OtcNjM6vJzxGY4MLTN6k4y//pxjSj2+cIhCsSWbaeJaO6Tp2\r\nfBxUrU2ZZ/43Hy8KFWTJKU8P6L11e4y3nudVRwFFpHad82qCDQt69avHllbG3wtW\r\nlO29knf6yxpDzK3kOISu21hM5Jd/nnhv+T1ptqkGbG4e6AV3jyZpY88PCNzfAyRr\r\nZvle7V3iNKzRMRyBQq92xMPtyXIHOpgsxyG//KE= generated-by-azure\r\n"
            }
        },
        {
            "type": "Microsoft.Network/networkSecurityGroups",
            "apiVersion": "2024-05-01",
            "name": "[parameters('networkSecurityGroups_basicNsgjnj_md_vnet_nic01_name')]",
            "location": "switzerlandnorth",
            "tags": {
                "Business Line": "MD",
                "Enviroment": "PROD"
            },
            "properties": {
                "securityRules": [
                    {
                        "name": "Port_8080",
                        "id": "[resourceId('Microsoft.Network/networkSecurityGroups/securityRules', parameters('networkSecurityGroups_basicNsgjnj_md_vnet_nic01_name'), 'Port_8080')]",
                        "type": "Microsoft.Network/networkSecurityGroups/securityRules",
                        "properties": {
                            "protocol": "*",
                            "sourcePortRange": "*",
                            "sourceAddressPrefix": "*",
                            "destinationAddressPrefix": "*",
                            "access": "Allow",
                            "priority": 100,
                            "direction": "Inbound",
                            "sourcePortRanges": [],
                            "destinationPortRanges": [
                                "8080",
                                "8443",
                                "8081",
                                "8082",
                                "8083"
                            ],
                            "sourceAddressPrefixes": [],
                            "destinationAddressPrefixes": []
                        }
                    },
                    {
                        "name": "SSH_Port",
                        "id": "[resourceId('Microsoft.Network/networkSecurityGroups/securityRules', parameters('networkSecurityGroups_basicNsgjnj_md_vnet_nic01_name'), 'SSH_Port')]",
                        "type": "Microsoft.Network/networkSecurityGroups/securityRules",
                        "properties": {
                            "description": "SSH Port Access",
                            "protocol": "TCP",
                            "sourcePortRange": "*",
                            "destinationPortRange": "22",
                            "sourceAddressPrefix": "20.203.153.7",
                            "destinationAddressPrefix": "*",
                            "access": "Allow",
                            "priority": 120,
                            "direction": "Inbound",
                            "sourcePortRanges": [],
                            "destinationPortRanges": [],
                            "sourceAddressPrefixes": [],
                            "destinationAddressPrefixes": []
                        }
                    },
                    {
                        "name": "Git_IB_Port",
                        "id": "[resourceId('Microsoft.Network/networkSecurityGroups/securityRules', parameters('networkSecurityGroups_basicNsgjnj_md_vnet_nic01_name'), 'Git_IB_Port')]",
                        "type": "Microsoft.Network/networkSecurityGroups/securityRules",
                        "properties": {
                            "description": "Git Access Port",
                            "protocol": "TCP",
                            "sourcePortRange": "*",
                            "sourceAddressPrefix": "*",
                            "destinationAddressPrefix": "20.203.153.7",
                            "access": "Allow",
                            "priority": 110,
                            "direction": "Inbound",
                            "sourcePortRanges": [],
                            "destinationPortRanges": [
                                "443",
                                "9418"
                            ],
                            "sourceAddressPrefixes": [],
                            "destinationAddressPrefixes": []
                        }
                    }
                ]
            }
        },
        {
            "type": "Microsoft.Network/publicIPAddresses",
            "apiVersion": "2024-05-01",
            "name": "[parameters('publicIPAddresses_jnj_md_prod_vmss_ip_name')]",
            "location": "switzerlandnorth",
            "tags": {
                "Business Line": "MD",
                "Enviroment": "PROD"
            },
            "sku": {
                "name": "Standard",
                "tier": "Regional"
            },
            "properties": {
                "ipAddress": "20.203.153.7",
                "publicIPAddressVersion": "IPv4",
                "publicIPAllocationMethod": "Static",
                "idleTimeoutInMinutes": 4,
                "ipTags": []
            }
        },
        {
            "type": "Microsoft.RecoveryServices/vaults",
            "apiVersion": "2024-10-01",
            "name": "[parameters('vaults_storage_account_backup_name')]",
            "location": "switzerlandnorth",
            "sku": {
                "name": "RS0",
                "tier": "Standard"
            },
            "properties": {
                "securitySettings": {
                    "softDeleteSettings": {
                        "softDeleteRetentionPeriodInDays": 14,
                        "softDeleteState": "Enabled",
                        "enhancedSecurityState": "Enabled"
                    }
                },
                "redundancySettings": {
                    "standardTierStorageRedundancy": "GeoRedundant",
                    "crossRegionRestore": "Disabled"
                },
                "publicNetworkAccess": "Enabled",
                "restoreSettings": {
                    "crossSubscriptionRestoreSettings": {
                        "crossSubscriptionRestoreState": "Enabled"
                    }
                }
            }
        },
        {
            "type": "Microsoft.Compute/virtualMachineScaleSets/extensions",
            "apiVersion": "2024-07-01",
            "name": "[concat(parameters('virtualMachineScaleSets_jnj_md_prod_vmss_name'), '/AzureMonitorLinuxAgent')]",
            "dependsOn": [
                "[resourceId('Microsoft.Compute/virtualMachineScaleSets', parameters('virtualMachineScaleSets_jnj_md_prod_vmss_name'))]"
            ],
            "properties": {
                "provisioningState": "Succeeded",
                "autoUpgradeMinorVersion": true,
                "publisher": "Microsoft.Azure.Monitor",
                "type": "AzureMonitorLinuxAgent",
                "typeHandlerVersion": "1.0"
            }
        },
        {
            "type": "Microsoft.Network/loadBalancers",
            "apiVersion": "2024-05-01",
            "name": "[parameters('loadBalancers_jnj_md_prod_vmss_lb_name')]",
            "location": "switzerlandnorth",
            "dependsOn": [
                "[resourceId('Microsoft.Network/publicIPAddresses', parameters('publicIPAddresses_jnj_md_prod_vmss_ip_name'))]"
            ],
            "tags": {
                "Business Line": "MD",
                "Enviroment": "PROD"
            },
            "sku": {
                "name": "Standard",
                "tier": "Regional"
            },
            "properties": {
                "frontendIPConfigurations": [
                    {
                        "name": "LoadBalancerFrontEnd",
                        "id": "[concat(resourceId('Microsoft.Network/loadBalancers', parameters('loadBalancers_jnj_md_prod_vmss_lb_name')), '/frontendIPConfigurations/LoadBalancerFrontEnd')]",
                        "properties": {
                            "privateIPAllocationMethod": "Dynamic",
                            "publicIPAddress": {
                                "id": "[resourceId('Microsoft.Network/publicIPAddresses', parameters('publicIPAddresses_jnj_md_prod_vmss_ip_name'))]"
                            }
                        }
                    }
                ],
                "backendAddressPools": [
                    {
                        "name": "bepool",
                        "id": "[resourceId('Microsoft.Network/loadBalancers/backendAddressPools', parameters('loadBalancers_jnj_md_prod_vmss_lb_name'), 'bepool')]",
                        "properties": {
                            "loadBalancerBackendAddresses": [
                                {
                                    "name": "4f24960b-2670-4d01-bed3-6d7a63f9ff1d",
                                    "properties": {}
                                }
                            ]
                        }
                    }
                ],
                "loadBalancingRules": [
                    {
                        "name": "LBRule",
                        "id": "[concat(resourceId('Microsoft.Network/loadBalancers', parameters('loadBalancers_jnj_md_prod_vmss_lb_name')), '/loadBalancingRules/LBRule')]",
                        "properties": {
                            "frontendIPConfiguration": {
                                "id": "[concat(resourceId('Microsoft.Network/loadBalancers', parameters('loadBalancers_jnj_md_prod_vmss_lb_name')), '/frontendIPConfigurations/LoadBalancerFrontEnd')]"
                            },
                            "frontendPort": 80,
                            "backendPort": 8080,
                            "enableFloatingIP": false,
                            "idleTimeoutInMinutes": 5,
                            "protocol": "Tcp",
                            "enableTcpReset": false,
                            "loadDistribution": "Default",
                            "disableOutboundSnat": true,
                            "backendAddressPool": {
                                "id": "[resourceId('Microsoft.Network/loadBalancers/backendAddressPools', parameters('loadBalancers_jnj_md_prod_vmss_lb_name'), 'bepool')]"
                            },
                            "backendAddressPools": [
                                {
                                    "id": "[resourceId('Microsoft.Network/loadBalancers/backendAddressPools', parameters('loadBalancers_jnj_md_prod_vmss_lb_name'), 'bepool')]"
                                }
                            ],
                            "probe": {
                                "id": "[concat(resourceId('Microsoft.Network/loadBalancers', parameters('loadBalancers_jnj_md_prod_vmss_lb_name')), '/probes/tcpProbe')]"
                            }
                        }
                    },
                    {
                        "name": "jnj-md-prod-lb-rule1",
                        "id": "[concat(resourceId('Microsoft.Network/loadBalancers', parameters('loadBalancers_jnj_md_prod_vmss_lb_name')), '/loadBalancingRules/jnj-md-prod-lb-rule1')]",
                        "properties": {
                            "frontendIPConfiguration": {
                                "id": "[concat(resourceId('Microsoft.Network/loadBalancers', parameters('loadBalancers_jnj_md_prod_vmss_lb_name')), '/frontendIPConfigurations/LoadBalancerFrontEnd')]"
                            },
                            "frontendPort": 8081,
                            "backendPort": 8081,
                            "enableFloatingIP": false,
                            "idleTimeoutInMinutes": 4,
                            "protocol": "Tcp",
                            "enableTcpReset": false,
                            "loadDistribution": "Default",
                            "disableOutboundSnat": true,
                            "backendAddressPool": {
                                "id": "[resourceId('Microsoft.Network/loadBalancers/backendAddressPools', parameters('loadBalancers_jnj_md_prod_vmss_lb_name'), 'bepool')]"
                            },
                            "backendAddressPools": [
                                {
                                    "id": "[resourceId('Microsoft.Network/loadBalancers/backendAddressPools', parameters('loadBalancers_jnj_md_prod_vmss_lb_name'), 'bepool')]"
                                }
                            ],
                            "probe": {
                                "id": "[concat(resourceId('Microsoft.Network/loadBalancers', parameters('loadBalancers_jnj_md_prod_vmss_lb_name')), '/probes/jnj-md-prod-hp1')]"
                            }
                        }
                    },
                    {
                        "name": "jnj-md-prod-lb-rule2",
                        "id": "[concat(resourceId('Microsoft.Network/loadBalancers', parameters('loadBalancers_jnj_md_prod_vmss_lb_name')), '/loadBalancingRules/jnj-md-prod-lb-rule2')]",
                        "properties": {
                            "frontendIPConfiguration": {
                                "id": "[concat(resourceId('Microsoft.Network/loadBalancers', parameters('loadBalancers_jnj_md_prod_vmss_lb_name')), '/frontendIPConfigurations/LoadBalancerFrontEnd')]"
                            },
                            "frontendPort": 8082,
                            "backendPort": 8082,
                            "enableFloatingIP": false,
                            "idleTimeoutInMinutes": 4,
                            "protocol": "Tcp",
                            "enableTcpReset": false,
                            "loadDistribution": "Default",
                            "disableOutboundSnat": true,
                            "backendAddressPool": {
                                "id": "[resourceId('Microsoft.Network/loadBalancers/backendAddressPools', parameters('loadBalancers_jnj_md_prod_vmss_lb_name'), 'bepool')]"
                            },
                            "backendAddressPools": [
                                {
                                    "id": "[resourceId('Microsoft.Network/loadBalancers/backendAddressPools', parameters('loadBalancers_jnj_md_prod_vmss_lb_name'), 'bepool')]"
                                }
                            ],
                            "probe": {
                                "id": "[concat(resourceId('Microsoft.Network/loadBalancers', parameters('loadBalancers_jnj_md_prod_vmss_lb_name')), '/probes/jnj-md-prod-hp2')]"
                            }
                        }
                    },
                    {
                        "name": "jnj-md-prod-lb-rule3",
                        "id": "[concat(resourceId('Microsoft.Network/loadBalancers', parameters('loadBalancers_jnj_md_prod_vmss_lb_name')), '/loadBalancingRules/jnj-md-prod-lb-rule3')]",
                        "properties": {
                            "frontendIPConfiguration": {
                                "id": "[concat(resourceId('Microsoft.Network/loadBalancers', parameters('loadBalancers_jnj_md_prod_vmss_lb_name')), '/frontendIPConfigurations/LoadBalancerFrontEnd')]"
                            },
                            "frontendPort": 8083,
                            "backendPort": 8083,
                            "enableFloatingIP": false,
                            "idleTimeoutInMinutes": 4,
                            "protocol": "Tcp",
                            "enableTcpReset": false,
                            "loadDistribution": "Default",
                            "disableOutboundSnat": true,
                            "backendAddressPool": {
                                "id": "[resourceId('Microsoft.Network/loadBalancers/backendAddressPools', parameters('loadBalancers_jnj_md_prod_vmss_lb_name'), 'bepool')]"
                            },
                            "backendAddressPools": [
                                {
                                    "id": "[resourceId('Microsoft.Network/loadBalancers/backendAddressPools', parameters('loadBalancers_jnj_md_prod_vmss_lb_name'), 'bepool')]"
                                }
                            ],
                            "probe": {
                                "id": "[concat(resourceId('Microsoft.Network/loadBalancers', parameters('loadBalancers_jnj_md_prod_vmss_lb_name')), '/probes/jnj-md-prod-hp3')]"
                            }
                        }
                    },
                    {
                        "name": "jnj-md-prod-lb-rule4",
                        "id": "[concat(resourceId('Microsoft.Network/loadBalancers', parameters('loadBalancers_jnj_md_prod_vmss_lb_name')), '/loadBalancingRules/jnj-md-prod-lb-rule4')]",
                        "properties": {
                            "frontendIPConfiguration": {
                                "id": "[concat(resourceId('Microsoft.Network/loadBalancers', parameters('loadBalancers_jnj_md_prod_vmss_lb_name')), '/frontendIPConfigurations/LoadBalancerFrontEnd')]"
                            },
                            "frontendPort": 8443,
                            "backendPort": 8443,
                            "enableFloatingIP": false,
                            "idleTimeoutInMinutes": 4,
                            "protocol": "Tcp",
                            "enableTcpReset": false,
                            "loadDistribution": "Default",
                            "disableOutboundSnat": true,
                            "backendAddressPool": {
                                "id": "[resourceId('Microsoft.Network/loadBalancers/backendAddressPools', parameters('loadBalancers_jnj_md_prod_vmss_lb_name'), 'bepool')]"
                            },
                            "backendAddressPools": [
                                {
                                    "id": "[resourceId('Microsoft.Network/loadBalancers/backendAddressPools', parameters('loadBalancers_jnj_md_prod_vmss_lb_name'), 'bepool')]"
                                }
                            ],
                            "probe": {
                                "id": "[concat(resourceId('Microsoft.Network/loadBalancers', parameters('loadBalancers_jnj_md_prod_vmss_lb_name')), '/probes/jnj-md-prod-hp4')]"
                            }
                        }
                    }
                ],
                "probes": [
                    {
                        "name": "tcpProbe",
                        "id": "[concat(resourceId('Microsoft.Network/loadBalancers', parameters('loadBalancers_jnj_md_prod_vmss_lb_name')), '/probes/tcpProbe')]",
                        "properties": {
                            "protocol": "Tcp",
                            "port": 8080,
                            "intervalInSeconds": 5,
                            "numberOfProbes": 2,
                            "probeThreshold": 1,
                            "noHealthyBackendsBehavior": "AllProbedDown"
                        }
                    },
                    {
                        "name": "jnj-md-prod-hp1",
                        "id": "[concat(resourceId('Microsoft.Network/loadBalancers', parameters('loadBalancers_jnj_md_prod_vmss_lb_name')), '/probes/jnj-md-prod-hp1')]",
                        "properties": {
                            "protocol": "Http",
                            "port": 8081,
                            "requestPath": "/",
                            "intervalInSeconds": 5,
                            "numberOfProbes": 2,
                            "probeThreshold": 1,
                            "noHealthyBackendsBehavior": "AllProbedDown"
                        }
                    },
                    {
                        "name": "jnj-md-prod-hp2",
                        "id": "[concat(resourceId('Microsoft.Network/loadBalancers', parameters('loadBalancers_jnj_md_prod_vmss_lb_name')), '/probes/jnj-md-prod-hp2')]",
                        "properties": {
                            "protocol": "Tcp",
                            "port": 8082,
                            "intervalInSeconds": 5,
                            "numberOfProbes": 2,
                            "probeThreshold": 1,
                            "noHealthyBackendsBehavior": "AllProbedDown"
                        }
                    },
                    {
                        "name": "jnj-md-prod-hp3",
                        "id": "[concat(resourceId('Microsoft.Network/loadBalancers', parameters('loadBalancers_jnj_md_prod_vmss_lb_name')), '/probes/jnj-md-prod-hp3')]",
                        "properties": {
                            "protocol": "Tcp",
                            "port": 8083,
                            "intervalInSeconds": 5,
                            "numberOfProbes": 2,
                            "probeThreshold": 1,
                            "noHealthyBackendsBehavior": "AllProbedDown"
                        }
                    },
                    {
                        "name": "jnj-md-prod-hp4",
                        "id": "[concat(resourceId('Microsoft.Network/loadBalancers', parameters('loadBalancers_jnj_md_prod_vmss_lb_name')), '/probes/jnj-md-prod-hp4')]",
                        "properties": {
                            "protocol": "Http",
                            "port": 8443,
                            "requestPath": "/",
                            "intervalInSeconds": 5,
                            "numberOfProbes": 2,
                            "probeThreshold": 1,
                            "noHealthyBackendsBehavior": "AllProbedDown"
                        }
                    }
                ],
                "inboundNatRules": [],
                "outboundRules": [
                    {
                        "name": "jnj-md-prod-or1",
                        "id": "[concat(resourceId('Microsoft.Network/loadBalancers', parameters('loadBalancers_jnj_md_prod_vmss_lb_name')), '/outboundRules/jnj-md-prod-or1')]",
                        "properties": {
                            "allocatedOutboundPorts": 63976,
                            "protocol": "All",
                            "enableTcpReset": true,
                            "idleTimeoutInMinutes": 4,
                            "backendAddressPool": {
                                "id": "[resourceId('Microsoft.Network/loadBalancers/backendAddressPools', parameters('loadBalancers_jnj_md_prod_vmss_lb_name'), 'bepool')]"
                            },
                            "frontendIPConfigurations": [
                                {
                                    "id": "[concat(resourceId('Microsoft.Network/loadBalancers', parameters('loadBalancers_jnj_md_prod_vmss_lb_name')), '/frontendIPConfigurations/LoadBalancerFrontEnd')]"
                                }
                            ]
                        }
                    }
                ],
                "inboundNatPools": []
            }
        },
        {
            "type": "Microsoft.Network/loadBalancers/backendAddressPools",
            "apiVersion": "2024-05-01",
            "name": "[concat(parameters('loadBalancers_jnj_md_prod_vmss_lb_name'), '/bepool')]",
            "dependsOn": [
                "[resourceId('Microsoft.Network/loadBalancers', parameters('loadBalancers_jnj_md_prod_vmss_lb_name'))]"
            ],
            "properties": {
                "loadBalancerBackendAddresses": [
                    {
                        "name": "4f24960b-2670-4d01-bed3-6d7a63f9ff1d",
                        "properties": {}
                    }
                ]
            }
        },
        {
            "type": "Microsoft.Network/networkSecurityGroups/securityRules",
            "apiVersion": "2024-05-01",
            "name": "[concat(parameters('networkSecurityGroups_basicNsgjnj_md_vnet_nic01_name'), '/Git_IB_Port')]",
            "dependsOn": [
                "[resourceId('Microsoft.Network/networkSecurityGroups', parameters('networkSecurityGroups_basicNsgjnj_md_vnet_nic01_name'))]"
            ],
            "properties": {
                "description": "Git Access Port",
                "protocol": "TCP",
                "sourcePortRange": "*",
                "sourceAddressPrefix": "*",
                "destinationAddressPrefix": "20.203.153.7",
                "access": "Allow",
                "priority": 110,
                "direction": "Inbound",
                "sourcePortRanges": [],
                "destinationPortRanges": [
                    "443",
                    "9418"
                ],
                "sourceAddressPrefixes": [],
                "destinationAddressPrefixes": []
            }
        },
        {
            "type": "Microsoft.Network/networkSecurityGroups/securityRules",
            "apiVersion": "2024-05-01",
            "name": "[concat(parameters('networkSecurityGroups_basicNsgjnj_md_vnet_nic01_name'), '/Port_8080')]",
            "dependsOn": [
                "[resourceId('Microsoft.Network/networkSecurityGroups', parameters('networkSecurityGroups_basicNsgjnj_md_vnet_nic01_name'))]"
            ],
            "properties": {
                "protocol": "*",
                "sourcePortRange": "*",
                "sourceAddressPrefix": "*",
                "destinationAddressPrefix": "*",
                "access": "Allow",
                "priority": 100,
                "direction": "Inbound",
                "sourcePortRanges": [],
                "destinationPortRanges": [
                    "8080",
                    "8443",
                    "8081",
                    "8082",
                    "8083"
                ],
                "sourceAddressPrefixes": [],
                "destinationAddressPrefixes": []
            }
        },
        {
            "type": "Microsoft.Network/networkSecurityGroups/securityRules",
            "apiVersion": "2024-05-01",
            "name": "[concat(parameters('networkSecurityGroups_basicNsgjnj_md_vnet_nic01_name'), '/SSH_Port')]",
            "dependsOn": [
                "[resourceId('Microsoft.Network/networkSecurityGroups', parameters('networkSecurityGroups_basicNsgjnj_md_vnet_nic01_name'))]"
            ],
            "properties": {
                "description": "SSH Port Access",
                "protocol": "TCP",
                "sourcePortRange": "*",
                "destinationPortRange": "22",
                "sourceAddressPrefix": "20.203.153.7",
                "destinationAddressPrefix": "*",
                "access": "Allow",
                "priority": 120,
                "direction": "Inbound",
                "sourcePortRanges": [],
                "destinationPortRanges": [],
                "sourceAddressPrefixes": [],
                "destinationAddressPrefixes": []
            }
        },
        {
            "type": "Microsoft.RecoveryServices/vaults/backupPolicies",
            "apiVersion": "2024-10-01",
            "name": "[concat(parameters('vaults_storage_account_backup_name'), '/DefaultPolicy')]",
            "dependsOn": [
                "[resourceId('Microsoft.RecoveryServices/vaults', parameters('vaults_storage_account_backup_name'))]"
            ],
            "properties": {
                "backupManagementType": "AzureIaasVM",
                "policyType": "V1",
                "instantRPDetails": {},
                "schedulePolicy": {
                    "schedulePolicyType": "SimpleSchedulePolicy",
                    "scheduleRunFrequency": "Daily",
                    "scheduleRunTimes": [
                        "2025-03-12T19:30:00Z"
                    ],
                    "scheduleWeeklyFrequency": 0
                },
                "retentionPolicy": {
                    "retentionPolicyType": "LongTermRetentionPolicy",
                    "dailySchedule": {
                        "retentionTimes": [
                            "2025-03-12T19:30:00Z"
                        ],
                        "retentionDuration": {
                            "count": 30,
                            "durationType": "Days"
                        }
                    }
                },
                "instantRpRetentionRangeInDays": 2,
                "timeZone": "UTC",
                "protectedItemsCount": 0
            }
        },
        {
            "type": "Microsoft.RecoveryServices/vaults/backupPolicies",
            "apiVersion": "2024-10-01",
            "name": "[concat(parameters('vaults_storage_account_backup_name'), '/EnhancedPolicy')]",
            "dependsOn": [
                "[resourceId('Microsoft.RecoveryServices/vaults', parameters('vaults_storage_account_backup_name'))]"
            ],
            "properties": {
                "backupManagementType": "AzureIaasVM",
                "policyType": "V2",
                "instantRPDetails": {},
                "schedulePolicy": {
                    "schedulePolicyType": "SimpleSchedulePolicyV2",
                    "scheduleRunFrequency": "Hourly",
                    "hourlySchedule": {
                        "interval": 4,
                        "scheduleWindowStartTime": "2025-03-12T08:00:00Z",
                        "scheduleWindowDuration": 12
                    }
                },
                "retentionPolicy": {
                    "retentionPolicyType": "LongTermRetentionPolicy",
                    "dailySchedule": {
                        "retentionTimes": [
                            "2025-03-12T08:00:00Z"
                        ],
                        "retentionDuration": {
                            "count": 30,
                            "durationType": "Days"
                        }
                    }
                },
                "instantRpRetentionRangeInDays": 2,
                "timeZone": "UTC",
                "protectedItemsCount": 0
            }
        },
        {
            "type": "Microsoft.RecoveryServices/vaults/backupPolicies",
            "apiVersion": "2024-10-01",
            "name": "[concat(parameters('vaults_storage_account_backup_name'), '/HourlyLogBackup')]",
            "dependsOn": [
                "[resourceId('Microsoft.RecoveryServices/vaults', parameters('vaults_storage_account_backup_name'))]"
            ],
            "properties": {
                "backupManagementType": "AzureWorkload",
                "workLoadType": "SQLDataBase",
                "settings": {
                    "timeZone": "UTC",
                    "issqlcompression": false,
                    "isCompression": false
                },
                "subProtectionPolicy": [
                    {
                        "policyType": "Full",
                        "schedulePolicy": {
                            "schedulePolicyType": "SimpleSchedulePolicy",
                            "scheduleRunFrequency": "Daily",
                            "scheduleRunTimes": [
                                "2025-03-12T19:30:00Z"
                            ],
                            "scheduleWeeklyFrequency": 0
                        },
                        "retentionPolicy": {
                            "retentionPolicyType": "LongTermRetentionPolicy",
                            "dailySchedule": {
                                "retentionTimes": [
                                    "2025-03-12T19:30:00Z"
                                ],
                                "retentionDuration": {
                                    "count": 30,
                                    "durationType": "Days"
                                }
                            }
                        }
                    },
                    {
                        "policyType": "Log",
                        "schedulePolicy": {
                            "schedulePolicyType": "LogSchedulePolicy",
                            "scheduleFrequencyInMins": 60
                        },
                        "retentionPolicy": {
                            "retentionPolicyType": "SimpleRetentionPolicy",
                            "retentionDuration": {
                                "count": 30,
                                "durationType": "Days"
                            }
                        }
                    }
                ],
                "protectedItemsCount": 0
            }
        },
        {
            "type": "Microsoft.RecoveryServices/vaults/replicationAlertSettings",
            "apiVersion": "2024-10-01",
            "name": "[concat(parameters('vaults_storage_account_backup_name'), '/defaultAlertSetting')]",
            "dependsOn": [
                "[resourceId('Microsoft.RecoveryServices/vaults', parameters('vaults_storage_account_backup_name'))]"
            ],
            "properties": {
                "sendToOwners": "DoNotSend",
                "customEmailAddresses": []
            }
        },
        {
            "type": "Microsoft.RecoveryServices/vaults/replicationVaultSettings",
            "apiVersion": "2024-10-01",
            "name": "[concat(parameters('vaults_storage_account_backup_name'), '/default')]",
            "dependsOn": [
                "[resourceId('Microsoft.RecoveryServices/vaults', parameters('vaults_storage_account_backup_name'))]"
            ],
            "properties": {}
        },
        {
            "type": "Microsoft.Compute/virtualMachineScaleSets",
            "apiVersion": "2024-07-01",
            "name": "[parameters('virtualMachineScaleSets_jnj_md_prod_vmss_name')]",
            "location": "switzerlandnorth",
            "dependsOn": [
                "[resourceId('Microsoft.Network/networkSecurityGroups', parameters('networkSecurityGroups_basicNsgjnj_md_vnet_nic01_name'))]",
                "[resourceId('Microsoft.Network/loadBalancers/backendAddressPools', parameters('loadBalancers_jnj_md_prod_vmss_lb_name'), 'bepool')]"
            ],
            "tags": {
                "Business Line": "MD",
                "Enviroment": "PROD"
            },
            "sku": {
                "name": "Standard_F64s_v2",
                "tier": "Standard",
                "capacity": 1
            },
            "identity": {
                "type": "SystemAssigned"
            },
            "properties": {
                "singlePlacementGroup": false,
                "orchestrationMode": "Uniform",
                "upgradePolicy": {
                    "mode": "Manual"
                },
                "scaleInPolicy": {
                    "rules": [
                        "Default"
                    ]
                },
                "virtualMachineProfile": {
                    "storageProfile": {
                        "osDisk": {
                            "osType": "Linux",
                            "createOption": "FromImage",
                            "caching": "ReadWrite",
                            "writeAcceleratorEnabled": false,
                            "managedDisk": {
                                "storageAccountType": "Premium_LRS"
                            },
                            "diskSizeGB": 64
                        },
                        "imageReference": {
                            "id": "[concat(parameters('galleries_jnj_md_sig_externalid'), '/images/jnj-md-image-defn-1')]"
                        },
                        "dataDisks": [
                            {
                                "lun": 0,
                                "createOption": "Empty",
                                "caching": "ReadWrite",
                                "managedDisk": {
                                    "storageAccountType": "Premium_LRS"
                                },
                                "diskSizeGB": 256
                            }
                        ]
                    },
                    "networkProfile": {
                        "networkInterfaceConfigurations": [
                            {
                                "name": "jnj-md-vnet-nic01",
                                "properties": {
                                    "primary": true,
                                    "enableAcceleratedNetworking": false,
                                    "disableTcpStateTracking": false,
                                    "networkSecurityGroup": {
                                        "id": "[resourceId('Microsoft.Network/networkSecurityGroups', parameters('networkSecurityGroups_basicNsgjnj_md_vnet_nic01_name'))]"
                                    },
                                    "dnsSettings": {
                                        "dnsServers": []
                                    },
                                    "enableIPForwarding": false,
                                    "ipConfigurations": [
                                        {
                                            "name": "jnj-md-vnet-nic01-defaultIpConfiguration",
                                            "properties": {
                                                "primary": true,
                                                "subnet": {
                                                    "id": "[concat(parameters('virtualNetworks_jnj_md_vnet_externalid'), '/subnets/jnj-md-common-subnet')]"
                                                },
                                                "privateIPAddressVersion": "IPv4",
                                                "loadBalancerBackendAddressPools": [
                                                    {
                                                        "id": "[resourceId('Microsoft.Network/loadBalancers/backendAddressPools', parameters('loadBalancers_jnj_md_prod_vmss_lb_name'), 'bepool')]"
                                                    }
                                                ]
                                            }
                                        }
                                    ]
                                }
                            }
                        ]
                    },
                    "extensionProfile": {
                        "extensions": [
                            {
                                "name": "AzureMonitorLinuxAgent",
                                "properties": {
                                    "autoUpgradeMinorVersion": true,
                                    "publisher": "Microsoft.Azure.Monitor",
                                    "type": "AzureMonitorLinuxAgent",
                                    "typeHandlerVersion": "1.0"
                                }
                            }
                        ]
                    },
                    "licenseType": "None"
                },
                "overprovision": true,
                "doNotRunExtensionsOnOverprovisionedVMs": false,
                "platformFaultDomainCount": 5
            }
        },
        {
            "type": "Microsoft.Compute/virtualMachineScaleSets/virtualMachines/extensions",
            "apiVersion": "2024-07-01",
            "name": "[concat(parameters('virtualMachineScaleSets_jnj_md_prod_vmss_name'), '/0/AzureMonitorLinuxAgent')]",
            "location": "switzerlandnorth",
            "dependsOn": [
                "[resourceId('Microsoft.Compute/virtualMachineScaleSets/virtualMachines', parameters('virtualMachineScaleSets_jnj_md_prod_vmss_name'), '0')]",
                "[resourceId('Microsoft.Compute/virtualMachineScaleSets', parameters('virtualMachineScaleSets_jnj_md_prod_vmss_name'))]"
            ],
            "properties": {
                "autoUpgradeMinorVersion": true,
                "publisher": "Microsoft.Azure.Monitor",
                "type": "AzureMonitorLinuxAgent",
                "typeHandlerVersion": "1.0"
            }
        },
        {
            "type": "Microsoft.Compute/virtualMachineScaleSets/virtualMachines",
            "apiVersion": "2024-07-01",
            "name": "[concat(parameters('virtualMachineScaleSets_jnj_md_prod_vmss_name'), '/0')]",
            "location": "switzerlandnorth",
            "dependsOn": [
                "[resourceId('Microsoft.Compute/virtualMachineScaleSets', parameters('virtualMachineScaleSets_jnj_md_prod_vmss_name'))]",
                "[resourceId('Microsoft.Network/networkSecurityGroups', parameters('networkSecurityGroups_basicNsgjnj_md_vnet_nic01_name'))]",
                "[resourceId('Microsoft.Network/loadBalancers/backendAddressPools', parameters('loadBalancers_jnj_md_prod_vmss_lb_name'), 'bepool')]"
            ],
            "tags": {
                "Business Line": "MD",
                "Enviroment": "PROD"
            },
            "sku": {
                "name": "Standard_F64s_v2",
                "tier": "Standard"
            },
            "identity": {
                "type": "SystemAssigned"
            },
            "properties": {
                "networkProfileConfiguration": {
                    "networkInterfaceConfigurations": [
                        {
                            "name": "jnj-md-vnet-nic01",
                            "properties": {
                                "primary": true,
                                "enableAcceleratedNetworking": false,
                                "disableTcpStateTracking": false,
                                "networkSecurityGroup": {
                                    "id": "[resourceId('Microsoft.Network/networkSecurityGroups', parameters('networkSecurityGroups_basicNsgjnj_md_vnet_nic01_name'))]"
                                },
                                "dnsSettings": {
                                    "dnsServers": []
                                },
                                "enableIPForwarding": false,
                                "ipConfigurations": [
                                    {
                                        "name": "jnj-md-vnet-nic01-defaultIpConfiguration",
                                        "properties": {
                                            "primary": true,
                                            "subnet": {
                                                "id": "[concat(parameters('virtualNetworks_jnj_md_vnet_externalid'), '/subnets/jnj-md-common-subnet')]"
                                            },
                                            "privateIPAddressVersion": "IPv4",
                                            "loadBalancerBackendAddressPools": [
                                                {
                                                    "id": "[resourceId('Microsoft.Network/loadBalancers/backendAddressPools', parameters('loadBalancers_jnj_md_prod_vmss_lb_name'), 'bepool')]"
                                                }
                                            ]
                                        }
                                    }
                                ]
                            }
                        }
                    ]
                },
                "hardwareProfile": {
                    "vmSize": "Standard_F64s_v2"
                },
                "storageProfile": {
                    "imageReference": {
                        "id": "[concat(parameters('galleries_jnj_md_sig_externalid'), '/images/jnj-md-image-defn-1')]"
                    },
                    "osDisk": {
                        "osType": "Linux",
                        "name": "jnj-md-prod-vmss_jnj-md-prod-vmss_0_OsDisk_1_a7a0048570244df39b40685d2517052a",
                        "createOption": "FromImage",
                        "caching": "ReadWrite",
                        "writeAcceleratorEnabled": false,
                        "managedDisk": {
                            "id": "[parameters('disks_jnj_md_prod_vmss_jnj_md_prod_vmss_0_OsDisk_1_a7a0048570244df39b40685d2517052a_externalid')]"
                        }
                    },
                    "dataDisks": [
                        {
                            "lun": 0,
                            "name": "jnj-md-prod-vmss_jnj-md-prod-vmss_0_disk2_5d03b46c92c94b46a349e30146b0aabe",
                            "createOption": "Empty",
                            "caching": "ReadWrite",
                            "managedDisk": {
                                "id": "[parameters('disks_jnj_md_prod_vmss_jnj_md_prod_vmss_0_disk2_5d03b46c92c94b46a349e30146b0aabe_externalid')]"
                            },
                            "toBeDetached": false
                        }
                    ]
                },
                "networkProfile": {
                    "networkInterfaces": [
                        {
                            "id": "[concat(resourceId('Microsoft.Compute/virtualMachineScaleSets/virtualMachines', parameters('virtualMachineScaleSets_jnj_md_prod_vmss_name'), '0'), '/networkInterfaces/jnj-md-vnet-nic01')]"
                        }
                    ]
                },
                "licenseType": "None"
            }
        }
    ]
}