{
    "$schema": "https://schema.management.azure.com/schemas/2019-04-01/deploymentTemplate.json#",
    "contentVersion": "1.0.0.0",
    "parameters": {
        "virtualNetworks_workers_vnet_name": {
            "defaultValue": "workers-vnet",
            "type": "String"
        },
        "networkSecurityGroups_workers_sg_externalid": {
            "defaultValue": "/subscriptions/8d4346c2-32de-4083-8774-d32ffb70f026/resourceGroups/databricks-rg-jnj-md-adb-p2-qn2pxwb7rnxxi/providers/Microsoft.Network/networkSecurityGroups/workers-sg",
            "type": "String"
        }
    },
    "variables": {},
    "resources": [
        {
            "type": "Microsoft.Network/virtualNetworks",
            "apiVersion": "2024-05-01",
            "name": "[parameters('virtualNetworks_workers_vnet_name')]",
            "location": "switzerlandnorth",
            "tags": {
                "application": "databricks",
                "databricks-environment": "true",
                "Business Line": "MD",
                "Enviroment": "QA"
            },
            "properties": {
                "addressSpace": {
                    "addressPrefixes": [
                        "10.139.0.0/16"
                    ]
                },
                "privateEndpointVNetPolicies": "Disabled",
                "subnets": [
                    {
                        "name": "public-subnet",
                        "id": "[resourceId('Microsoft.Network/virtualNetworks/subnets', parameters('virtualNetworks_workers_vnet_name'), 'public-subnet')]",
                        "properties": {
                            "addressPrefix": "10.139.0.0/18",
                            "networkSecurityGroup": {
                                "id": "[parameters('networkSecurityGroups_workers_sg_externalid')]"
                            },
                            "delegations": [],
                            "privateEndpointNetworkPolicies": "Enabled",
                            "privateLinkServiceNetworkPolicies": "Enabled"
                        },
                        "type": "Microsoft.Network/virtualNetworks/subnets"
                    },
                    {
                        "name": "private-subnet",
                        "id": "[resourceId('Microsoft.Network/virtualNetworks/subnets', parameters('virtualNetworks_workers_vnet_name'), 'private-subnet')]",
                        "properties": {
                            "addressPrefix": "10.139.64.0/18",
                            "networkSecurityGroup": {
                                "id": "[parameters('networkSecurityGroups_workers_sg_externalid')]"
                            },
                            "delegations": [],
                            "privateEndpointNetworkPolicies": "Enabled",
                            "privateLinkServiceNetworkPolicies": "Enabled"
                        },
                        "type": "Microsoft.Network/virtualNetworks/subnets"
                    }
                ],
                "virtualNetworkPeerings": [],
                "enableDdosProtection": false
            }
        },
        {
            "type": "Microsoft.Network/virtualNetworks/subnets",
            "apiVersion": "2024-05-01",
            "name": "[concat(parameters('virtualNetworks_workers_vnet_name'), '/private-subnet')]",
            "dependsOn": [
                "[resourceId('Microsoft.Network/virtualNetworks', parameters('virtualNetworks_workers_vnet_name'))]"
            ],
            "properties": {
                "addressPrefix": "10.139.64.0/18",
                "networkSecurityGroup": {
                    "id": "[parameters('networkSecurityGroups_workers_sg_externalid')]"
                },
                "delegations": [],
                "privateEndpointNetworkPolicies": "Enabled",
                "privateLinkServiceNetworkPolicies": "Enabled"
            }
        },
        {
            "type": "Microsoft.Network/virtualNetworks/subnets",
            "apiVersion": "2024-05-01",
            "name": "[concat(parameters('virtualNetworks_workers_vnet_name'), '/public-subnet')]",
            "dependsOn": [
                "[resourceId('Microsoft.Network/virtualNetworks', parameters('virtualNetworks_workers_vnet_name'))]"
            ],
            "properties": {
                "addressPrefix": "10.139.0.0/18",
                "networkSecurityGroup": {
                    "id": "[parameters('networkSecurityGroups_workers_sg_externalid')]"
                },
                "delegations": [],
                "privateEndpointNetworkPolicies": "Enabled",
                "privateLinkServiceNetworkPolicies": "Enabled"
            }
        }
    ]
}