{
    "$schema": "https://schema.management.azure.com/schemas/2019-04-01/deploymentTemplate.json#",
    "contentVersion": "1.0.0.0",
    "parameters": {
        "actionGroups_email_alerts_name": {
            "defaultValue": "email alerts",
            "type": "String"
        }
    },
    "variables": {},
    "resources": [
        {
            "type": "microsoft.insights/actionGroups",
            "apiVersion": "2024-10-01-preview",
            "name": "[parameters('actionGroups_email_alerts_name')]",
            "location": "Global",
            "properties": {
                "groupShortName": "[parameters('actionGroups_email_alerts_name')]",
                "enabled": true,
                "emailReceivers": [
                    {
                        "name": "email1_-EmailAction-",
                        "emailAddress": "venkata-ratnakar.meka@capgemini.com",
                        "useCommonAlertSchema": false
                    },
                    {
                        "name": "email2_-EmailAction-",
                        "emailAddress": "sonali.a.nimkar@capgemini.com",
                        "useCommonAlertSchema": false
                    },
                    {
                        "name": "email3_-EmailAction-",
                        "emailAddress": "vijay-kumar.prayagala@capgemini.com",
                        "useCommonAlertSchema": false
                    }
                ],
                "smsReceivers": [],
                "webhookReceivers": [],
                "eventHubReceivers": [],
                "itsmReceivers": [],
                "azureAppPushReceivers": [],
                "automationRunbookReceivers": [],
                "voiceReceivers": [],
                "logicAppReceivers": [],
                "azureFunctionReceivers": [],
                "armRoleReceivers": []
            }
        }
    ]
}