{
    "$schema": "https://schema.management.azure.com/schemas/2019-04-01/deploymentTemplate.json#",
    "contentVersion": "1.0.0.0",
    "parameters": {
        "userAssignedIdentities_dbmanagedidentity_name": {
            "defaultValue": "dbmanagedidentity",
            "type": "String"
        }
    },
    "variables": {},
    "resources": [
        {
            "type": "Microsoft.ManagedIdentity/userAssignedIdentities",
            "apiVersion": "2024-11-30",
            "name": "[parameters('userAssignedIdentities_dbmanagedidentity_name')]",
            "location": "switzerlandnorth"
        }
    ]
}