{
    "$schema": "https://schema.management.azure.com/schemas/2019-04-01/deploymentTemplate.json#",
    "contentVersion": "1.0.0.0",
    "parameters": {
        "metricAlerts_bytes_read_alert_name": {
            "defaultValue": "bytes-read-alert",
            "type": "String"
        },
        "managedInstances_jnj_md_sqldb_externalid": {
            "defaultValue": "/subscriptions/8d4346c2-32de-4083-8774-d32ffb70f026/resourceGroups/jnj-md-common-rg/providers/Microsoft.Sql/managedInstances/jnj-md-sqldb",
            "type": "String"
        }
    },
    "variables": {},
    "resources": [
        {
            "type": "microsoft.insights/metricAlerts",
            "apiVersion": "2018-03-01",
            "name": "[parameters('metricAlerts_bytes_read_alert_name')]",
            "location": "global",
            "properties": {
                "description": "Monitor Bytes Read",
                "severity": 2,
                "enabled": true,
                "scopes": [
                    "[parameters('managedInstances_jnj_md_sqldb_externalid')]"
                ],
                "evaluationFrequency": "PT1H",
                "windowSize": "PT1H",
                "criteria": {
                    "allOf": [
                        {
                            "alertSensitivity": "Medium",
                            "failingPeriods": {
                                "numberOfEvaluationPeriods": 4,
                                "minFailingPeriodsToAlert": 4
                            },
                            "name": "Metric1",
                            "metricNamespace": "Microsoft.Sql/managedInstances",
                            "metricName": "io_bytes_read",
                            "operator": "GreaterOrLessThan",
                            "timeAggregation": "Average",
                            "criterionType": "DynamicThresholdCriterion"
                        }
                    ],
                    "odata.type": "Microsoft.Azure.Monitor.MultipleResourceMultipleMetricCriteria"
                },
                "autoMitigate": false,
                "targetResourceType": "Microsoft.Sql/managedInstances",
                "actions": []
            }
        }
    ]
}