{
    "$schema": "https://schema.management.azure.com/schemas/2019-04-01/deploymentTemplate.json#",
    "contentVersion": "1.0.0.0",
    "parameters": {
        "scheduledqueryrules_ScheduledStartStop_Parent_name": {
            "defaultValue": "ScheduledStartStop_Parent",
            "type": "String"
        },
        "workspaces_jnj_md_law1_externalid": {
            "defaultValue": "/subscriptions/8d4346c2-32de-4083-8774-d32ffb70f026/resourceGroups/jnj-md-common-rg/providers/Microsoft.OperationalInsights/workspaces/jnj-md-law1",
            "type": "String"
        },
        "actionGroups_StartStop_VM_Notification_externalid": {
            "defaultValue": "/subscriptions/8d4346c2-32de-4083-8774-d32ffb70f026/resourceGroups/jnj-md-common-rg/providers/Microsoft.Insights/actionGroups/StartStop_VM_Notification",
            "type": "String"
        }
    },
    "variables": {},
    "resources": [
        {
            "type": "microsoft.insights/scheduledqueryrules",
            "apiVersion": "2024-01-01-preview",
            "name": "[parameters('scheduledqueryrules_ScheduledStartStop_Parent_name')]",
            "location": "switzerlandnorth",
            "tags": {
                "hidden-link:/subscriptions/8d4346c2-32de-4083-8774-d32ffb70f026/resourceGroups/jnj-md-common-rg/providers/Microsoft.OperationalInsights/workspaces/jnj-md-law1": "Resource"
            },
            "properties": {
                "displayName": "[parameters('scheduledqueryrules_ScheduledStartStop_Parent_name')]",
                "description": "[concat('Start/Stop VMs during off-hours Runbook: ', parameters('scheduledqueryrules_ScheduledStartStop_Parent_name'), ' has attempted an action')]",
                "severity": 4,
                "enabled": true,
                "evaluationFrequency": "PT5M",
                "scopes": [
                    "[parameters('workspaces_jnj_md_law1_externalid')]"
                ],
                "windowSize": "PT5M",
                "criteria": {
                    "allOf": [
                        {
                            "query": "[concat('AzureDiagnostics\n| where (RunbookName_s == \"', parameters('scheduledqueryrules_ScheduledStartStop_Parent_name'), '\")\n| where ( ResultDescription hasprefix \"~\" )\n| extend output = substring(ResultDescription,1)\n| summarize by ResultDescription, output\n| project output')]",
                            "timeAggregation": "Count",
                            "operator": "GreaterThan",
                            "threshold": 0,
                            "failingPeriods": {
                                "numberOfEvaluationPeriods": 1,
                                "minFailingPeriodsToAlert": 1
                            }
                        }
                    ]
                },
                "actions": {
                    "actionGroups": [
                        "[parameters('actionGroups_StartStop_VM_Notification_externalid')]"
                    ]
                }
            }
        }
    ]
}