{
    "$schema": "https://schema.management.azure.com/schemas/2019-04-01/deploymentTemplate.json#",
    "contentVersion": "1.0.0.0",
    "parameters": {
        "networkSecurityGroups_nsg_jnj_md_sqldb_name": {
            "defaultValue": "nsg-jnj-md-sqldb",
            "type": "String"
        }
    },
    "variables": {},
    "resources": [
        {
            "type": "Microsoft.Network/networkSecurityGroups",
            "apiVersion": "2024-05-01",
            "name": "[parameters('networkSecurityGroups_nsg_jnj_md_sqldb_name')]",
            "location": "switzerlandnorth",
            "tags": {
                "Business Line": "MD",
                "Enviroment": "Common"
            },
            "properties": {
                "securityRules": [
                    {
                        "name": "allow_tds_inbound",
                        "id": "[resourceId('Microsoft.Network/networkSecurityGroups/securityRules', parameters('networkSecurityGroups_nsg_jnj_md_sqldb_name'), 'allow_tds_inbound')]",
                        "type": "Microsoft.Network/networkSecurityGroups/securityRules",
                        "properties": {
                            "description": "Allow access to data",
                            "protocol": "Tcp",
                            "sourcePortRange": "*",
                            "destinationPortRange": "1433",
                            "sourceAddressPrefix": "VirtualNetwork",
                            "destinationAddressPrefix": "10.0.13.0/25",
                            "access": "Allow",
                            "priority": 1000,
                            "direction": "Inbound",
                            "sourcePortRanges": [],
                            "destinationPortRanges": [],
                            "sourceAddressPrefixes": [],
                            "destinationAddressPrefixes": []
                        }
                    },
                    {
                        "name": "allow_redirect_inbound",
                        "id": "[resourceId('Microsoft.Network/networkSecurityGroups/securityRules', parameters('networkSecurityGroups_nsg_jnj_md_sqldb_name'), 'allow_redirect_inbound')]",
                        "type": "Microsoft.Network/networkSecurityGroups/securityRules",
                        "properties": {
                            "description": "Allow inbound redirect traffic to Managed Instance inside the virtual network",
                            "protocol": "Tcp",
                            "sourcePortRange": "*",
                            "destinationPortRange": "11000-11999",
                            "sourceAddressPrefix": "VirtualNetwork",
                            "destinationAddressPrefix": "10.0.13.0/25",
                            "access": "Allow",
                            "priority": 1100,
                            "direction": "Inbound",
                            "sourcePortRanges": [],
                            "destinationPortRanges": [],
                            "sourceAddressPrefixes": [],
                            "destinationAddressPrefixes": []
                        }
                    },
                    {
                        "name": "allow_geodr_inbound",
                        "id": "[resourceId('Microsoft.Network/networkSecurityGroups/securityRules', parameters('networkSecurityGroups_nsg_jnj_md_sqldb_name'), 'allow_geodr_inbound')]",
                        "type": "Microsoft.Network/networkSecurityGroups/securityRules",
                        "properties": {
                            "description": "Allow inbound geodr traffic inside the virtual network",
                            "protocol": "Tcp",
                            "sourcePortRange": "*",
                            "destinationPortRange": "5022",
                            "sourceAddressPrefix": "VirtualNetwork",
                            "destinationAddressPrefix": "10.0.13.0/25",
                            "access": "Allow",
                            "priority": 1200,
                            "direction": "Inbound",
                            "sourcePortRanges": [],
                            "destinationPortRanges": [],
                            "sourceAddressPrefixes": [],
                            "destinationAddressPrefixes": []
                        }
                    },
                    {
                        "name": "deny_all_inbound",
                        "id": "[resourceId('Microsoft.Network/networkSecurityGroups/securityRules', parameters('networkSecurityGroups_nsg_jnj_md_sqldb_name'), 'deny_all_inbound')]",
                        "type": "Microsoft.Network/networkSecurityGroups/securityRules",
                        "properties": {
                            "description": "Deny all other inbound traffic",
                            "protocol": "*",
                            "sourcePortRange": "*",
                            "destinationPortRange": "*",
                            "sourceAddressPrefix": "*",
                            "destinationAddressPrefix": "*",
                            "access": "Deny",
                            "priority": 4096,
                            "direction": "Inbound",
                            "sourcePortRanges": [],
                            "destinationPortRanges": [],
                            "sourceAddressPrefixes": [],
                            "destinationAddressPrefixes": []
                        }
                    },
                    {
                        "name": "allow_linkedserver_outbound",
                        "id": "[resourceId('Microsoft.Network/networkSecurityGroups/securityRules', parameters('networkSecurityGroups_nsg_jnj_md_sqldb_name'), 'allow_linkedserver_outbound')]",
                        "type": "Microsoft.Network/networkSecurityGroups/securityRules",
                        "properties": {
                            "description": "Allow outbound linkedserver traffic inside the virtual network",
                            "protocol": "Tcp",
                            "sourcePortRange": "*",
                            "destinationPortRange": "1433",
                            "sourceAddressPrefix": "10.0.13.0/25",
                            "destinationAddressPrefix": "VirtualNetwork",
                            "access": "Allow",
                            "priority": 1000,
                            "direction": "Outbound",
                            "sourcePortRanges": [],
                            "destinationPortRanges": [],
                            "sourceAddressPrefixes": [],
                            "destinationAddressPrefixes": []
                        }
                    },
                    {
                        "name": "allow_redirect_outbound",
                        "id": "[resourceId('Microsoft.Network/networkSecurityGroups/securityRules', parameters('networkSecurityGroups_nsg_jnj_md_sqldb_name'), 'allow_redirect_outbound')]",
                        "type": "Microsoft.Network/networkSecurityGroups/securityRules",
                        "properties": {
                            "description": "Allow outbound redirect traffic to Managed Instance inside the virtual network",
                            "protocol": "Tcp",
                            "sourcePortRange": "*",
                            "destinationPortRange": "11000-11999",
                            "sourceAddressPrefix": "10.0.13.0/25",
                            "destinationAddressPrefix": "VirtualNetwork",
                            "access": "Allow",
                            "priority": 1100,
                            "direction": "Outbound",
                            "sourcePortRanges": [],
                            "destinationPortRanges": [],
                            "sourceAddressPrefixes": [],
                            "destinationAddressPrefixes": []
                        }
                    },
                    {
                        "name": "allow_geodr_outbound",
                        "id": "[resourceId('Microsoft.Network/networkSecurityGroups/securityRules', parameters('networkSecurityGroups_nsg_jnj_md_sqldb_name'), 'allow_geodr_outbound')]",
                        "type": "Microsoft.Network/networkSecurityGroups/securityRules",
                        "properties": {
                            "description": "Allow outbound geodr traffic inside the virtual network",
                            "protocol": "Tcp",
                            "sourcePortRange": "*",
                            "destinationPortRange": "5022",
                            "sourceAddressPrefix": "10.0.13.0/25",
                            "destinationAddressPrefix": "VirtualNetwork",
                            "access": "Allow",
                            "priority": 1200,
                            "direction": "Outbound",
                            "sourcePortRanges": [],
                            "destinationPortRanges": [],
                            "sourceAddressPrefixes": [],
                            "destinationAddressPrefixes": []
                        }
                    },
                    {
                        "name": "allow_privatelink_outbound",
                        "id": "[resourceId('Microsoft.Network/networkSecurityGroups/securityRules', parameters('networkSecurityGroups_nsg_jnj_md_sqldb_name'), 'allow_privatelink_outbound')]",
                        "type": "Microsoft.Network/networkSecurityGroups/securityRules",
                        "properties": {
                            "description": "Allow outbound private link traffic inside the virtual network",
                            "protocol": "Tcp",
                            "sourcePortRange": "*",
                            "destinationPortRange": "443",
                            "sourceAddressPrefix": "10.0.13.0/25",
                            "destinationAddressPrefix": "VirtualNetwork",
                            "access": "Allow",
                            "priority": 1300,
                            "direction": "Outbound",
                            "sourcePortRanges": [],
                            "destinationPortRanges": [],
                            "sourceAddressPrefixes": [],
                            "destinationAddressPrefixes": []
                        }
                    },
                    {
                        "name": "deny_all_outbound",
                        "id": "[resourceId('Microsoft.Network/networkSecurityGroups/securityRules', parameters('networkSecurityGroups_nsg_jnj_md_sqldb_name'), 'deny_all_outbound')]",
                        "type": "Microsoft.Network/networkSecurityGroups/securityRules",
                        "properties": {
                            "description": "Deny all other outbound traffic",
                            "protocol": "*",
                            "sourcePortRange": "*",
                            "destinationPortRange": "*",
                            "sourceAddressPrefix": "*",
                            "destinationAddressPrefix": "*",
                            "access": "Deny",
                            "priority": 4096,
                            "direction": "Outbound",
                            "sourcePortRanges": [],
                            "destinationPortRanges": [],
                            "sourceAddressPrefixes": [],
                            "destinationAddressPrefixes": []
                        }
                    },
                    {
                        "name": "Port_3342",
                        "id": "[resourceId('Microsoft.Network/networkSecurityGroups/securityRules', parameters('networkSecurityGroups_nsg_jnj_md_sqldb_name'), 'Port_3342')]",
                        "type": "Microsoft.Network/networkSecurityGroups/securityRules",
                        "properties": {
                            "protocol": "*",
                            "sourcePortRange": "*",
                            "destinationPortRange": "3342",
                            "sourceAddressPrefix": "*",
                            "destinationAddressPrefix": "*",
                            "access": "Allow",
                            "priority": 350,
                            "direction": "Inbound",
                            "sourcePortRanges": [],
                            "destinationPortRanges": [],
                            "sourceAddressPrefixes": [],
                            "destinationAddressPrefixes": []
                        }
                    },
                    {
                        "name": "sql_id_port",
                        "id": "[resourceId('Microsoft.Network/networkSecurityGroups/securityRules', parameters('networkSecurityGroups_nsg_jnj_md_sqldb_name'), 'sql_id_port')]",
                        "type": "Microsoft.Network/networkSecurityGroups/securityRules",
                        "properties": {
                            "protocol": "TCP",
                            "sourcePortRange": "*",
                            "sourceAddressPrefix": "49.204.113.176/32",
                            "destinationAddressPrefix": "*",
                            "access": "Allow",
                            "priority": 110,
                            "direction": "Inbound",
                            "sourcePortRanges": [],
                            "destinationPortRanges": [
                                "1433",
                                "3342"
                            ],
                            "sourceAddressPrefixes": [],
                            "destinationAddressPrefixes": []
                        }
                    },
                    {
                        "name": "Microsoft.Sql-managedInstances_UseOnly_mi-healthprobe-in-10-0-13-0-25-v11",
                        "id": "[resourceId('Microsoft.Network/networkSecurityGroups/securityRules', parameters('networkSecurityGroups_nsg_jnj_md_sqldb_name'), 'Microsoft.Sql-managedInstances_UseOnly_mi-healthprobe-in-10-0-13-0-25-v11')]",
                        "type": "Microsoft.Network/networkSecurityGroups/securityRules",
                        "properties": {
                            "description": "Allow Azure Load Balancer inbound traffic",
                            "protocol": "*",
                            "sourcePortRange": "*",
                            "destinationPortRange": "*",
                            "sourceAddressPrefix": "AzureLoadBalancer",
                            "destinationAddressPrefix": "10.0.13.0/25",
                            "access": "Allow",
                            "priority": 100,
                            "direction": "Inbound",
                            "sourcePortRanges": [],
                            "destinationPortRanges": [],
                            "sourceAddressPrefixes": [],
                            "destinationAddressPrefixes": []
                        }
                    },
                    {
                        "name": "Microsoft.Sql-managedInstances_UseOnly_mi-internal-in-10-0-13-0-25-v11",
                        "id": "[resourceId('Microsoft.Network/networkSecurityGroups/securityRules', parameters('networkSecurityGroups_nsg_jnj_md_sqldb_name'), 'Microsoft.Sql-managedInstances_UseOnly_mi-internal-in-10-0-13-0-25-v11')]",
                        "type": "Microsoft.Network/networkSecurityGroups/securityRules",
                        "properties": {
                            "description": "Allow MI internal inbound traffic",
                            "protocol": "*",
                            "sourcePortRange": "*",
                            "destinationPortRange": "*",
                            "sourceAddressPrefix": "10.0.13.0/25",
                            "destinationAddressPrefix": "10.0.13.0/25",
                            "access": "Allow",
                            "priority": 101,
                            "direction": "Inbound",
                            "sourcePortRanges": [],
                            "destinationPortRanges": [],
                            "sourceAddressPrefixes": [],
                            "destinationAddressPrefixes": []
                        }
                    },
                    {
                        "name": "Microsoft.Sql-managedInstances_UseOnly_mi-aad-out-10-0-13-0-25-v11",
                        "id": "[resourceId('Microsoft.Network/networkSecurityGroups/securityRules', parameters('networkSecurityGroups_nsg_jnj_md_sqldb_name'), 'Microsoft.Sql-managedInstances_UseOnly_mi-aad-out-10-0-13-0-25-v11')]",
                        "type": "Microsoft.Network/networkSecurityGroups/securityRules",
                        "properties": {
                            "description": "Allow communication with Azure Active Directory over https",
                            "protocol": "Tcp",
                            "sourcePortRange": "*",
                            "destinationPortRange": "443",
                            "sourceAddressPrefix": "10.0.13.0/25",
                            "destinationAddressPrefix": "AzureActiveDirectory",
                            "access": "Allow",
                            "priority": 101,
                            "direction": "Outbound",
                            "sourcePortRanges": [],
                            "destinationPortRanges": [],
                            "sourceAddressPrefixes": [],
                            "destinationAddressPrefixes": []
                        }
                    },
                    {
                        "name": "Microsoft.Sql-managedInstances_UseOnly_mi-onedsc-out-10-0-13-0-25-v11",
                        "id": "[resourceId('Microsoft.Network/networkSecurityGroups/securityRules', parameters('networkSecurityGroups_nsg_jnj_md_sqldb_name'), 'Microsoft.Sql-managedInstances_UseOnly_mi-onedsc-out-10-0-13-0-25-v11')]",
                        "type": "Microsoft.Network/networkSecurityGroups/securityRules",
                        "properties": {
                            "description": "Allow communication with the One DS Collector over https",
                            "protocol": "Tcp",
                            "sourcePortRange": "*",
                            "destinationPortRange": "443",
                            "sourceAddressPrefix": "10.0.13.0/25",
                            "destinationAddressPrefix": "OneDsCollector",
                            "access": "Allow",
                            "priority": 102,
                            "direction": "Outbound",
                            "sourcePortRanges": [],
                            "destinationPortRanges": [],
                            "sourceAddressPrefixes": [],
                            "destinationAddressPrefixes": []
                        }
                    },
                    {
                        "name": "Microsoft.Sql-managedInstances_UseOnly_mi-internal-out-10-0-13-0-25-v11",
                        "id": "[resourceId('Microsoft.Network/networkSecurityGroups/securityRules', parameters('networkSecurityGroups_nsg_jnj_md_sqldb_name'), 'Microsoft.Sql-managedInstances_UseOnly_mi-internal-out-10-0-13-0-25-v11')]",
                        "type": "Microsoft.Network/networkSecurityGroups/securityRules",
                        "properties": {
                            "description": "Allow MI internal outbound traffic",
                            "protocol": "*",
                            "sourcePortRange": "*",
                            "destinationPortRange": "*",
                            "sourceAddressPrefix": "10.0.13.0/25",
                            "destinationAddressPrefix": "10.0.13.0/25",
                            "access": "Allow",
                            "priority": 103,
                            "direction": "Outbound",
                            "sourcePortRanges": [],
                            "destinationPortRanges": [],
                            "sourceAddressPrefixes": [],
                            "destinationAddressPrefixes": []
                        }
                    },
                    {
                        "name": "Microsoft.Sql-managedInstances_UseOnly_mi-strg-p-out-10-0-13-0-25-v11",
                        "id": "[resourceId('Microsoft.Network/networkSecurityGroups/securityRules', parameters('networkSecurityGroups_nsg_jnj_md_sqldb_name'), 'Microsoft.Sql-managedInstances_UseOnly_mi-strg-p-out-10-0-13-0-25-v11')]",
                        "type": "Microsoft.Network/networkSecurityGroups/securityRules",
                        "properties": {
                            "description": "Allow outbound communication with storage over HTTPS",
                            "protocol": "*",
                            "sourcePortRange": "*",
                            "destinationPortRange": "443",
                            "sourceAddressPrefix": "10.0.13.0/25",
                            "destinationAddressPrefix": "Storage.switzerlandnorth",
                            "access": "Allow",
                            "priority": 104,
                            "direction": "Outbound",
                            "sourcePortRanges": [],
                            "destinationPortRanges": [],
                            "sourceAddressPrefixes": [],
                            "destinationAddressPrefixes": []
                        }
                    },
                    {
                        "name": "Microsoft.Sql-managedInstances_UseOnly_mi-strg-s-out-10-0-13-0-25-v11",
                        "id": "[resourceId('Microsoft.Network/networkSecurityGroups/securityRules', parameters('networkSecurityGroups_nsg_jnj_md_sqldb_name'), 'Microsoft.Sql-managedInstances_UseOnly_mi-strg-s-out-10-0-13-0-25-v11')]",
                        "type": "Microsoft.Network/networkSecurityGroups/securityRules",
                        "properties": {
                            "description": "Allow outbound communication with storage over HTTPS",
                            "protocol": "*",
                            "sourcePortRange": "*",
                            "destinationPortRange": "443",
                            "sourceAddressPrefix": "10.0.13.0/25",
                            "destinationAddressPrefix": "Storage.switzerlandwest",
                            "access": "Allow",
                            "priority": 105,
                            "direction": "Outbound",
                            "sourcePortRanges": [],
                            "destinationPortRanges": [],
                            "sourceAddressPrefixes": [],
                            "destinationAddressPrefixes": []
                        }
                    },
                    {
                        "name": "Microsoft.Sql-managedInstances_UseOnly_mi-optional-azure-out-10-0-13-0-25",
                        "id": "[resourceId('Microsoft.Network/networkSecurityGroups/securityRules', parameters('networkSecurityGroups_nsg_jnj_md_sqldb_name'), 'Microsoft.Sql-managedInstances_UseOnly_mi-optional-azure-out-10-0-13-0-25')]",
                        "type": "Microsoft.Network/networkSecurityGroups/securityRules",
                        "properties": {
                            "description": "Allow AzureCloud outbound https traffic",
                            "protocol": "Tcp",
                            "sourcePortRange": "*",
                            "destinationPortRange": "443",
                            "sourceAddressPrefix": "10.0.13.0/25",
                            "destinationAddressPrefix": "AzureCloud",
                            "access": "Allow",
                            "priority": 100,
                            "direction": "Outbound",
                            "sourcePortRanges": [],
                            "destinationPortRanges": [],
                            "sourceAddressPrefixes": [],
                            "destinationAddressPrefixes": []
                        }
                    }
                ]
            }
        },
        {
            "type": "Microsoft.Network/networkSecurityGroups/securityRules",
            "apiVersion": "2024-05-01",
            "name": "[concat(parameters('networkSecurityGroups_nsg_jnj_md_sqldb_name'), '/allow_geodr_inbound')]",
            "dependsOn": [
                "[resourceId('Microsoft.Network/networkSecurityGroups', parameters('networkSecurityGroups_nsg_jnj_md_sqldb_name'))]"
            ],
            "properties": {
                "description": "Allow inbound geodr traffic inside the virtual network",
                "protocol": "Tcp",
                "sourcePortRange": "*",
                "destinationPortRange": "5022",
                "sourceAddressPrefix": "VirtualNetwork",
                "destinationAddressPrefix": "10.0.13.0/25",
                "access": "Allow",
                "priority": 1200,
                "direction": "Inbound",
                "sourcePortRanges": [],
                "destinationPortRanges": [],
                "sourceAddressPrefixes": [],
                "destinationAddressPrefixes": []
            }
        },
        {
            "type": "Microsoft.Network/networkSecurityGroups/securityRules",
            "apiVersion": "2024-05-01",
            "name": "[concat(parameters('networkSecurityGroups_nsg_jnj_md_sqldb_name'), '/allow_geodr_outbound')]",
            "dependsOn": [
                "[resourceId('Microsoft.Network/networkSecurityGroups', parameters('networkSecurityGroups_nsg_jnj_md_sqldb_name'))]"
            ],
            "properties": {
                "description": "Allow outbound geodr traffic inside the virtual network",
                "protocol": "Tcp",
                "sourcePortRange": "*",
                "destinationPortRange": "5022",
                "sourceAddressPrefix": "10.0.13.0/25",
                "destinationAddressPrefix": "VirtualNetwork",
                "access": "Allow",
                "priority": 1200,
                "direction": "Outbound",
                "sourcePortRanges": [],
                "destinationPortRanges": [],
                "sourceAddressPrefixes": [],
                "destinationAddressPrefixes": []
            }
        },
        {
            "type": "Microsoft.Network/networkSecurityGroups/securityRules",
            "apiVersion": "2024-05-01",
            "name": "[concat(parameters('networkSecurityGroups_nsg_jnj_md_sqldb_name'), '/allow_linkedserver_outbound')]",
            "dependsOn": [
                "[resourceId('Microsoft.Network/networkSecurityGroups', parameters('networkSecurityGroups_nsg_jnj_md_sqldb_name'))]"
            ],
            "properties": {
                "description": "Allow outbound linkedserver traffic inside the virtual network",
                "protocol": "Tcp",
                "sourcePortRange": "*",
                "destinationPortRange": "1433",
                "sourceAddressPrefix": "10.0.13.0/25",
                "destinationAddressPrefix": "VirtualNetwork",
                "access": "Allow",
                "priority": 1000,
                "direction": "Outbound",
                "sourcePortRanges": [],
                "destinationPortRanges": [],
                "sourceAddressPrefixes": [],
                "destinationAddressPrefixes": []
            }
        },
        {
            "type": "Microsoft.Network/networkSecurityGroups/securityRules",
            "apiVersion": "2024-05-01",
            "name": "[concat(parameters('networkSecurityGroups_nsg_jnj_md_sqldb_name'), '/allow_privatelink_outbound')]",
            "dependsOn": [
                "[resourceId('Microsoft.Network/networkSecurityGroups', parameters('networkSecurityGroups_nsg_jnj_md_sqldb_name'))]"
            ],
            "properties": {
                "description": "Allow outbound private link traffic inside the virtual network",
                "protocol": "Tcp",
                "sourcePortRange": "*",
                "destinationPortRange": "443",
                "sourceAddressPrefix": "10.0.13.0/25",
                "destinationAddressPrefix": "VirtualNetwork",
                "access": "Allow",
                "priority": 1300,
                "direction": "Outbound",
                "sourcePortRanges": [],
                "destinationPortRanges": [],
                "sourceAddressPrefixes": [],
                "destinationAddressPrefixes": []
            }
        },
        {
            "type": "Microsoft.Network/networkSecurityGroups/securityRules",
            "apiVersion": "2024-05-01",
            "name": "[concat(parameters('networkSecurityGroups_nsg_jnj_md_sqldb_name'), '/allow_redirect_inbound')]",
            "dependsOn": [
                "[resourceId('Microsoft.Network/networkSecurityGroups', parameters('networkSecurityGroups_nsg_jnj_md_sqldb_name'))]"
            ],
            "properties": {
                "description": "Allow inbound redirect traffic to Managed Instance inside the virtual network",
                "protocol": "Tcp",
                "sourcePortRange": "*",
                "destinationPortRange": "11000-11999",
                "sourceAddressPrefix": "VirtualNetwork",
                "destinationAddressPrefix": "10.0.13.0/25",
                "access": "Allow",
                "priority": 1100,
                "direction": "Inbound",
                "sourcePortRanges": [],
                "destinationPortRanges": [],
                "sourceAddressPrefixes": [],
                "destinationAddressPrefixes": []
            }
        },
        {
            "type": "Microsoft.Network/networkSecurityGroups/securityRules",
            "apiVersion": "2024-05-01",
            "name": "[concat(parameters('networkSecurityGroups_nsg_jnj_md_sqldb_name'), '/allow_redirect_outbound')]",
            "dependsOn": [
                "[resourceId('Microsoft.Network/networkSecurityGroups', parameters('networkSecurityGroups_nsg_jnj_md_sqldb_name'))]"
            ],
            "properties": {
                "description": "Allow outbound redirect traffic to Managed Instance inside the virtual network",
                "protocol": "Tcp",
                "sourcePortRange": "*",
                "destinationPortRange": "11000-11999",
                "sourceAddressPrefix": "10.0.13.0/25",
                "destinationAddressPrefix": "VirtualNetwork",
                "access": "Allow",
                "priority": 1100,
                "direction": "Outbound",
                "sourcePortRanges": [],
                "destinationPortRanges": [],
                "sourceAddressPrefixes": [],
                "destinationAddressPrefixes": []
            }
        },
        {
            "type": "Microsoft.Network/networkSecurityGroups/securityRules",
            "apiVersion": "2024-05-01",
            "name": "[concat(parameters('networkSecurityGroups_nsg_jnj_md_sqldb_name'), '/allow_tds_inbound')]",
            "dependsOn": [
                "[resourceId('Microsoft.Network/networkSecurityGroups', parameters('networkSecurityGroups_nsg_jnj_md_sqldb_name'))]"
            ],
            "properties": {
                "description": "Allow access to data",
                "protocol": "Tcp",
                "sourcePortRange": "*",
                "destinationPortRange": "1433",
                "sourceAddressPrefix": "VirtualNetwork",
                "destinationAddressPrefix": "10.0.13.0/25",
                "access": "Allow",
                "priority": 1000,
                "direction": "Inbound",
                "sourcePortRanges": [],
                "destinationPortRanges": [],
                "sourceAddressPrefixes": [],
                "destinationAddressPrefixes": []
            }
        },
        {
            "type": "Microsoft.Network/networkSecurityGroups/securityRules",
            "apiVersion": "2024-05-01",
            "name": "[concat(parameters('networkSecurityGroups_nsg_jnj_md_sqldb_name'), '/deny_all_inbound')]",
            "dependsOn": [
                "[resourceId('Microsoft.Network/networkSecurityGroups', parameters('networkSecurityGroups_nsg_jnj_md_sqldb_name'))]"
            ],
            "properties": {
                "description": "Deny all other inbound traffic",
                "protocol": "*",
                "sourcePortRange": "*",
                "destinationPortRange": "*",
                "sourceAddressPrefix": "*",
                "destinationAddressPrefix": "*",
                "access": "Deny",
                "priority": 4096,
                "direction": "Inbound",
                "sourcePortRanges": [],
                "destinationPortRanges": [],
                "sourceAddressPrefixes": [],
                "destinationAddressPrefixes": []
            }
        },
        {
            "type": "Microsoft.Network/networkSecurityGroups/securityRules",
            "apiVersion": "2024-05-01",
            "name": "[concat(parameters('networkSecurityGroups_nsg_jnj_md_sqldb_name'), '/deny_all_outbound')]",
            "dependsOn": [
                "[resourceId('Microsoft.Network/networkSecurityGroups', parameters('networkSecurityGroups_nsg_jnj_md_sqldb_name'))]"
            ],
            "properties": {
                "description": "Deny all other outbound traffic",
                "protocol": "*",
                "sourcePortRange": "*",
                "destinationPortRange": "*",
                "sourceAddressPrefix": "*",
                "destinationAddressPrefix": "*",
                "access": "Deny",
                "priority": 4096,
                "direction": "Outbound",
                "sourcePortRanges": [],
                "destinationPortRanges": [],
                "sourceAddressPrefixes": [],
                "destinationAddressPrefixes": []
            }
        },
        {
            "type": "Microsoft.Network/networkSecurityGroups/securityRules",
            "apiVersion": "2024-05-01",
            "name": "[concat(parameters('networkSecurityGroups_nsg_jnj_md_sqldb_name'), '/Microsoft.Sql-managedInstances_UseOnly_mi-aad-out-10-0-13-0-25-v11')]",
            "dependsOn": [
                "[resourceId('Microsoft.Network/networkSecurityGroups', parameters('networkSecurityGroups_nsg_jnj_md_sqldb_name'))]"
            ],
            "properties": {
                "description": "Allow communication with Azure Active Directory over https",
                "protocol": "Tcp",
                "sourcePortRange": "*",
                "destinationPortRange": "443",
                "sourceAddressPrefix": "10.0.13.0/25",
                "destinationAddressPrefix": "AzureActiveDirectory",
                "access": "Allow",
                "priority": 101,
                "direction": "Outbound",
                "sourcePortRanges": [],
                "destinationPortRanges": [],
                "sourceAddressPrefixes": [],
                "destinationAddressPrefixes": []
            }
        },
        {
            "type": "Microsoft.Network/networkSecurityGroups/securityRules",
            "apiVersion": "2024-05-01",
            "name": "[concat(parameters('networkSecurityGroups_nsg_jnj_md_sqldb_name'), '/Microsoft.Sql-managedInstances_UseOnly_mi-healthprobe-in-10-0-13-0-25-v11')]",
            "dependsOn": [
                "[resourceId('Microsoft.Network/networkSecurityGroups', parameters('networkSecurityGroups_nsg_jnj_md_sqldb_name'))]"
            ],
            "properties": {
                "description": "Allow Azure Load Balancer inbound traffic",
                "protocol": "*",
                "sourcePortRange": "*",
                "destinationPortRange": "*",
                "sourceAddressPrefix": "AzureLoadBalancer",
                "destinationAddressPrefix": "10.0.13.0/25",
                "access": "Allow",
                "priority": 100,
                "direction": "Inbound",
                "sourcePortRanges": [],
                "destinationPortRanges": [],
                "sourceAddressPrefixes": [],
                "destinationAddressPrefixes": []
            }
        },
        {
            "type": "Microsoft.Network/networkSecurityGroups/securityRules",
            "apiVersion": "2024-05-01",
            "name": "[concat(parameters('networkSecurityGroups_nsg_jnj_md_sqldb_name'), '/Microsoft.Sql-managedInstances_UseOnly_mi-internal-in-10-0-13-0-25-v11')]",
            "dependsOn": [
                "[resourceId('Microsoft.Network/networkSecurityGroups', parameters('networkSecurityGroups_nsg_jnj_md_sqldb_name'))]"
            ],
            "properties": {
                "description": "Allow MI internal inbound traffic",
                "protocol": "*",
                "sourcePortRange": "*",
                "destinationPortRange": "*",
                "sourceAddressPrefix": "10.0.13.0/25",
                "destinationAddressPrefix": "10.0.13.0/25",
                "access": "Allow",
                "priority": 101,
                "direction": "Inbound",
                "sourcePortRanges": [],
                "destinationPortRanges": [],
                "sourceAddressPrefixes": [],
                "destinationAddressPrefixes": []
            }
        },
        {
            "type": "Microsoft.Network/networkSecurityGroups/securityRules",
            "apiVersion": "2024-05-01",
            "name": "[concat(parameters('networkSecurityGroups_nsg_jnj_md_sqldb_name'), '/Microsoft.Sql-managedInstances_UseOnly_mi-internal-out-10-0-13-0-25-v11')]",
            "dependsOn": [
                "[resourceId('Microsoft.Network/networkSecurityGroups', parameters('networkSecurityGroups_nsg_jnj_md_sqldb_name'))]"
            ],
            "properties": {
                "description": "Allow MI internal outbound traffic",
                "protocol": "*",
                "sourcePortRange": "*",
                "destinationPortRange": "*",
                "sourceAddressPrefix": "10.0.13.0/25",
                "destinationAddressPrefix": "10.0.13.0/25",
                "access": "Allow",
                "priority": 103,
                "direction": "Outbound",
                "sourcePortRanges": [],
                "destinationPortRanges": [],
                "sourceAddressPrefixes": [],
                "destinationAddressPrefixes": []
            }
        },
        {
            "type": "Microsoft.Network/networkSecurityGroups/securityRules",
            "apiVersion": "2024-05-01",
            "name": "[concat(parameters('networkSecurityGroups_nsg_jnj_md_sqldb_name'), '/Microsoft.Sql-managedInstances_UseOnly_mi-onedsc-out-10-0-13-0-25-v11')]",
            "dependsOn": [
                "[resourceId('Microsoft.Network/networkSecurityGroups', parameters('networkSecurityGroups_nsg_jnj_md_sqldb_name'))]"
            ],
            "properties": {
                "description": "Allow communication with the One DS Collector over https",
                "protocol": "Tcp",
                "sourcePortRange": "*",
                "destinationPortRange": "443",
                "sourceAddressPrefix": "10.0.13.0/25",
                "destinationAddressPrefix": "OneDsCollector",
                "access": "Allow",
                "priority": 102,
                "direction": "Outbound",
                "sourcePortRanges": [],
                "destinationPortRanges": [],
                "sourceAddressPrefixes": [],
                "destinationAddressPrefixes": []
            }
        },
        {
            "type": "Microsoft.Network/networkSecurityGroups/securityRules",
            "apiVersion": "2024-05-01",
            "name": "[concat(parameters('networkSecurityGroups_nsg_jnj_md_sqldb_name'), '/Microsoft.Sql-managedInstances_UseOnly_mi-optional-azure-out-10-0-13-0-25')]",
            "dependsOn": [
                "[resourceId('Microsoft.Network/networkSecurityGroups', parameters('networkSecurityGroups_nsg_jnj_md_sqldb_name'))]"
            ],
            "properties": {
                "description": "Allow AzureCloud outbound https traffic",
                "protocol": "Tcp",
                "sourcePortRange": "*",
                "destinationPortRange": "443",
                "sourceAddressPrefix": "10.0.13.0/25",
                "destinationAddressPrefix": "AzureCloud",
                "access": "Allow",
                "priority": 100,
                "direction": "Outbound",
                "sourcePortRanges": [],
                "destinationPortRanges": [],
                "sourceAddressPrefixes": [],
                "destinationAddressPrefixes": []
            }
        },
        {
            "type": "Microsoft.Network/networkSecurityGroups/securityRules",
            "apiVersion": "2024-05-01",
            "name": "[concat(parameters('networkSecurityGroups_nsg_jnj_md_sqldb_name'), '/Microsoft.Sql-managedInstances_UseOnly_mi-strg-p-out-10-0-13-0-25-v11')]",
            "dependsOn": [
                "[resourceId('Microsoft.Network/networkSecurityGroups', parameters('networkSecurityGroups_nsg_jnj_md_sqldb_name'))]"
            ],
            "properties": {
                "description": "Allow outbound communication with storage over HTTPS",
                "protocol": "*",
                "sourcePortRange": "*",
                "destinationPortRange": "443",
                "sourceAddressPrefix": "10.0.13.0/25",
                "destinationAddressPrefix": "Storage.switzerlandnorth",
                "access": "Allow",
                "priority": 104,
                "direction": "Outbound",
                "sourcePortRanges": [],
                "destinationPortRanges": [],
                "sourceAddressPrefixes": [],
                "destinationAddressPrefixes": []
            }
        },
        {
            "type": "Microsoft.Network/networkSecurityGroups/securityRules",
            "apiVersion": "2024-05-01",
            "name": "[concat(parameters('networkSecurityGroups_nsg_jnj_md_sqldb_name'), '/Microsoft.Sql-managedInstances_UseOnly_mi-strg-s-out-10-0-13-0-25-v11')]",
            "dependsOn": [
                "[resourceId('Microsoft.Network/networkSecurityGroups', parameters('networkSecurityGroups_nsg_jnj_md_sqldb_name'))]"
            ],
            "properties": {
                "description": "Allow outbound communication with storage over HTTPS",
                "protocol": "*",
                "sourcePortRange": "*",
                "destinationPortRange": "443",
                "sourceAddressPrefix": "10.0.13.0/25",
                "destinationAddressPrefix": "Storage.switzerlandwest",
                "access": "Allow",
                "priority": 105,
                "direction": "Outbound",
                "sourcePortRanges": [],
                "destinationPortRanges": [],
                "sourceAddressPrefixes": [],
                "destinationAddressPrefixes": []
            }
        },
        {
            "type": "Microsoft.Network/networkSecurityGroups/securityRules",
            "apiVersion": "2024-05-01",
            "name": "[concat(parameters('networkSecurityGroups_nsg_jnj_md_sqldb_name'), '/Port_3342')]",
            "dependsOn": [
                "[resourceId('Microsoft.Network/networkSecurityGroups', parameters('networkSecurityGroups_nsg_jnj_md_sqldb_name'))]"
            ],
            "properties": {
                "protocol": "*",
                "sourcePortRange": "*",
                "destinationPortRange": "3342",
                "sourceAddressPrefix": "*",
                "destinationAddressPrefix": "*",
                "access": "Allow",
                "priority": 350,
                "direction": "Inbound",
                "sourcePortRanges": [],
                "destinationPortRanges": [],
                "sourceAddressPrefixes": [],
                "destinationAddressPrefixes": []
            }
        },
        {
            "type": "Microsoft.Network/networkSecurityGroups/securityRules",
            "apiVersion": "2024-05-01",
            "name": "[concat(parameters('networkSecurityGroups_nsg_jnj_md_sqldb_name'), '/sql_id_port')]",
            "dependsOn": [
                "[resourceId('Microsoft.Network/networkSecurityGroups', parameters('networkSecurityGroups_nsg_jnj_md_sqldb_name'))]"
            ],
            "properties": {
                "protocol": "TCP",
                "sourcePortRange": "*",
                "sourceAddressPrefix": "49.204.113.176/32",
                "destinationAddressPrefix": "*",
                "access": "Allow",
                "priority": 110,
                "direction": "Inbound",
                "sourcePortRanges": [],
                "destinationPortRanges": [
                    "1433",
                    "3342"
                ],
                "sourceAddressPrefixes": [],
                "destinationAddressPrefixes": []
            }
        }
    ]
}