{
    "$schema": "https://schema.management.azure.com/schemas/2015-01-01/deploymentParameters.json#",
    "contentVersion": "1.0.0.0",
    "parameters": {
        "vulnerabilityAssessments_Default_storageContainerPath": {
            "value": null
        },
        "managedInstances_jnj_md_sqldb_name": {
            "value": null
        },
        "servers_jnj_md_sqldb_name": {
            "value": null
        },
        "virtualNetworks_jnj_md_vnet_externalid": {
            "value": null
        }
    }
}