{
    "$schema": "https://schema.management.azure.com/schemas/2019-04-01/deploymentTemplate.json#",
    "contentVersion": "1.0.0.0",
    "parameters": {
        "vulnerabilityAssessments_Default_storageContainerPath": {
            "type": "SecureString"
        },
        "managedInstances_jnj_md_sqldb_name": {
            "defaultValue": "jnj-md-sqldb",
            "type": "String"
        },
        "servers_jnj_md_sqldb_name": {
            "defaultValue": "jnj-md-sqldb",
            "type": "String"
        },
        "virtualNetworks_jnj_md_vnet_externalid": {
            "defaultValue": "/subscriptions/8d4346c2-32de-4083-8774-d32ffb70f026/resourceGroups/jnj-md-common-rg/providers/Microsoft.Network/virtualNetworks/jnj-md-vnet",
            "type": "String"
        }
    },
    "variables": {},
    "resources": [
        {
            "type": "Microsoft.Sql/managedInstances",
            "apiVersion": "2024-05-01-preview",
            "name": "[parameters('managedInstances_jnj_md_sqldb_name')]",
            "location": "switzerlandnorth",
            "tags": {
                "Business Line": "MD",
                "Enviroment": "Common"
            },
            "sku": {
                "name": "GP_Gen5",
                "tier": "GeneralPurpose",
                "family": "Gen5",
                "capacity": 8
            },
            "identity": {
                "type": "SystemAssigned"
            },
            "properties": {
                "isGeneralPurposeV2": false,
                "administratorLogin": "dbadmin",
                "subnetId": "[concat(parameters('virtualNetworks_jnj_md_vnet_externalid'), '/subnets/jnj-md-db-subnet')]",
                "licenseType": "LicenseIncluded",
                "hybridSecondaryUsage": "Active",
                "vCores": 8,
                "storageSizeInGB": 1024,
                "collation": "SQL_Latin1_General_CP1_CI_AS",
                "publicDataEndpointEnabled": true,
                "proxyOverride": "Redirect",
                "timezoneId": "India Standard Time",
                "maintenanceConfigurationId": "/subscriptions/8d4346c2-32de-4083-8774-d32ffb70f026/providers/Microsoft.Maintenance/publicMaintenanceConfigurations/SQL_SwitzerlandNorth_MI_2",
                "minimalTlsVersion": "1.2",
                "requestedBackupStorageRedundancy": "Geo",
                "zoneRedundant": false,
                "pricingModel": "Regular",
                "databaseFormat": "SQLServer2022"
            }
        },
        {
            "type": "Microsoft.Sql/servers/databases/vulnerabilityAssessments",
            "apiVersion": "2024-05-01-preview",
            "name": "[concat(parameters('servers_jnj_md_sqldb_name'), '/jnj_db_dbx_test/Default')]",
            "properties": {
                "recurringScans": {
                    "isEnabled": false,
                    "emailSubscriptionAdmins": true
                }
            }
        },
        {
            "type": "Microsoft.Sql/servers/databases/vulnerabilityAssessments",
            "apiVersion": "2024-05-01-preview",
            "name": "[concat(parameters('servers_jnj_md_sqldb_name'), '/jnj_md_prod_v2/Default')]",
            "properties": {
                "recurringScans": {
                    "isEnabled": false,
                    "emailSubscriptionAdmins": true
                }
            }
        },
        {
            "type": "Microsoft.Sql/servers/databases/vulnerabilityAssessments",
            "apiVersion": "2024-05-01-preview",
            "name": "[concat(parameters('servers_jnj_md_sqldb_name'), '/jnj-database-backup/Default')]",
            "properties": {
                "recurringScans": {
                    "isEnabled": false,
                    "emailSubscriptionAdmins": true
                }
            }
        },
        {
            "type": "Microsoft.Sql/managedInstances/advancedThreatProtectionSettings",
            "apiVersion": "2024-05-01-preview",
            "name": "[concat(parameters('managedInstances_jnj_md_sqldb_name'), '/Default')]",
            "dependsOn": [
                "[resourceId('Microsoft.Sql/managedInstances', parameters('managedInstances_jnj_md_sqldb_name'))]"
            ],
            "properties": {
                "state": "Disabled"
            }
        },
        {
            "type": "Microsoft.Sql/managedInstances/databases",
            "apiVersion": "2024-05-01-preview",
            "name": "[concat(parameters('managedInstances_jnj_md_sqldb_name'), '/jnj_db_dbx_test')]",
            "location": "switzerlandnorth",
            "dependsOn": [
                "[resourceId('Microsoft.Sql/managedInstances', parameters('managedInstances_jnj_md_sqldb_name'))]"
            ],
            "properties": {
                "collation": "SQL_Latin1_General_CP1_CI_AS",
                "isLedgerOn": false
            }
        },
        {
            "type": "Microsoft.Sql/managedInstances/databases",
            "apiVersion": "2024-05-01-preview",
            "name": "[concat(parameters('managedInstances_jnj_md_sqldb_name'), '/jnj_md_prod_v2')]",
            "location": "switzerlandnorth",
            "dependsOn": [
                "[resourceId('Microsoft.Sql/managedInstances', parameters('managedInstances_jnj_md_sqldb_name'))]"
            ],
            "properties": {
                "collation": "SQL_Latin1_General_CP1_CI_AS",
                "isLedgerOn": false
            }
        },
        {
            "type": "Microsoft.Sql/managedInstances/databases",
            "apiVersion": "2024-05-01-preview",
            "name": "[concat(parameters('managedInstances_jnj_md_sqldb_name'), '/jnj-database-backup')]",
            "location": "switzerlandnorth",
            "dependsOn": [
                "[resourceId('Microsoft.Sql/managedInstances', parameters('managedInstances_jnj_md_sqldb_name'))]"
            ],
            "properties": {
                "collation": "SQL_Latin1_General_CP1_CI_AS",
                "isLedgerOn": false
            }
        },
        {
            "type": "Microsoft.Sql/managedInstances/dtc",
            "apiVersion": "2024-05-01-preview",
            "name": "[concat(parameters('managedInstances_jnj_md_sqldb_name'), '/current')]",
            "dependsOn": [
                "[resourceId('Microsoft.Sql/managedInstances', parameters('managedInstances_jnj_md_sqldb_name'))]"
            ],
            "properties": {
                "dtcEnabled": false,
                "securitySettings": {
                    "transactionManagerCommunicationSettings": {
                        "allowInboundEnabled": true,
                        "allowOutboundEnabled": true,
                        "authentication": "NoAuth"
                    },
                    "xaTransactionsEnabled": true,
                    "snaLu6point2TransactionsEnabled": true,
                    "xaTransactionsDefaultTimeout": 0,
                    "xaTransactionsMaximumTimeout": 0
                },
                "externalDnsSuffixSearchList": [
                    "wkzdjd4yg0ch.database.windows.net"
                ]
            }
        },
        {
            "type": "Microsoft.Sql/managedInstances/encryptionProtector",
            "apiVersion": "2024-05-01-preview",
            "name": "[concat(parameters('managedInstances_jnj_md_sqldb_name'), '/current')]",
            "dependsOn": [
                "[resourceId('Microsoft.Sql/managedInstances', parameters('managedInstances_jnj_md_sqldb_name'))]"
            ],
            "kind": "servicemanaged",
            "properties": {
                "serverKeyName": "ServiceManaged",
                "serverKeyType": "ServiceManaged",
                "autoRotationEnabled": false
            }
        },
        {
            "type": "Microsoft.Sql/managedInstances/keys",
            "apiVersion": "2024-05-01-preview",
            "name": "[concat(parameters('managedInstances_jnj_md_sqldb_name'), '/ServiceManaged')]",
            "dependsOn": [
                "[resourceId('Microsoft.Sql/managedInstances', parameters('managedInstances_jnj_md_sqldb_name'))]"
            ],
            "kind": "servicemanaged",
            "properties": {
                "serverKeyType": "ServiceManaged"
            }
        },
        {
            "type": "Microsoft.Sql/managedInstances/securityAlertPolicies",
            "apiVersion": "2024-05-01-preview",
            "name": "[concat(parameters('managedInstances_jnj_md_sqldb_name'), '/Default')]",
            "dependsOn": [
                "[resourceId('Microsoft.Sql/managedInstances', parameters('managedInstances_jnj_md_sqldb_name'))]"
            ],
            "properties": {
                "state": "Disabled",
                "disabledAlerts": [
                    ""
                ],
                "emailAddresses": [
                    ""
                ],
                "emailAccountAdmins": false,
                "retentionDays": 0
            }
        },
        {
            "type": "Microsoft.Sql/managedInstances/serverConfigurationOptions",
            "apiVersion": "2024-05-01-preview",
            "name": "[concat(parameters('managedInstances_jnj_md_sqldb_name'), '/allowPolybaseExport')]",
            "dependsOn": [
                "[resourceId('Microsoft.Sql/managedInstances', parameters('managedInstances_jnj_md_sqldb_name'))]"
            ],
            "properties": {
                "serverConfigurationOptionValue": 0
            }
        },
        {
            "type": "Microsoft.Sql/managedInstances/vulnerabilityAssessments",
            "apiVersion": "2024-05-01-preview",
            "name": "[concat(parameters('managedInstances_jnj_md_sqldb_name'), '/Default')]",
            "dependsOn": [
                "[resourceId('Microsoft.Sql/managedInstances', parameters('managedInstances_jnj_md_sqldb_name'))]"
            ],
            "properties": {
                "recurringScans": {
                    "isEnabled": false,
                    "emailSubscriptionAdmins": true
                },
                "storageContainerPath": "[parameters('vulnerabilityAssessments_Default_storageContainerPath')]"
            }
        },
        {
            "type": "Microsoft.Sql/managedInstances/databases/advancedThreatProtectionSettings",
            "apiVersion": "2024-05-01-preview",
            "name": "[concat(parameters('managedInstances_jnj_md_sqldb_name'), '/jnj_db_dbx_test/Default')]",
            "dependsOn": [
                "[resourceId('Microsoft.Sql/managedInstances/databases', parameters('managedInstances_jnj_md_sqldb_name'), 'jnj_db_dbx_test')]",
                "[resourceId('Microsoft.Sql/managedInstances', parameters('managedInstances_jnj_md_sqldb_name'))]"
            ],
            "properties": {
                "state": "Disabled"
            }
        },
        {
            "type": "Microsoft.Sql/managedInstances/databases/advancedThreatProtectionSettings",
            "apiVersion": "2024-05-01-preview",
            "name": "[concat(parameters('managedInstances_jnj_md_sqldb_name'), '/jnj_md_prod_v2/Default')]",
            "dependsOn": [
                "[resourceId('Microsoft.Sql/managedInstances/databases', parameters('managedInstances_jnj_md_sqldb_name'), 'jnj_md_prod_v2')]",
                "[resourceId('Microsoft.Sql/managedInstances', parameters('managedInstances_jnj_md_sqldb_name'))]"
            ],
            "properties": {
                "state": "Disabled"
            }
        },
        {
            "type": "Microsoft.Sql/managedInstances/databases/advancedThreatProtectionSettings",
            "apiVersion": "2024-05-01-preview",
            "name": "[concat(parameters('managedInstances_jnj_md_sqldb_name'), '/jnj-database-backup/Default')]",
            "dependsOn": [
                "[resourceId('Microsoft.Sql/managedInstances/databases', parameters('managedInstances_jnj_md_sqldb_name'), 'jnj-database-backup')]",
                "[resourceId('Microsoft.Sql/managedInstances', parameters('managedInstances_jnj_md_sqldb_name'))]"
            ],
            "properties": {
                "state": "Disabled"
            }
        },
        {
            "type": "Microsoft.Sql/managedInstances/databases/backupLongTermRetentionPolicies",
            "apiVersion": "2024-05-01-preview",
            "name": "[concat(parameters('managedInstances_jnj_md_sqldb_name'), '/jnj_db_dbx_test/default')]",
            "dependsOn": [
                "[resourceId('Microsoft.Sql/managedInstances/databases', parameters('managedInstances_jnj_md_sqldb_name'), 'jnj_db_dbx_test')]",
                "[resourceId('Microsoft.Sql/managedInstances', parameters('managedInstances_jnj_md_sqldb_name'))]"
            ],
            "properties": {
                "backupStorageAccessTier": "Hot",
                "weeklyRetention": "PT0S",
                "monthlyRetention": "PT0S",
                "yearlyRetention": "PT0S",
                "weekOfYear": 0
            }
        },
        {
            "type": "Microsoft.Sql/managedInstances/databases/backupLongTermRetentionPolicies",
            "apiVersion": "2024-05-01-preview",
            "name": "[concat(parameters('managedInstances_jnj_md_sqldb_name'), '/jnj_md_prod_v2/default')]",
            "dependsOn": [
                "[resourceId('Microsoft.Sql/managedInstances/databases', parameters('managedInstances_jnj_md_sqldb_name'), 'jnj_md_prod_v2')]",
                "[resourceId('Microsoft.Sql/managedInstances', parameters('managedInstances_jnj_md_sqldb_name'))]"
            ],
            "properties": {
                "backupStorageAccessTier": "Hot",
                "weeklyRetention": "PT0S",
                "monthlyRetention": "PT0S",
                "yearlyRetention": "PT0S",
                "weekOfYear": 0
            }
        },
        {
            "type": "Microsoft.Sql/managedInstances/databases/backupLongTermRetentionPolicies",
            "apiVersion": "2024-05-01-preview",
            "name": "[concat(parameters('managedInstances_jnj_md_sqldb_name'), '/jnj-database-backup/default')]",
            "dependsOn": [
                "[resourceId('Microsoft.Sql/managedInstances/databases', parameters('managedInstances_jnj_md_sqldb_name'), 'jnj-database-backup')]",
                "[resourceId('Microsoft.Sql/managedInstances', parameters('managedInstances_jnj_md_sqldb_name'))]"
            ],
            "properties": {
                "backupStorageAccessTier": "Hot",
                "weeklyRetention": "PT0S",
                "monthlyRetention": "PT0S",
                "yearlyRetention": "PT0S",
                "weekOfYear": 0
            }
        },
        {
            "type": "Microsoft.Sql/managedInstances/databases/backupShortTermRetentionPolicies",
            "apiVersion": "2024-05-01-preview",
            "name": "[concat(parameters('managedInstances_jnj_md_sqldb_name'), '/jnj_db_dbx_test/default')]",
            "dependsOn": [
                "[resourceId('Microsoft.Sql/managedInstances/databases', parameters('managedInstances_jnj_md_sqldb_name'), 'jnj_db_dbx_test')]",
                "[resourceId('Microsoft.Sql/managedInstances', parameters('managedInstances_jnj_md_sqldb_name'))]"
            ],
            "properties": {
                "retentionDays": 7
            }
        },
        {
            "type": "Microsoft.Sql/managedInstances/databases/backupShortTermRetentionPolicies",
            "apiVersion": "2024-05-01-preview",
            "name": "[concat(parameters('managedInstances_jnj_md_sqldb_name'), '/jnj_md_prod_v2/default')]",
            "dependsOn": [
                "[resourceId('Microsoft.Sql/managedInstances/databases', parameters('managedInstances_jnj_md_sqldb_name'), 'jnj_md_prod_v2')]",
                "[resourceId('Microsoft.Sql/managedInstances', parameters('managedInstances_jnj_md_sqldb_name'))]"
            ],
            "properties": {
                "retentionDays": 7
            }
        },
        {
            "type": "Microsoft.Sql/managedInstances/databases/backupShortTermRetentionPolicies",
            "apiVersion": "2024-05-01-preview",
            "name": "[concat(parameters('managedInstances_jnj_md_sqldb_name'), '/jnj-database-backup/default')]",
            "dependsOn": [
                "[resourceId('Microsoft.Sql/managedInstances/databases', parameters('managedInstances_jnj_md_sqldb_name'), 'jnj-database-backup')]",
                "[resourceId('Microsoft.Sql/managedInstances', parameters('managedInstances_jnj_md_sqldb_name'))]"
            ],
            "properties": {
                "retentionDays": 7
            }
        },
        {
            "type": "Microsoft.Sql/managedInstances/databases/ledgerDigestUploads",
            "apiVersion": "2024-05-01-preview",
            "name": "[concat(parameters('managedInstances_jnj_md_sqldb_name'), '/jnj_db_dbx_test/Current')]",
            "dependsOn": [
                "[resourceId('Microsoft.Sql/managedInstances/databases', parameters('managedInstances_jnj_md_sqldb_name'), 'jnj_db_dbx_test')]",
                "[resourceId('Microsoft.Sql/managedInstances', parameters('managedInstances_jnj_md_sqldb_name'))]"
            ],
            "properties": {}
        },
        {
            "type": "Microsoft.Sql/managedInstances/databases/ledgerDigestUploads",
            "apiVersion": "2024-05-01-preview",
            "name": "[concat(parameters('managedInstances_jnj_md_sqldb_name'), '/jnj_md_prod_v2/Current')]",
            "dependsOn": [
                "[resourceId('Microsoft.Sql/managedInstances/databases', parameters('managedInstances_jnj_md_sqldb_name'), 'jnj_md_prod_v2')]",
                "[resourceId('Microsoft.Sql/managedInstances', parameters('managedInstances_jnj_md_sqldb_name'))]"
            ],
            "properties": {}
        },
        {
            "type": "Microsoft.Sql/managedInstances/databases/ledgerDigestUploads",
            "apiVersion": "2024-05-01-preview",
            "name": "[concat(parameters('managedInstances_jnj_md_sqldb_name'), '/jnj-database-backup/Current')]",
            "dependsOn": [
                "[resourceId('Microsoft.Sql/managedInstances/databases', parameters('managedInstances_jnj_md_sqldb_name'), 'jnj-database-backup')]",
                "[resourceId('Microsoft.Sql/managedInstances', parameters('managedInstances_jnj_md_sqldb_name'))]"
            ],
            "properties": {}
        },
        {
            "type": "Microsoft.Sql/managedInstances/databases/securityAlertPolicies",
            "apiVersion": "2024-05-01-preview",
            "name": "[concat(parameters('managedInstances_jnj_md_sqldb_name'), '/jnj_db_dbx_test/Default')]",
            "dependsOn": [
                "[resourceId('Microsoft.Sql/managedInstances/databases', parameters('managedInstances_jnj_md_sqldb_name'), 'jnj_db_dbx_test')]",
                "[resourceId('Microsoft.Sql/managedInstances', parameters('managedInstances_jnj_md_sqldb_name'))]"
            ],
            "properties": {
                "state": "Disabled",
                "disabledAlerts": [
                    ""
                ],
                "emailAddresses": [
                    ""
                ],
                "emailAccountAdmins": false,
                "retentionDays": 0
            }
        },
        {
            "type": "Microsoft.Sql/managedInstances/databases/securityAlertPolicies",
            "apiVersion": "2024-05-01-preview",
            "name": "[concat(parameters('managedInstances_jnj_md_sqldb_name'), '/jnj_md_prod_v2/Default')]",
            "dependsOn": [
                "[resourceId('Microsoft.Sql/managedInstances/databases', parameters('managedInstances_jnj_md_sqldb_name'), 'jnj_md_prod_v2')]",
                "[resourceId('Microsoft.Sql/managedInstances', parameters('managedInstances_jnj_md_sqldb_name'))]"
            ],
            "properties": {
                "state": "Disabled",
                "disabledAlerts": [
                    ""
                ],
                "emailAddresses": [
                    ""
                ],
                "emailAccountAdmins": false,
                "retentionDays": 0
            }
        },
        {
            "type": "Microsoft.Sql/managedInstances/databases/securityAlertPolicies",
            "apiVersion": "2024-05-01-preview",
            "name": "[concat(parameters('managedInstances_jnj_md_sqldb_name'), '/jnj-database-backup/Default')]",
            "dependsOn": [
                "[resourceId('Microsoft.Sql/managedInstances/databases', parameters('managedInstances_jnj_md_sqldb_name'), 'jnj-database-backup')]",
                "[resourceId('Microsoft.Sql/managedInstances', parameters('managedInstances_jnj_md_sqldb_name'))]"
            ],
            "properties": {
                "state": "Disabled",
                "disabledAlerts": [
                    ""
                ],
                "emailAddresses": [
                    ""
                ],
                "emailAccountAdmins": false,
                "retentionDays": 0
            }
        },
        {
            "type": "Microsoft.Sql/managedInstances/databases/transparentDataEncryption",
            "apiVersion": "2024-05-01-preview",
            "name": "[concat(parameters('managedInstances_jnj_md_sqldb_name'), '/jnj_db_dbx_test/Current')]",
            "dependsOn": [
                "[resourceId('Microsoft.Sql/managedInstances/databases', parameters('managedInstances_jnj_md_sqldb_name'), 'jnj_db_dbx_test')]",
                "[resourceId('Microsoft.Sql/managedInstances', parameters('managedInstances_jnj_md_sqldb_name'))]"
            ],
            "properties": {
                "state": "Enabled"
            }
        },
        {
            "type": "Microsoft.Sql/managedInstances/databases/transparentDataEncryption",
            "apiVersion": "2024-05-01-preview",
            "name": "[concat(parameters('managedInstances_jnj_md_sqldb_name'), '/jnj_md_prod_v2/Current')]",
            "dependsOn": [
                "[resourceId('Microsoft.Sql/managedInstances/databases', parameters('managedInstances_jnj_md_sqldb_name'), 'jnj_md_prod_v2')]",
                "[resourceId('Microsoft.Sql/managedInstances', parameters('managedInstances_jnj_md_sqldb_name'))]"
            ],
            "properties": {
                "state": "Enabled"
            }
        },
        {
            "type": "Microsoft.Sql/managedInstances/databases/transparentDataEncryption",
            "apiVersion": "2024-05-01-preview",
            "name": "[concat(parameters('managedInstances_jnj_md_sqldb_name'), '/jnj-database-backup/Current')]",
            "dependsOn": [
                "[resourceId('Microsoft.Sql/managedInstances/databases', parameters('managedInstances_jnj_md_sqldb_name'), 'jnj-database-backup')]",
                "[resourceId('Microsoft.Sql/managedInstances', parameters('managedInstances_jnj_md_sqldb_name'))]"
            ],
            "properties": {
                "state": "Enabled"
            }
        }
    ]
}