{
    "$schema": "https://schema.management.azure.com/schemas/2019-04-01/deploymentTemplate.json#",
    "contentVersion": "1.0.0.0",
    "parameters": {
        "disks_mysnapshott_P2Disk_name": {
            "defaultValue": "mysnapshott_P2Disk",
            "type": "String"
        },
        "snapshots_mysnapshott_externalid": {
            "defaultValue": "/subscriptions/8d4346c2-32de-4083-8774-d32ffb70f026/resourceGroups/jnj-md-prod-rg/providers/Microsoft.Compute/snapshots/mysnapshott",
            "type": "String"
        }
    },
    "variables": {},
    "resources": [
        {
            "type": "Microsoft.Compute/disks",
            "apiVersion": "2024-03-02",
            "name": "[parameters('disks_mysnapshott_P2Disk_name')]",
            "location": "switzerlandnorth",
            "tags": {
                "Enviroment": "imaging"
            },
            "sku": {
                "name": "Premium_LRS",
                "tier": "Premium"
            },
            "properties": {
                "osType": "Linux",
                "hyperVGeneration": "V1",
                "creationData": {
                    "createOption": "Copy",
                    "sourceResourceId": "[parameters('snapshots_mysnapshott_externalid')]"
                },
                "diskSizeGB": 64,
                "diskIOPSReadWrite": 240,
                "diskMBpsReadWrite": 50,
                "encryption": {
                    "type": "EncryptionAtRestWithPlatformKey"
                },
                "networkAccessPolicy": "AllowAll",
                "publicNetworkAccess": "Enabled",
                "tier": "P6"
            }
        }
    ]
}