{
    "$schema": "https://schema.management.azure.com/schemas/2015-01-01/deploymentParameters.json#",
    "contentVersion": "1.0.0.0",
    "parameters": {
        "certificates_AzureRunAsCertificate_base64Value": {
            "value": null
        },
        "certificates_AzureRunAsCertificate_base64Value_1": {
            "value": null
        },
        "vulnerabilityAssessments_Default_storageContainerPath": {
            "value": null
        },
        "galleries_jnj_md_sig_name": {
            "value": null
        },
        "vaults_jnj_md_keyvault1_name": {
            "value": null
        },
        "managedInstances_jnj_md_sqldb_name": {
            "value": null
        },
        "actionGroups_email_alerts_name": {
            "value": null
        },
        "storageAccounts_comstgacct_name": {
            "value": null
        },
        "routeTables_rt_jnj_md_sqldb_name": {
            "value": null
        },
        "virtualNetworks_jnj_md_vnet_name": {
            "value": null
        },
        "metricAlerts_bytes_read_alert_name": {
            "value": null
        },
        "routeTables_rt_jnj_md_dev_sql_db_name": {
            "value": null
        },
        "bastionHosts_jnj_md_bastion_subnet_name": {
            "value": null
        },
        "workspaces_jnj_md_law1_name": {
            "value": null
        },
        "workspaces_jnj_md_law2_name": {
            "value": null
        },
        "virtualMachines_jnj_md_jump_host_db_name": {
            "value": null
        },
        "scheduledqueryrules_AutoStop_VM_Child_name": {
            "value": null
        },
        "networkSecurityGroups_nsg_jnj_md_sqldb_name": {
            "value": null
        },
        "automationAccounts_jnj_md_auto_acct2_name": {
            "value": null
        },
        "actionGroups_StartStop_VM_Notification_name": {
            "value": null
        },
        "automationAccounts_jnj_md_auto_acct_1_name": {
            "value": null
        },
        "networkInterfaces_jnj_md_jump_host_db810_name": {
            "value": null
        },
        "publicIPAddresses_jnj_md_jump_host_db_pip_name": {
            "value": null
        },
        "publicIPAddresses_jnj_md_bastion_public_ip_name": {
            "value": null
        },
        "publicIPAddresses_jnj_md_jump_host_db_pip1_name": {
            "value": null
        },
        "networkSecurityGroups_nsg_jnj_md_dev_sql_db_name": {
            "value": null
        },
        "networkSecurityGroups_jnj_md_jump_host_db_nsg_name": {
            "value": null
        },
        "scheduledqueryrules_ScheduledStartStop_Parent_name": {
            "value": null
        },
        "scheduledqueryrules_SequencedStartStop_Parent_name": {
            "value": null
        },
        "solutions_Start_Stop_VM_jnj_md_law1__name": {
            "value": null
        },
        "solutions_Start_Stop_VM_jnj_md_law2__name": {
            "value": null
        },
        "serviceEndpointPolicies__e41f87a2_mi_89d09f64_caa1_4df5_8165_32afccd687ea_name": {
            "value": null
        },
        "servers_jnj_md_sqldb_name": {
            "value": null
        },
        "disks_imagingvm_OsDisk_1_d16b441608ed43c18f1159c6cf37cf2f_externalid": {
            "value": null
        },
        "virtualMachines_imagingvm_externalid": {
            "value": null
        },
        "storageAccounts_wasdpswno1aprsmi1335_externalid": {
            "value": null
        },
        "storageAccounts_wasdpswno1abakmi668_externalid": {
            "value": null
        },
        "storageAccounts_wasdpswno1atlmmi357_externalid": {
            "value": null
        },
        "networkSecurityGroups_databricksnsgrnwaoni4hvdm6_externalid": {
            "value": null
        }
    }
}