{
    "$schema": "https://schema.management.azure.com/schemas/2019-04-01/deploymentTemplate.json#",
    "contentVersion": "1.0.0.0",
    "parameters": {
        "publicIPAddresses_jnj_md_prod_vmss_ip_name": {
            "defaultValue": "jnj-md-prod-vmss-ip",
            "type": "String"
        }
    },
    "variables": {},
    "resources": [
        {
            "type": "Microsoft.Network/publicIPAddresses",
            "apiVersion": "2024-05-01",
            "name": "[parameters('publicIPAddresses_jnj_md_prod_vmss_ip_name')]",
            "location": "switzerlandnorth",
            "tags": {
                "Business Line": "MD",
                "Enviroment": "PROD"
            },
            "sku": {
                "name": "Standard",
                "tier": "Regional"
            },
            "properties": {
                "ipAddress": "20.203.153.7",
                "publicIPAddressVersion": "IPv4",
                "publicIPAllocationMethod": "Static",
                "idleTimeoutInMinutes": 4,
                "ipTags": []
            }
        }
    ]
}