{
    "$schema": "https://schema.management.azure.com/schemas/2019-04-01/deploymentTemplate.json#",
    "contentVersion": "1.0.0.0",
    "parameters": {
        "storageAccounts_csg100320015c23cec4_name": {
            "defaultValue": "csg100320015c23cec4",
            "type": "String"
        },
        "storageAccounts_csg10032001d5c197f9_name": {
            "defaultValue": "csg10032001d5c197f9",
            "type": "String"
        }
    },
    "variables": {},
    "resources": [
        {
            "type": "Microsoft.Storage/storageAccounts",
            "apiVersion": "2024-01-01",
            "name": "[parameters('storageAccounts_csg100320015c23cec4_name')]",
            "location": "centralindia",
            "tags": {
                "ms-resource-usage": "azure-cloud-shell"
            },
            "sku": {
                "name": "Standard_LRS",
                "tier": "Standard"
            },
            "kind": "StorageV2",
            "properties": {
                "minimumTlsVersion": "TLS1_2",
                "allowBlobPublicAccess": false,
                "networkAcls": {
                    "bypass": "AzureServices",
                    "virtualNetworkRules": [],
                    "ipRules": [],
                    "defaultAction": "Allow"
                },
                "supportsHttpsTrafficOnly": true,
                "encryption": {
                    "services": {
                        "file": {
                            "keyType": "Account",
                            "enabled": true
                        },
                        "blob": {
                            "keyType": "Account",
                            "enabled": true
                        }
                    },
                    "keySource": "Microsoft.Storage"
                },
                "accessTier": "Hot"
            }
        },
        {
            "type": "Microsoft.Storage/storageAccounts",
            "apiVersion": "2024-01-01",
            "name": "[parameters('storageAccounts_csg10032001d5c197f9_name')]",
            "location": "centralindia",
            "tags": {
                "ms-resource-usage": "azure-cloud-shell"
            },
            "sku": {
                "name": "Standard_LRS",
                "tier": "Standard"
            },
            "kind": "StorageV2",
            "properties": {
                "minimumTlsVersion": "TLS1_2",
                "allowBlobPublicAccess": false,
                "networkAcls": {
                    "bypass": "AzureServices",
                    "virtualNetworkRules": [],
                    "ipRules": [],
                    "defaultAction": "Allow"
                },
                "supportsHttpsTrafficOnly": true,
                "encryption": {
                    "services": {
                        "file": {
                            "keyType": "Account",
                            "enabled": true
                        },
                        "blob": {
                            "keyType": "Account",
                            "enabled": true
                        }
                    },
                    "keySource": "Microsoft.Storage"
                },
                "accessTier": "Hot"
            }
        },
        {
            "type": "Microsoft.Storage/storageAccounts/blobServices",
            "apiVersion": "2024-01-01",
            "name": "[concat(parameters('storageAccounts_csg100320015c23cec4_name'), '/default')]",
            "dependsOn": [
                "[resourceId('Microsoft.Storage/storageAccounts', parameters('storageAccounts_csg100320015c23cec4_name'))]"
            ],
            "sku": {
                "name": "Standard_LRS",
                "tier": "Standard"
            },
            "properties": {
                "cors": {
                    "corsRules": []
                },
                "deleteRetentionPolicy": {
                    "allowPermanentDelete": false,
                    "enabled": false
                }
            }
        },
        {
            "type": "Microsoft.Storage/storageAccounts/blobServices",
            "apiVersion": "2024-01-01",
            "name": "[concat(parameters('storageAccounts_csg10032001d5c197f9_name'), '/default')]",
            "dependsOn": [
                "[resourceId('Microsoft.Storage/storageAccounts', parameters('storageAccounts_csg10032001d5c197f9_name'))]"
            ],
            "sku": {
                "name": "Standard_LRS",
                "tier": "Standard"
            },
            "properties": {
                "cors": {
                    "corsRules": []
                },
                "deleteRetentionPolicy": {
                    "allowPermanentDelete": false,
                    "enabled": false
                }
            }
        },
        {
            "type": "Microsoft.Storage/storageAccounts/fileServices",
            "apiVersion": "2024-01-01",
            "name": "[concat(parameters('storageAccounts_csg100320015c23cec4_name'), '/default')]",
            "dependsOn": [
                "[resourceId('Microsoft.Storage/storageAccounts', parameters('storageAccounts_csg100320015c23cec4_name'))]"
            ],
            "sku": {
                "name": "Standard_LRS",
                "tier": "Standard"
            },
            "properties": {
                "protocolSettings": {
                    "smb": {}
                },
                "cors": {
                    "corsRules": []
                },
                "shareDeleteRetentionPolicy": {
                    "enabled": true,
                    "days": 7
                }
            }
        },
        {
            "type": "Microsoft.Storage/storageAccounts/fileServices",
            "apiVersion": "2024-01-01",
            "name": "[concat(parameters('storageAccounts_csg10032001d5c197f9_name'), '/default')]",
            "dependsOn": [
                "[resourceId('Microsoft.Storage/storageAccounts', parameters('storageAccounts_csg10032001d5c197f9_name'))]"
            ],
            "sku": {
                "name": "Standard_LRS",
                "tier": "Standard"
            },
            "properties": {
                "protocolSettings": {
                    "smb": {}
                },
                "cors": {
                    "corsRules": []
                },
                "shareDeleteRetentionPolicy": {
                    "enabled": true,
                    "days": 7
                }
            }
        },
        {
            "type": "Microsoft.Storage/storageAccounts/queueServices",
            "apiVersion": "2024-01-01",
            "name": "[concat(parameters('storageAccounts_csg100320015c23cec4_name'), '/default')]",
            "dependsOn": [
                "[resourceId('Microsoft.Storage/storageAccounts', parameters('storageAccounts_csg100320015c23cec4_name'))]"
            ],
            "properties": {
                "cors": {
                    "corsRules": []
                }
            }
        },
        {
            "type": "Microsoft.Storage/storageAccounts/queueServices",
            "apiVersion": "2024-01-01",
            "name": "[concat(parameters('storageAccounts_csg10032001d5c197f9_name'), '/default')]",
            "dependsOn": [
                "[resourceId('Microsoft.Storage/storageAccounts', parameters('storageAccounts_csg10032001d5c197f9_name'))]"
            ],
            "properties": {
                "cors": {
                    "corsRules": []
                }
            }
        },
        {
            "type": "Microsoft.Storage/storageAccounts/tableServices",
            "apiVersion": "2024-01-01",
            "name": "[concat(parameters('storageAccounts_csg100320015c23cec4_name'), '/default')]",
            "dependsOn": [
                "[resourceId('Microsoft.Storage/storageAccounts', parameters('storageAccounts_csg100320015c23cec4_name'))]"
            ],
            "properties": {
                "cors": {
                    "corsRules": []
                }
            }
        },
        {
            "type": "Microsoft.Storage/storageAccounts/tableServices",
            "apiVersion": "2024-01-01",
            "name": "[concat(parameters('storageAccounts_csg10032001d5c197f9_name'), '/default')]",
            "dependsOn": [
                "[resourceId('Microsoft.Storage/storageAccounts', parameters('storageAccounts_csg10032001d5c197f9_name'))]"
            ],
            "properties": {
                "cors": {
                    "corsRules": []
                }
            }
        },
        {
            "type": "Microsoft.Storage/storageAccounts/fileServices/shares",
            "apiVersion": "2024-01-01",
            "name": "[concat(parameters('storageAccounts_csg10032001d5c197f9_name'), '/default/cs-beneth-eveline-capgeminibsv-onmicrosoft-com-10032001d5c197f9')]",
            "dependsOn": [
                "[resourceId('Microsoft.Storage/storageAccounts/fileServices', parameters('storageAccounts_csg10032001d5c197f9_name'), 'default')]",
                "[resourceId('Microsoft.Storage/storageAccounts', parameters('storageAccounts_csg10032001d5c197f9_name'))]"
            ],
            "properties": {
                "accessTier": "TransactionOptimized",
                "shareQuota": 6,
                "enabledProtocols": "SMB"
            }
        },
        {
            "type": "Microsoft.Storage/storageAccounts/fileServices/shares",
            "apiVersion": "2024-01-01",
            "name": "[concat(parameters('storageAccounts_csg100320015c23cec4_name'), '/default/cs-chetan-a-rao-capgeminibsv-onmicrosoft-com-100320015c23cec4')]",
            "dependsOn": [
                "[resourceId('Microsoft.Storage/storageAccounts/fileServices', parameters('storageAccounts_csg100320015c23cec4_name'), 'default')]",
                "[resourceId('Microsoft.Storage/storageAccounts', parameters('storageAccounts_csg100320015c23cec4_name'))]"
            ],
            "properties": {
                "accessTier": "TransactionOptimized",
                "shareQuota": 6,
                "enabledProtocols": "SMB"
            }
        },
        {
            "type": "Microsoft.Storage/storageAccounts/fileServices/shares",
            "apiVersion": "2024-01-01",
            "name": "[concat(parameters('storageAccounts_csg100320015c23cec4_name'), '/default/jnjmdprodstartstop')]",
            "dependsOn": [
                "[resourceId('Microsoft.Storage/storageAccounts/fileServices', parameters('storageAccounts_csg100320015c23cec4_name'), 'default')]",
                "[resourceId('Microsoft.Storage/storageAccounts', parameters('storageAccounts_csg100320015c23cec4_name'))]"
            ],
            "properties": {
                "accessTier": "TransactionOptimized",
                "shareQuota": 6,
                "enabledProtocols": "SMB"
            }
        }
    ]
}