{
    "$schema": "https://schema.management.azure.com/schemas/2019-04-01/deploymentTemplate.json#",
    "contentVersion": "1.0.0.0",
    "parameters": {
        "virtualMachines_jnj_md_jump_host_db_name": {
            "defaultValue": "jnj-md-jump-host-db",
            "type": "String"
        },
        "disks_jnj_md_jump_host_db_OsDisk_1_8af9c3ef30744149b8a4dd8ae7727bfd_externalid": {
            "defaultValue": "/subscriptions/8d4346c2-32de-4083-8774-d32ffb70f026/resourceGroups/JNJ-MD-COMMON-RG/providers/Microsoft.Compute/disks/jnj-md-jump-host-db_OsDisk_1_8af9c3ef30744149b8a4dd8ae7727bfd",
            "type": "String"
        },
        "networkInterfaces_jnj_md_jump_host_db810_externalid": {
            "defaultValue": "/subscriptions/8d4346c2-32de-4083-8774-d32ffb70f026/resourceGroups/jnj-md-common-rg/providers/Microsoft.Network/networkInterfaces/jnj-md-jump-host-db810",
            "type": "String"
        }
    },
    "variables": {},
    "resources": [
        {
            "type": "Microsoft.Compute/virtualMachines",
            "apiVersion": "2024-07-01",
            "name": "[parameters('virtualMachines_jnj_md_jump_host_db_name')]",
            "location": "switzerlandnorth",
            "tags": {
                "Business Line": "MD",
                "Enviroment": "Common"
            },
            "properties": {
                "hardwareProfile": {
                    "vmSize": "Standard_D2s_v3"
                },
                "storageProfile": {
                    "imageReference": {
                        "publisher": "MicrosoftWindowsServer",
                        "offer": "WindowsServer",
                        "sku": "2019-Datacenter",
                        "version": "latest"
                    },
                    "osDisk": {
                        "osType": "Windows",
                        "name": "[concat(parameters('virtualMachines_jnj_md_jump_host_db_name'), '_OsDisk_1_8af9c3ef30744149b8a4dd8ae7727bfd')]",
                        "createOption": "FromImage",
                        "caching": "ReadWrite",
                        "managedDisk": {
                            "storageAccountType": "StandardSSD_LRS",
                            "id": "[parameters('disks_jnj_md_jump_host_db_OsDisk_1_8af9c3ef30744149b8a4dd8ae7727bfd_externalid')]"
                        },
                        "diskSizeGB": 127
                    },
                    "dataDisks": []
                },
                "osProfile": {
                    "computerName": "jnj-md-jump-hos",
                    "adminUsername": "jumpdbhost",
                    "windowsConfiguration": {
                        "provisionVMAgent": true,
                        "enableAutomaticUpdates": true,
                        "patchSettings": {
                            "patchMode": "AutomaticByOS",
                            "assessmentMode": "ImageDefault",
                            "enableHotpatching": false
                        }
                    },
                    "secrets": [],
                    "allowExtensionOperations": true,
                    "requireGuestProvisionSignal": true
                },
                "networkProfile": {
                    "networkInterfaces": [
                        {
                            "id": "[parameters('networkInterfaces_jnj_md_jump_host_db810_externalid')]"
                        }
                    ]
                }
            }
        },
        {
            "type": "Microsoft.Compute/virtualMachines/extensions",
            "apiVersion": "2024-07-01",
            "name": "[concat(parameters('virtualMachines_jnj_md_jump_host_db_name'), '/AzureNetworkWatcherExtension')]",
            "location": "switzerlandnorth",
            "dependsOn": [
                "[resourceId('Microsoft.Compute/virtualMachines', parameters('virtualMachines_jnj_md_jump_host_db_name'))]"
            ],
            "properties": {
                "autoUpgradeMinorVersion": true,
                "publisher": "Microsoft.Azure.NetworkWatcher",
                "type": "NetworkWatcherAgentWindows",
                "typeHandlerVersion": "1.4"
            }
        },
        {
            "type": "Microsoft.Compute/virtualMachines/extensions",
            "apiVersion": "2024-07-01",
            "name": "[concat(parameters('virtualMachines_jnj_md_jump_host_db_name'), '/enablevmaccess')]",
            "location": "switzerlandnorth",
            "dependsOn": [
                "[resourceId('Microsoft.Compute/virtualMachines', parameters('virtualMachines_jnj_md_jump_host_db_name'))]"
            ],
            "properties": {
                "autoUpgradeMinorVersion": true,
                "publisher": "Microsoft.Compute",
                "type": "VMAccessAgent",
                "typeHandlerVersion": "2.0",
                "settings": {
                    "UserName": "Chetan Rao"
                },
                "protectedSettings": {}
            }
        }
    ]
}