{
    "$schema": "https://schema.management.azure.com/schemas/2019-04-01/deploymentTemplate.json#",
    "contentVersion": "1.0.0.0",
    "parameters": {
        "vaults_jnj_md_keyvault1_name": {
            "defaultValue": "jnj-md-keyvault1",
            "type": "String"
        },
        "virtualnetworks_jnj_md_vnet_externalid": {
            "defaultValue": "/subscriptions/8d4346c2-32de-4083-8774-d32ffb70f026/resourceGroups/jnj-md-common-rg/providers/microsoft.network/virtualnetworks/jnj-md-vnet",
            "type": "String"
        }
    },
    "variables": {},
    "resources": [
        {
            "type": "Microsoft.KeyVault/vaults",
            "apiVersion": "2024-12-01-preview",
            "name": "[parameters('vaults_jnj_md_keyvault1_name')]",
            "location": "switzerlandnorth",
            "tags": {
                "Business Line": "MD",
                "Enviroment": "Common"
            },
            "properties": {
                "sku": {
                    "family": "A",
                    "name": "standard"
                },
                "tenantId": "c5fc4638-6eca-4e73-93d2-4f72eab95e98",
                "networkAcls": {
                    "bypass": "AzureServices",
                    "defaultAction": "Allow",
                    "ipRules": [],
                    "virtualNetworkRules": [
                        {
                            "id": "[concat(parameters('virtualnetworks_jnj_md_vnet_externalid'), '/subnets/jnj-md-common-subnet')]",
                            "ignoreMissingVnetServiceEndpoint": false
                        },
                        {
                            "id": "[concat(parameters('virtualnetworks_jnj_md_vnet_externalid'), '/subnets/jnj-md-prod-subnet')]",
                            "ignoreMissingVnetServiceEndpoint": false
                        },
                        {
                            "id": "[concat(parameters('virtualnetworks_jnj_md_vnet_externalid'), '/subnets/jnj-md-tesing-subnet')]",
                            "ignoreMissingVnetServiceEndpoint": false
                        },
                        {
                            "id": "[concat(parameters('virtualnetworks_jnj_md_vnet_externalid'), '/subnets/jnj-md-db-subnet')]",
                            "ignoreMissingVnetServiceEndpoint": false
                        },
                        {
                            "id": "[concat(parameters('virtualnetworks_jnj_md_vnet_externalid'), '/subnets/jnj-md-dev-subnet')]",
                            "ignoreMissingVnetServiceEndpoint": false
                        },
                        {
                            "id": "[concat(parameters('virtualnetworks_jnj_md_vnet_externalid'), '/subnets/gatewaysubnet')]",
                            "ignoreMissingVnetServiceEndpoint": false
                        },
                        {
                            "id": "[concat(parameters('virtualnetworks_jnj_md_vnet_externalid'), '/subnets/jnj-md-qa-subnet')]",
                            "ignoreMissingVnetServiceEndpoint": false
                        },
                        {
                            "id": "[concat(parameters('virtualnetworks_jnj_md_vnet_externalid'), '/subnets/jnj-md-qa-pvt-subnet')]",
                            "ignoreMissingVnetServiceEndpoint": false
                        },
                        {
                            "id": "[concat(parameters('virtualnetworks_jnj_md_vnet_externalid'), '/subnets/azurebastionsubnet')]",
                            "ignoreMissingVnetServiceEndpoint": false
                        }
                    ]
                },
                "accessPolicies": [
                    {
                        "tenantId": "c5fc4638-6eca-4e73-93d2-4f72eab95e98",
                        "objectId": "b21ac4b0-4b3a-409d-ae01-32ea36b96cb9",
                        "permissions": {
                            "keys": [
                                "Get",
                                "List",
                                "Update",
                                "Create",
                                "Import",
                                "Delete",
                                "Recover",
                                "Backup",
                                "Restore"
                            ],
                            "secrets": [
                                "Get",
                                "List",
                                "Set",
                                "Delete",
                                "Recover",
                                "Backup",
                                "Restore"
                            ],
                            "certificates": [
                                "Get",
                                "List",
                                "Update",
                                "Create",
                                "Import",
                                "Delete",
                                "Recover",
                                "Backup",
                                "Restore",
                                "ManageContacts",
                                "ManageIssuers",
                                "GetIssuers",
                                "ListIssuers",
                                "SetIssuers",
                                "DeleteIssuers"
                            ]
                        }
                    },
                    {
                        "tenantId": "c5fc4638-6eca-4e73-93d2-4f72eab95e98",
                        "objectId": "91c8e2bc-684b-4d11-9259-47dcd82b9edc",
                        "permissions": {
                            "keys": [
                                "Get",
                                "List",
                                "Update",
                                "Create",
                                "Import",
                                "Delete",
                                "Recover",
                                "Backup",
                                "Restore"
                            ],
                            "secrets": [
                                "Get",
                                "List",
                                "Set",
                                "Delete",
                                "Recover",
                                "Backup",
                                "Restore"
                            ],
                            "certificates": [
                                "Get",
                                "List",
                                "Update",
                                "Create",
                                "Import",
                                "Delete",
                                "Recover",
                                "Backup",
                                "Restore",
                                "ManageContacts",
                                "ManageIssuers",
                                "GetIssuers",
                                "ListIssuers",
                                "SetIssuers",
                                "DeleteIssuers"
                            ]
                        }
                    },
                    {
                        "tenantId": "c5fc4638-6eca-4e73-93d2-4f72eab95e98",
                        "objectId": "9996311e-9228-4370-8a00-dd5c330e769f",
                        "permissions": {
                            "keys": [
                                "Get",
                                "List",
                                "Update",
                                "Create",
                                "Import",
                                "Delete",
                                "Recover",
                                "Backup",
                                "Restore"
                            ],
                            "secrets": [
                                "Get",
                                "List",
                                "Set",
                                "Delete",
                                "Recover",
                                "Backup",
                                "Restore"
                            ],
                            "certificates": [
                                "Get",
                                "List",
                                "Update",
                                "Create",
                                "Import",
                                "Delete",
                                "Recover",
                                "Backup",
                                "Restore",
                                "ManageContacts",
                                "ManageIssuers",
                                "GetIssuers",
                                "ListIssuers",
                                "SetIssuers",
                                "DeleteIssuers"
                            ]
                        }
                    },
                    {
                        "tenantId": "c5fc4638-6eca-4e73-93d2-4f72eab95e98",
                        "objectId": "2f01edbc-5a34-471f-a60d-a8e025638e9d",
                        "permissions": {
                            "secrets": [
                                "Get",
                                "List",
                                "Set",
                                "Delete",
                                "Recover",
                                "Backup",
                                "Restore",
                                "Purge"
                            ],
                            "keys": [
                                "Get",
                                "List",
                                "Update",
                                "Create",
                                "Import",
                                "Delete",
                                "Recover",
                                "Backup",
                                "Restore",
                                "Decrypt",
                                "Encrypt",
                                "UnwrapKey",
                                "WrapKey",
                                "Verify",
                                "Sign",
                                "Purge",
                                "Rotate",
                                "GetRotationPolicy",
                                "SetRotationPolicy"
                            ],
                            "certificates": [
                                "Get",
                                "List",
                                "Update",
                                "Create",
                                "Import",
                                "Delete",
                                "Recover",
                                "Backup",
                                "Restore",
                                "ManageContacts",
                                "ManageIssuers",
                                "GetIssuers",
                                "ListIssuers",
                                "SetIssuers",
                                "DeleteIssuers",
                                "Purge"
                            ]
                        }
                    }
                ],
                "enabledForDeployment": false,
                "enabledForDiskEncryption": false,
                "enabledForTemplateDeployment": false,
                "enableSoftDelete": true,
                "softDeleteRetentionInDays": 90,
                "enableRbacAuthorization": false,
                "enablePurgeProtection": true,
                "vaultUri": "[concat('https://', parameters('vaults_jnj_md_keyvault1_name'), '.vault.azure.net/')]",
                "provisioningState": "Succeeded",
                "publicNetworkAccess": "Enabled"
            }
        },
        {
            "type": "Microsoft.KeyVault/vaults/keys",
            "apiVersion": "2024-12-01-preview",
            "name": "[concat(parameters('vaults_jnj_md_keyvault1_name'), '/Port')]",
            "location": "switzerlandnorth",
            "dependsOn": [
                "[resourceId('Microsoft.KeyVault/vaults', parameters('vaults_jnj_md_keyvault1_name'))]"
            ],
            "properties": {
                "attributes": {
                    "enabled": true
                }
            }
        },
        {
            "type": "Microsoft.KeyVault/vaults/secrets",
            "apiVersion": "2024-12-01-preview",
            "name": "[concat(parameters('vaults_jnj_md_keyvault1_name'), '/databaseName')]",
            "location": "switzerlandnorth",
            "dependsOn": [
                "[resourceId('Microsoft.KeyVault/vaults', parameters('vaults_jnj_md_keyvault1_name'))]"
            ],
            "properties": {
                "contentType": "dbName",
                "attributes": {
                    "enabled": true
                }
            }
        },
        {
            "type": "Microsoft.KeyVault/vaults/secrets",
            "apiVersion": "2024-12-01-preview",
            "name": "[concat(parameters('vaults_jnj_md_keyvault1_name'), '/devDatabase')]",
            "location": "switzerlandnorth",
            "dependsOn": [
                "[resourceId('Microsoft.KeyVault/vaults', parameters('vaults_jnj_md_keyvault1_name'))]"
            ],
            "properties": {
                "contentType": "Dev Database",
                "attributes": {
                    "enabled": true
                }
            }
        },
        {
            "type": "Microsoft.KeyVault/vaults/secrets",
            "apiVersion": "2024-12-01-preview",
            "name": "[concat(parameters('vaults_jnj_md_keyvault1_name'), '/jdbcHostname')]",
            "location": "switzerlandnorth",
            "dependsOn": [
                "[resourceId('Microsoft.KeyVault/vaults', parameters('vaults_jnj_md_keyvault1_name'))]"
            ],
            "properties": {
                "attributes": {
                    "enabled": true
                }
            }
        },
        {
            "type": "Microsoft.KeyVault/vaults/secrets",
            "apiVersion": "2024-12-01-preview",
            "name": "[concat(parameters('vaults_jnj_md_keyvault1_name'), '/jdbcPort')]",
            "location": "switzerlandnorth",
            "dependsOn": [
                "[resourceId('Microsoft.KeyVault/vaults', parameters('vaults_jnj_md_keyvault1_name'))]"
            ],
            "properties": {
                "contentType": "JDBC_Port",
                "attributes": {
                    "enabled": true
                }
            }
        },
        {
            "type": "Microsoft.KeyVault/vaults/secrets",
            "apiVersion": "2024-12-01-preview",
            "name": "[concat(parameters('vaults_jnj_md_keyvault1_name'), '/prodDatabase')]",
            "location": "switzerlandnorth",
            "dependsOn": [
                "[resourceId('Microsoft.KeyVault/vaults', parameters('vaults_jnj_md_keyvault1_name'))]"
            ],
            "properties": {
                "contentType": "Prod Database",
                "attributes": {
                    "enabled": true
                }
            }
        },
        {
            "type": "Microsoft.KeyVault/vaults/secrets",
            "apiVersion": "2024-12-01-preview",
            "name": "[concat(parameters('vaults_jnj_md_keyvault1_name'), '/schema')]",
            "location": "switzerlandnorth",
            "dependsOn": [
                "[resourceId('Microsoft.KeyVault/vaults', parameters('vaults_jnj_md_keyvault1_name'))]"
            ],
            "properties": {
                "contentType": "Schema Name",
                "attributes": {
                    "enabled": true
                }
            }
        },
        {
            "type": "Microsoft.KeyVault/vaults/secrets",
            "apiVersion": "2024-12-01-preview",
            "name": "[concat(parameters('vaults_jnj_md_keyvault1_name'), '/testDatabase')]",
            "location": "switzerlandnorth",
            "dependsOn": [
                "[resourceId('Microsoft.KeyVault/vaults', parameters('vaults_jnj_md_keyvault1_name'))]"
            ],
            "properties": {
                "contentType": "Test Database",
                "attributes": {
                    "enabled": true
                }
            }
        },
        {
            "type": "Microsoft.KeyVault/vaults/secrets",
            "apiVersion": "2024-12-01-preview",
            "name": "[concat(parameters('vaults_jnj_md_keyvault1_name'), '/UserName')]",
            "location": "switzerlandnorth",
            "dependsOn": [
                "[resourceId('Microsoft.KeyVault/vaults', parameters('vaults_jnj_md_keyvault1_name'))]"
            ],
            "properties": {
                "contentType": "SqlServer User Name",
                "attributes": {
                    "enabled": true
                }
            }
        },
        {
            "type": "Microsoft.KeyVault/vaults/secrets",
            "apiVersion": "2024-12-01-preview",
            "name": "[concat(parameters('vaults_jnj_md_keyvault1_name'), '/UserPassword')]",
            "location": "switzerlandnorth",
            "dependsOn": [
                "[resourceId('Microsoft.KeyVault/vaults', parameters('vaults_jnj_md_keyvault1_name'))]"
            ],
            "properties": {
                "contentType": "Sql Server Password",
                "attributes": {
                    "enabled": true
                }
            }
        }
    ]
}