{
    "$schema": "https://schema.management.azure.com/schemas/2019-04-01/deploymentTemplate.json#",
    "contentVersion": "1.0.0.0",
    "parameters": {
        "galleries_jnj_md_sig_name": {
            "defaultValue": "jnj_md_sig",
            "type": "String"
        },
        "disks_imagingvm_OsDisk_1_d16b441608ed43c18f1159c6cf37cf2f_externalid": {
            "defaultValue": "/subscriptions/8d4346c2-32de-4083-8774-d32ffb70f026/resourceGroups/JNJ-MD-DEV-RG/providers/Microsoft.Compute/disks/imagingvm_OsDisk_1_d16b441608ed43c18f1159c6cf37cf2f",
            "type": "String"
        }
    },
    "variables": {},
    "resources": [
        {
            "type": "Microsoft.Compute/galleries/images/versions",
            "apiVersion": "2024-03-03",
            "name": "[concat(parameters('galleries_jnj_md_sig_name'), '/jnj-md-image-defn/1.0.0')]",
            "location": "switzerlandnorth",
            "properties": {
                "publishingProfile": {
                    "targetRegions": [
                        {
                            "name": "Switzerland North",
                            "regionalReplicaCount": 1,
                            "storageAccountType": "Standard_LRS"
                        }
                    ],
                    "replicaCount": 1,
                    "excludeFromLatest": false,
                    "endOfLifeDate": "2022-08-20T18:30:00+00:00",
                    "storageAccountType": "Standard_LRS"
                },
                "storageProfile": {
                    "osDiskImage": {
                        "hostCaching": "None",
                        "source": {
                            "id": "[parameters('disks_imagingvm_OsDisk_1_d16b441608ed43c18f1159c6cf37cf2f_externalid')]"
                        }
                    }
                },
                "safetyProfile": {
                    "allowDeletionOfReplicatedLocations": true
                }
            }
        }
    ]
}