{
    "$schema": "https://schema.management.azure.com/schemas/2019-04-01/deploymentTemplate.json#",
    "contentVersion": "1.0.0.0",
    "parameters": {
        "networkSecurityGroups_basicNsgjnj_md_vnet_nic01_name": {
            "defaultValue": "basicNsgjnj-md-vnet-nic01",
            "type": "String"
        }
    },
    "variables": {},
    "resources": [
        {
            "type": "Microsoft.Network/networkSecurityGroups",
            "apiVersion": "2024-05-01",
            "name": "[parameters('networkSecurityGroups_basicNsgjnj_md_vnet_nic01_name')]",
            "location": "switzerlandnorth",
            "tags": {
                "Business Line": "MD",
                "Enviroment": "QA"
            },
            "properties": {
                "securityRules": [
                    {
                        "name": "multipleports",
                        "id": "[resourceId('Microsoft.Network/networkSecurityGroups/securityRules', parameters('networkSecurityGroups_basicNsgjnj_md_vnet_nic01_name'), 'multipleports')]",
                        "type": "Microsoft.Network/networkSecurityGroups/securityRules",
                        "properties": {
                            "description": "multiple ports for app UI access.",
                            "protocol": "*",
                            "sourcePortRange": "*",
                            "sourceAddressPrefix": "*",
                            "destinationAddressPrefix": "*",
                            "access": "Allow",
                            "priority": 100,
                            "direction": "Inbound",
                            "sourcePortRanges": [],
                            "destinationPortRanges": [
                                "8080",
                                "8081",
                                "8082",
                                "8083",
                                "8443"
                            ],
                            "sourceAddressPrefixes": [],
                            "destinationAddressPrefixes": []
                        }
                    },
                    {
                        "name": "Port_SSH",
                        "id": "[resourceId('Microsoft.Network/networkSecurityGroups/securityRules', parameters('networkSecurityGroups_basicNsgjnj_md_vnet_nic01_name'), 'Port_SSH')]",
                        "type": "Microsoft.Network/networkSecurityGroups/securityRules",
                        "properties": {
                            "protocol": "TCP",
                            "sourcePortRange": "*",
                            "destinationPortRange": "22",
                            "sourceAddressPrefix": "*",
                            "destinationAddressPrefix": "*",
                            "access": "Allow",
                            "priority": 110,
                            "direction": "Inbound",
                            "sourcePortRanges": [],
                            "destinationPortRanges": [],
                            "sourceAddressPrefixes": [],
                            "destinationAddressPrefixes": []
                        }
                    },
                    {
                        "name": "Git_Port",
                        "id": "[resourceId('Microsoft.Network/networkSecurityGroups/securityRules', parameters('networkSecurityGroups_basicNsgjnj_md_vnet_nic01_name'), 'Git_Port')]",
                        "type": "Microsoft.Network/networkSecurityGroups/securityRules",
                        "properties": {
                            "description": "Git Access Port",
                            "protocol": "TCP",
                            "sourcePortRange": "*",
                            "destinationAddressPrefix": "*",
                            "access": "Allow",
                            "priority": 120,
                            "direction": "Inbound",
                            "sourcePortRanges": [],
                            "destinationPortRanges": [
                                "443",
                                "9418"
                            ],
                            "sourceAddressPrefixes": [
                                "20.203.191.203",
                                "20.203.205.190"
                            ],
                            "destinationAddressPrefixes": []
                        }
                    }
                ]
            }
        },
        {
            "type": "Microsoft.Network/networkSecurityGroups/securityRules",
            "apiVersion": "2024-05-01",
            "name": "[concat(parameters('networkSecurityGroups_basicNsgjnj_md_vnet_nic01_name'), '/Git_Port')]",
            "dependsOn": [
                "[resourceId('Microsoft.Network/networkSecurityGroups', parameters('networkSecurityGroups_basicNsgjnj_md_vnet_nic01_name'))]"
            ],
            "properties": {
                "description": "Git Access Port",
                "protocol": "TCP",
                "sourcePortRange": "*",
                "destinationAddressPrefix": "*",
                "access": "Allow",
                "priority": 120,
                "direction": "Inbound",
                "sourcePortRanges": [],
                "destinationPortRanges": [
                    "443",
                    "9418"
                ],
                "sourceAddressPrefixes": [
                    "20.203.191.203",
                    "20.203.205.190"
                ],
                "destinationAddressPrefixes": []
            }
        },
        {
            "type": "Microsoft.Network/networkSecurityGroups/securityRules",
            "apiVersion": "2024-05-01",
            "name": "[concat(parameters('networkSecurityGroups_basicNsgjnj_md_vnet_nic01_name'), '/multipleports')]",
            "dependsOn": [
                "[resourceId('Microsoft.Network/networkSecurityGroups', parameters('networkSecurityGroups_basicNsgjnj_md_vnet_nic01_name'))]"
            ],
            "properties": {
                "description": "multiple ports for app UI access.",
                "protocol": "*",
                "sourcePortRange": "*",
                "sourceAddressPrefix": "*",
                "destinationAddressPrefix": "*",
                "access": "Allow",
                "priority": 100,
                "direction": "Inbound",
                "sourcePortRanges": [],
                "destinationPortRanges": [
                    "8080",
                    "8081",
                    "8082",
                    "8083",
                    "8443"
                ],
                "sourceAddressPrefixes": [],
                "destinationAddressPrefixes": []
            }
        },
        {
            "type": "Microsoft.Network/networkSecurityGroups/securityRules",
            "apiVersion": "2024-05-01",
            "name": "[concat(parameters('networkSecurityGroups_basicNsgjnj_md_vnet_nic01_name'), '/Port_SSH')]",
            "dependsOn": [
                "[resourceId('Microsoft.Network/networkSecurityGroups', parameters('networkSecurityGroups_basicNsgjnj_md_vnet_nic01_name'))]"
            ],
            "properties": {
                "protocol": "TCP",
                "sourcePortRange": "*",
                "destinationPortRange": "22",
                "sourceAddressPrefix": "*",
                "destinationAddressPrefix": "*",
                "access": "Allow",
                "priority": 110,
                "direction": "Inbound",
                "sourcePortRanges": [],
                "destinationPortRanges": [],
                "sourceAddressPrefixes": [],
                "destinationAddressPrefixes": []
            }
        }
    ]
}