{
    "$schema": "https://schema.management.azure.com/schemas/2019-04-01/deploymentTemplate.json#",
    "contentVersion": "1.0.0.0",
    "parameters": {
        "automationAccounts_jnj_md_auto_acct_1_name": {
            "defaultValue": "jnj-md-auto-acct-1",
            "type": "String"
        }
    },
    "variables": {},
    "resources": [
        {
            "type": "Microsoft.Automation/automationAccounts/runbooks",
            "apiVersion": "2023-11-01",
            "name": "[concat(parameters('automationAccounts_jnj_md_auto_acct_1_name'), '/AzureAutomationTutorialPython2')]",
            "location": "switzerlandnorth",
            "properties": {
                "description": " An example runbook which gets all the ARM resources using the Run As Account (Service Principal).",
                "logVerbose": false,
                "logProgress": false,
                "logActivityTrace": 0,
                "runbookType": "Python2"
            }
        }
    ]
}