{
    "$schema": "https://schema.management.azure.com/schemas/2019-04-01/deploymentTemplate.json#",
    "contentVersion": "1.0.0.0",
    "parameters": {
        "solutions_Start_Stop_VM_jnj_md_law2__name": {
            "defaultValue": "Start-Stop-VM[jnj-md-law2]",
            "type": "String"
        },
        "workspaces_jnj_md_law2_externalid": {
            "defaultValue": "/subscriptions/8d4346c2-32de-4083-8774-d32ffb70f026/resourceGroups/jnj-md-common-rg/providers/Microsoft.OperationalInsights/workspaces/jnj-md-law2",
            "type": "String"
        },
        "automationAccounts_jnj_md_auto_acct2_externalid": {
            "defaultValue": "/subscriptions/8d4346c2-32de-4083-8774-d32ffb70f026/resourceGroups/jnj-md-common-rg/providers/Microsoft.Automation/automationAccounts/jnj-md-auto-acct2",
            "type": "String"
        }
    },
    "variables": {},
    "resources": [
        {
            "type": "Microsoft.OperationsManagement/solutions",
            "apiVersion": "2015-11-01-preview",
            "name": "[parameters('solutions_Start_Stop_VM_jnj_md_law2__name')]",
            "location": "Switzerland North",
            "plan": {
                "name": "Start-Stop-VM[jnj-md-law2]",
                "promotionCode": "",
                "product": "VmManagementSolution",
                "publisher": "Microsoft"
            },
            "properties": {
                "workspaceResourceId": "[parameters('workspaces_jnj_md_law2_externalid')]",
                "containedResources": [
                    "[concat(parameters('workspaces_jnj_md_law2_externalid'), '/views/StartStopVMView')]"
                ],
                "referencedResources": [
                    "[concat(parameters('automationAccounts_jnj_md_auto_acct2_externalid'), '/runbooks/AutoStop_CreateAlert_Child')]",
                    "[concat(parameters('automationAccounts_jnj_md_auto_acct2_externalid'), '/runbooks/AutoStop_CreateAlert_Parent')]",
                    "[concat(parameters('automationAccounts_jnj_md_auto_acct2_externalid'), '/runbooks/AutoStop_Disable')]",
                    "[concat(parameters('automationAccounts_jnj_md_auto_acct2_externalid'), '/runbooks/AutoStop_VM_Child')]",
                    "[concat(parameters('automationAccounts_jnj_md_auto_acct2_externalid'), '/runbooks/ScheduledStartStop_Base_Classic')]",
                    "[concat(parameters('automationAccounts_jnj_md_auto_acct2_externalid'), '/runbooks/ScheduledStartStop_Child')]",
                    "[concat(parameters('automationAccounts_jnj_md_auto_acct2_externalid'), '/runbooks/ScheduledStartStop_Parent')]",
                    "[concat(parameters('automationAccounts_jnj_md_auto_acct2_externalid'), '/runbooks/SequencedStartStop_Parent')]",
                    "[concat(parameters('automationAccounts_jnj_md_auto_acct2_externalid'), '/variables/External_AutoStop_Description')]",
                    "[concat(parameters('automationAccounts_jnj_md_auto_acct2_externalid'), '/variables/External_AutoStop_Frequency')]",
                    "[concat(parameters('automationAccounts_jnj_md_auto_acct2_externalid'), '/variables/External_AutoStop_MetricName')]",
                    "[concat(parameters('automationAccounts_jnj_md_auto_acct2_externalid'), '/variables/External_AutoStop_Threshold')]",
                    "[concat(parameters('automationAccounts_jnj_md_auto_acct2_externalid'), '/variables/External_AutoStop_TimeAggregationOperator')]",
                    "[concat(parameters('automationAccounts_jnj_md_auto_acct2_externalid'), '/variables/External_AutoStop_TimeWindow')]",
                    "[concat(parameters('automationAccounts_jnj_md_auto_acct2_externalid'), '/variables/External_WaitTimeForVMRetryInSeconds')]"
                ]
            }
        }
    ]
}