{
    "$schema": "https://schema.management.azure.com/schemas/2019-04-01/deploymentTemplate.json#",
    "contentVersion": "1.0.0.0",
    "parameters": {
        "routeTables_rt_jnj_md_sqldb_name": {
            "defaultValue": "rt-jnj-md-sqldb",
            "type": "String"
        }
    },
    "variables": {},
    "resources": [
        {
            "type": "Microsoft.Network/routeTables",
            "apiVersion": "2024-05-01",
            "name": "[parameters('routeTables_rt_jnj_md_sqldb_name')]",
            "location": "switzerlandnorth",
            "tags": {
                "Business Line": "MD",
                "Enviroment": "Common"
            },
            "properties": {
                "disableBgpRoutePropagation": false,
                "routes": [
                    {
                        "name": "SqlManagement_0",
                        "id": "[resourceId('Microsoft.Network/routeTables/routes', parameters('routeTables_rt_jnj_md_sqldb_name'), 'SqlManagement_0')]",
                        "properties": {
                            "addressPrefix": "65.55.188.0/24",
                            "nextHopType": "Internet"
                        },
                        "type": "Microsoft.Network/routeTables/routes"
                    },
                    {
                        "name": "SqlManagement_1",
                        "id": "[resourceId('Microsoft.Network/routeTables/routes', parameters('routeTables_rt_jnj_md_sqldb_name'), 'SqlManagement_1')]",
                        "properties": {
                            "addressPrefix": "207.68.190.32/27",
                            "nextHopType": "Internet"
                        },
                        "type": "Microsoft.Network/routeTables/routes"
                    },
                    {
                        "name": "SqlManagement_2",
                        "id": "[resourceId('Microsoft.Network/routeTables/routes', parameters('routeTables_rt_jnj_md_sqldb_name'), 'SqlManagement_2')]",
                        "properties": {
                            "addressPrefix": "13.106.78.32/27",
                            "nextHopType": "Internet"
                        },
                        "type": "Microsoft.Network/routeTables/routes"
                    },
                    {
                        "name": "SqlManagement_3",
                        "id": "[resourceId('Microsoft.Network/routeTables/routes', parameters('routeTables_rt_jnj_md_sqldb_name'), 'SqlManagement_3')]",
                        "properties": {
                            "addressPrefix": "13.106.174.32/27",
                            "nextHopType": "Internet"
                        },
                        "type": "Microsoft.Network/routeTables/routes"
                    },
                    {
                        "name": "SqlManagement_4",
                        "id": "[resourceId('Microsoft.Network/routeTables/routes', parameters('routeTables_rt_jnj_md_sqldb_name'), 'SqlManagement_4')]",
                        "properties": {
                            "addressPrefix": "13.106.4.96/27",
                            "nextHopType": "Internet"
                        },
                        "type": "Microsoft.Network/routeTables/routes"
                    },
                    {
                        "name": "SqlManagement_5",
                        "id": "[resourceId('Microsoft.Network/routeTables/routes', parameters('routeTables_rt_jnj_md_sqldb_name'), 'SqlManagement_5')]",
                        "properties": {
                            "addressPrefix": "104.214.108.80/32",
                            "nextHopType": "Internet"
                        },
                        "type": "Microsoft.Network/routeTables/routes"
                    },
                    {
                        "name": "SqlManagement_6",
                        "id": "[resourceId('Microsoft.Network/routeTables/routes', parameters('routeTables_rt_jnj_md_sqldb_name'), 'SqlManagement_6')]",
                        "properties": {
                            "addressPrefix": "52.179.184.76/32",
                            "nextHopType": "Internet"
                        },
                        "type": "Microsoft.Network/routeTables/routes"
                    },
                    {
                        "name": "SqlManagement_7",
                        "id": "[resourceId('Microsoft.Network/routeTables/routes', parameters('routeTables_rt_jnj_md_sqldb_name'), 'SqlManagement_7')]",
                        "properties": {
                            "addressPrefix": "52.187.116.202/32",
                            "nextHopType": "Internet"
                        },
                        "type": "Microsoft.Network/routeTables/routes"
                    },
                    {
                        "name": "SqlManagement_8",
                        "id": "[resourceId('Microsoft.Network/routeTables/routes', parameters('routeTables_rt_jnj_md_sqldb_name'), 'SqlManagement_8')]",
                        "properties": {
                            "addressPrefix": "52.177.202.6/32",
                            "nextHopType": "Internet"
                        },
                        "type": "Microsoft.Network/routeTables/routes"
                    },
                    {
                        "name": "SqlManagement_9",
                        "id": "[resourceId('Microsoft.Network/routeTables/routes', parameters('routeTables_rt_jnj_md_sqldb_name'), 'SqlManagement_9')]",
                        "properties": {
                            "addressPrefix": "51.107.56.0/32",
                            "nextHopType": "Internet"
                        },
                        "type": "Microsoft.Network/routeTables/routes"
                    },
                    {
                        "name": "SqlManagement_10",
                        "id": "[resourceId('Microsoft.Network/routeTables/routes', parameters('routeTables_rt_jnj_md_sqldb_name'), 'SqlManagement_10')]",
                        "properties": {
                            "addressPrefix": "51.107.58.32/27",
                            "nextHopType": "Internet"
                        },
                        "type": "Microsoft.Network/routeTables/routes"
                    },
                    {
                        "name": "SqlManagement_11",
                        "id": "[resourceId('Microsoft.Network/routeTables/routes', parameters('routeTables_rt_jnj_md_sqldb_name'), 'SqlManagement_11')]",
                        "properties": {
                            "addressPrefix": "51.107.156.0/32",
                            "nextHopType": "Internet"
                        },
                        "type": "Microsoft.Network/routeTables/routes"
                    },
                    {
                        "name": "SqlManagement_12",
                        "id": "[resourceId('Microsoft.Network/routeTables/routes', parameters('routeTables_rt_jnj_md_sqldb_name'), 'SqlManagement_12')]",
                        "properties": {
                            "addressPrefix": "51.107.60.1/32",
                            "nextHopType": "Internet"
                        },
                        "type": "Microsoft.Network/routeTables/routes"
                    },
                    {
                        "name": "SqlManagement_13",
                        "id": "[resourceId('Microsoft.Network/routeTables/routes', parameters('routeTables_rt_jnj_md_sqldb_name'), 'SqlManagement_13')]",
                        "properties": {
                            "addressPrefix": "40.90.136.81/32",
                            "nextHopType": "Internet"
                        },
                        "type": "Microsoft.Network/routeTables/routes"
                    },
                    {
                        "name": "Microsoft.Sql-managedInstances_UseOnly_subnet-10-0-13-0-25-to-vnetlocal",
                        "id": "[resourceId('Microsoft.Network/routeTables/routes', parameters('routeTables_rt_jnj_md_sqldb_name'), 'Microsoft.Sql-managedInstances_UseOnly_subnet-10-0-13-0-25-to-vnetlocal')]",
                        "properties": {
                            "addressPrefix": "10.0.13.0/25",
                            "nextHopType": "VnetLocal"
                        },
                        "type": "Microsoft.Network/routeTables/routes"
                    },
                    {
                        "name": "Microsoft.Sql-managedInstances_UseOnly_mi-AzureActiveDirectory",
                        "id": "[resourceId('Microsoft.Network/routeTables/routes', parameters('routeTables_rt_jnj_md_sqldb_name'), 'Microsoft.Sql-managedInstances_UseOnly_mi-AzureActiveDirectory')]",
                        "properties": {
                            "addressPrefix": "AzureActiveDirectory",
                            "nextHopType": "Internet"
                        },
                        "type": "Microsoft.Network/routeTables/routes"
                    },
                    {
                        "name": "Microsoft.Sql-managedInstances_UseOnly_mi-Storage.switzerlandnorth",
                        "id": "[resourceId('Microsoft.Network/routeTables/routes', parameters('routeTables_rt_jnj_md_sqldb_name'), 'Microsoft.Sql-managedInstances_UseOnly_mi-Storage.switzerlandnorth')]",
                        "properties": {
                            "addressPrefix": "Storage.switzerlandnorth",
                            "nextHopType": "Internet"
                        },
                        "type": "Microsoft.Network/routeTables/routes"
                    },
                    {
                        "name": "Microsoft.Sql-managedInstances_UseOnly_mi-Storage.switzerlandwest",
                        "id": "[resourceId('Microsoft.Network/routeTables/routes', parameters('routeTables_rt_jnj_md_sqldb_name'), 'Microsoft.Sql-managedInstances_UseOnly_mi-Storage.switzerlandwest')]",
                        "properties": {
                            "addressPrefix": "Storage.switzerlandwest",
                            "nextHopType": "Internet"
                        },
                        "type": "Microsoft.Network/routeTables/routes"
                    },
                    {
                        "name": "Microsoft.Sql-managedInstances_UseOnly_mi-OneDsCollector",
                        "id": "[resourceId('Microsoft.Network/routeTables/routes', parameters('routeTables_rt_jnj_md_sqldb_name'), 'Microsoft.Sql-managedInstances_UseOnly_mi-OneDsCollector')]",
                        "properties": {
                            "addressPrefix": "OneDsCollector",
                            "nextHopType": "Internet"
                        },
                        "type": "Microsoft.Network/routeTables/routes"
                    },
                    {
                        "name": "Microsoft.Sql-managedInstances_UseOnly_optional-AzureCloud.switzerlandnorth",
                        "id": "[resourceId('Microsoft.Network/routeTables/routes', parameters('routeTables_rt_jnj_md_sqldb_name'), 'Microsoft.Sql-managedInstances_UseOnly_optional-AzureCloud.switzerlandnorth')]",
                        "properties": {
                            "addressPrefix": "AzureCloud.switzerlandn",
                            "nextHopType": "Internet"
                        },
                        "type": "Microsoft.Network/routeTables/routes"
                    },
                    {
                        "name": "Microsoft.Sql-managedInstances_UseOnly_optional-AzureCloud.switzerlandwest",
                        "id": "[resourceId('Microsoft.Network/routeTables/routes', parameters('routeTables_rt_jnj_md_sqldb_name'), 'Microsoft.Sql-managedInstances_UseOnly_optional-AzureCloud.switzerlandwest')]",
                        "properties": {
                            "addressPrefix": "AzureCloud.switzerlandw",
                            "nextHopType": "Internet"
                        },
                        "type": "Microsoft.Network/routeTables/routes"
                    }
                ]
            }
        },
        {
            "type": "Microsoft.Network/routeTables/routes",
            "apiVersion": "2024-05-01",
            "name": "[concat(parameters('routeTables_rt_jnj_md_sqldb_name'), '/Microsoft.Sql-managedInstances_UseOnly_mi-AzureActiveDirectory')]",
            "dependsOn": [
                "[resourceId('Microsoft.Network/routeTables', parameters('routeTables_rt_jnj_md_sqldb_name'))]"
            ],
            "properties": {
                "addressPrefix": "AzureActiveDirectory",
                "nextHopType": "Internet"
            }
        },
        {
            "type": "Microsoft.Network/routeTables/routes",
            "apiVersion": "2024-05-01",
            "name": "[concat(parameters('routeTables_rt_jnj_md_sqldb_name'), '/Microsoft.Sql-managedInstances_UseOnly_mi-OneDsCollector')]",
            "dependsOn": [
                "[resourceId('Microsoft.Network/routeTables', parameters('routeTables_rt_jnj_md_sqldb_name'))]"
            ],
            "properties": {
                "addressPrefix": "OneDsCollector",
                "nextHopType": "Internet"
            }
        },
        {
            "type": "Microsoft.Network/routeTables/routes",
            "apiVersion": "2024-05-01",
            "name": "[concat(parameters('routeTables_rt_jnj_md_sqldb_name'), '/Microsoft.Sql-managedInstances_UseOnly_mi-Storage.switzerlandnorth')]",
            "dependsOn": [
                "[resourceId('Microsoft.Network/routeTables', parameters('routeTables_rt_jnj_md_sqldb_name'))]"
            ],
            "properties": {
                "addressPrefix": "Storage.switzerlandnorth",
                "nextHopType": "Internet"
            }
        },
        {
            "type": "Microsoft.Network/routeTables/routes",
            "apiVersion": "2024-05-01",
            "name": "[concat(parameters('routeTables_rt_jnj_md_sqldb_name'), '/Microsoft.Sql-managedInstances_UseOnly_mi-Storage.switzerlandwest')]",
            "dependsOn": [
                "[resourceId('Microsoft.Network/routeTables', parameters('routeTables_rt_jnj_md_sqldb_name'))]"
            ],
            "properties": {
                "addressPrefix": "Storage.switzerlandwest",
                "nextHopType": "Internet"
            }
        },
        {
            "type": "Microsoft.Network/routeTables/routes",
            "apiVersion": "2024-05-01",
            "name": "[concat(parameters('routeTables_rt_jnj_md_sqldb_name'), '/Microsoft.Sql-managedInstances_UseOnly_optional-AzureCloud.switzerlandnorth')]",
            "dependsOn": [
                "[resourceId('Microsoft.Network/routeTables', parameters('routeTables_rt_jnj_md_sqldb_name'))]"
            ],
            "properties": {
                "addressPrefix": "AzureCloud.switzerlandn",
                "nextHopType": "Internet"
            }
        },
        {
            "type": "Microsoft.Network/routeTables/routes",
            "apiVersion": "2024-05-01",
            "name": "[concat(parameters('routeTables_rt_jnj_md_sqldb_name'), '/Microsoft.Sql-managedInstances_UseOnly_optional-AzureCloud.switzerlandwest')]",
            "dependsOn": [
                "[resourceId('Microsoft.Network/routeTables', parameters('routeTables_rt_jnj_md_sqldb_name'))]"
            ],
            "properties": {
                "addressPrefix": "AzureCloud.switzerlandw",
                "nextHopType": "Internet"
            }
        },
        {
            "type": "Microsoft.Network/routeTables/routes",
            "apiVersion": "2024-05-01",
            "name": "[concat(parameters('routeTables_rt_jnj_md_sqldb_name'), '/Microsoft.Sql-managedInstances_UseOnly_subnet-10-0-13-0-25-to-vnetlocal')]",
            "dependsOn": [
                "[resourceId('Microsoft.Network/routeTables', parameters('routeTables_rt_jnj_md_sqldb_name'))]"
            ],
            "properties": {
                "addressPrefix": "10.0.13.0/25",
                "nextHopType": "VnetLocal"
            }
        },
        {
            "type": "Microsoft.Network/routeTables/routes",
            "apiVersion": "2024-05-01",
            "name": "[concat(parameters('routeTables_rt_jnj_md_sqldb_name'), '/SqlManagement_0')]",
            "dependsOn": [
                "[resourceId('Microsoft.Network/routeTables', parameters('routeTables_rt_jnj_md_sqldb_name'))]"
            ],
            "properties": {
                "addressPrefix": "65.55.188.0/24",
                "nextHopType": "Internet"
            }
        },
        {
            "type": "Microsoft.Network/routeTables/routes",
            "apiVersion": "2024-05-01",
            "name": "[concat(parameters('routeTables_rt_jnj_md_sqldb_name'), '/SqlManagement_1')]",
            "dependsOn": [
                "[resourceId('Microsoft.Network/routeTables', parameters('routeTables_rt_jnj_md_sqldb_name'))]"
            ],
            "properties": {
                "addressPrefix": "207.68.190.32/27",
                "nextHopType": "Internet"
            }
        },
        {
            "type": "Microsoft.Network/routeTables/routes",
            "apiVersion": "2024-05-01",
            "name": "[concat(parameters('routeTables_rt_jnj_md_sqldb_name'), '/SqlManagement_10')]",
            "dependsOn": [
                "[resourceId('Microsoft.Network/routeTables', parameters('routeTables_rt_jnj_md_sqldb_name'))]"
            ],
            "properties": {
                "addressPrefix": "51.107.58.32/27",
                "nextHopType": "Internet"
            }
        },
        {
            "type": "Microsoft.Network/routeTables/routes",
            "apiVersion": "2024-05-01",
            "name": "[concat(parameters('routeTables_rt_jnj_md_sqldb_name'), '/SqlManagement_11')]",
            "dependsOn": [
                "[resourceId('Microsoft.Network/routeTables', parameters('routeTables_rt_jnj_md_sqldb_name'))]"
            ],
            "properties": {
                "addressPrefix": "51.107.156.0/32",
                "nextHopType": "Internet"
            }
        },
        {
            "type": "Microsoft.Network/routeTables/routes",
            "apiVersion": "2024-05-01",
            "name": "[concat(parameters('routeTables_rt_jnj_md_sqldb_name'), '/SqlManagement_12')]",
            "dependsOn": [
                "[resourceId('Microsoft.Network/routeTables', parameters('routeTables_rt_jnj_md_sqldb_name'))]"
            ],
            "properties": {
                "addressPrefix": "51.107.60.1/32",
                "nextHopType": "Internet"
            }
        },
        {
            "type": "Microsoft.Network/routeTables/routes",
            "apiVersion": "2024-05-01",
            "name": "[concat(parameters('routeTables_rt_jnj_md_sqldb_name'), '/SqlManagement_13')]",
            "dependsOn": [
                "[resourceId('Microsoft.Network/routeTables', parameters('routeTables_rt_jnj_md_sqldb_name'))]"
            ],
            "properties": {
                "addressPrefix": "40.90.136.81/32",
                "nextHopType": "Internet"
            }
        },
        {
            "type": "Microsoft.Network/routeTables/routes",
            "apiVersion": "2024-05-01",
            "name": "[concat(parameters('routeTables_rt_jnj_md_sqldb_name'), '/SqlManagement_2')]",
            "dependsOn": [
                "[resourceId('Microsoft.Network/routeTables', parameters('routeTables_rt_jnj_md_sqldb_name'))]"
            ],
            "properties": {
                "addressPrefix": "13.106.78.32/27",
                "nextHopType": "Internet"
            }
        },
        {
            "type": "Microsoft.Network/routeTables/routes",
            "apiVersion": "2024-05-01",
            "name": "[concat(parameters('routeTables_rt_jnj_md_sqldb_name'), '/SqlManagement_3')]",
            "dependsOn": [
                "[resourceId('Microsoft.Network/routeTables', parameters('routeTables_rt_jnj_md_sqldb_name'))]"
            ],
            "properties": {
                "addressPrefix": "13.106.174.32/27",
                "nextHopType": "Internet"
            }
        },
        {
            "type": "Microsoft.Network/routeTables/routes",
            "apiVersion": "2024-05-01",
            "name": "[concat(parameters('routeTables_rt_jnj_md_sqldb_name'), '/SqlManagement_4')]",
            "dependsOn": [
                "[resourceId('Microsoft.Network/routeTables', parameters('routeTables_rt_jnj_md_sqldb_name'))]"
            ],
            "properties": {
                "addressPrefix": "13.106.4.96/27",
                "nextHopType": "Internet"
            }
        },
        {
            "type": "Microsoft.Network/routeTables/routes",
            "apiVersion": "2024-05-01",
            "name": "[concat(parameters('routeTables_rt_jnj_md_sqldb_name'), '/SqlManagement_5')]",
            "dependsOn": [
                "[resourceId('Microsoft.Network/routeTables', parameters('routeTables_rt_jnj_md_sqldb_name'))]"
            ],
            "properties": {
                "addressPrefix": "104.214.108.80/32",
                "nextHopType": "Internet"
            }
        },
        {
            "type": "Microsoft.Network/routeTables/routes",
            "apiVersion": "2024-05-01",
            "name": "[concat(parameters('routeTables_rt_jnj_md_sqldb_name'), '/SqlManagement_6')]",
            "dependsOn": [
                "[resourceId('Microsoft.Network/routeTables', parameters('routeTables_rt_jnj_md_sqldb_name'))]"
            ],
            "properties": {
                "addressPrefix": "52.179.184.76/32",
                "nextHopType": "Internet"
            }
        },
        {
            "type": "Microsoft.Network/routeTables/routes",
            "apiVersion": "2024-05-01",
            "name": "[concat(parameters('routeTables_rt_jnj_md_sqldb_name'), '/SqlManagement_7')]",
            "dependsOn": [
                "[resourceId('Microsoft.Network/routeTables', parameters('routeTables_rt_jnj_md_sqldb_name'))]"
            ],
            "properties": {
                "addressPrefix": "52.187.116.202/32",
                "nextHopType": "Internet"
            }
        },
        {
            "type": "Microsoft.Network/routeTables/routes",
            "apiVersion": "2024-05-01",
            "name": "[concat(parameters('routeTables_rt_jnj_md_sqldb_name'), '/SqlManagement_8')]",
            "dependsOn": [
                "[resourceId('Microsoft.Network/routeTables', parameters('routeTables_rt_jnj_md_sqldb_name'))]"
            ],
            "properties": {
                "addressPrefix": "52.177.202.6/32",
                "nextHopType": "Internet"
            }
        },
        {
            "type": "Microsoft.Network/routeTables/routes",
            "apiVersion": "2024-05-01",
            "name": "[concat(parameters('routeTables_rt_jnj_md_sqldb_name'), '/SqlManagement_9')]",
            "dependsOn": [
                "[resourceId('Microsoft.Network/routeTables', parameters('routeTables_rt_jnj_md_sqldb_name'))]"
            ],
            "properties": {
                "addressPrefix": "51.107.56.0/32",
                "nextHopType": "Internet"
            }
        }
    ]
}