{
    "$schema": "https://schema.management.azure.com/schemas/2019-04-01/deploymentTemplate.json#",
    "contentVersion": "1.0.0.0",
    "parameters": {
        "galleries_jnjmdqasig_name": {
            "defaultValue": "jnjmdqasig",
            "type": "String"
        },
        "virtualMachines_p2imagingvm_externalid": {
            "defaultValue": "/subscriptions/8d4346c2-32de-4083-8774-d32ffb70f026/resourceGroups/jnj-md-qa-rg/providers/Microsoft.Compute/virtualMachines/p2imagingvm",
            "type": "String"
        }
    },
    "variables": {},
    "resources": [
        {
            "type": "Microsoft.Compute/galleries/images/versions",
            "apiVersion": "2024-03-03",
            "name": "[concat(parameters('galleries_jnjmdqasig_name'), '/jnj-md-qa-id-p2/1.0.0')]",
            "location": "switzerlandnorth",
            "tags": {
                "Business Line": "MD",
                "Enviroment": "QA"
            },
            "properties": {
                "publishingProfile": {
                    "targetRegions": [
                        {
                            "name": "Switzerland North",
                            "regionalReplicaCount": 1,
                            "storageAccountType": "Standard_LRS"
                        }
                    ],
                    "replicaCount": 1,
                    "excludeFromLatest": false,
                    "endOfLifeDate": "2021-12-30T18:30:00+00:00",
                    "storageAccountType": "Standard_LRS"
                },
                "storageProfile": {
                    "source": {
                        "virtualMachineId": "[parameters('virtualMachines_p2imagingvm_externalid')]"
                    },
                    "osDiskImage": {
                        "hostCaching": "ReadWrite",
                        "source": {}
                    }
                },
                "safetyProfile": {
                    "allowDeletionOfReplicatedLocations": true
                }
            }
        }
    ]
}