{
    "$schema": "https://schema.management.azure.com/schemas/2015-01-01/deploymentParameters.json#",
    "contentVersion": "1.0.0.0",
    "parameters": {
        "virtualNetworks_jnj_md_vnet_name": {
            "value": null
        },
        "networkSecurityGroups_nsg_jnj_md_sqldb_externalid": {
            "value": null
        },
        "routeTables_rt_jnj_md_sqldb_externalid": {
            "value": null
        },
        "networkSecurityGroups_nsg_jnj_md_dev_sql_db_externalid": {
            "value": null
        },
        "routeTables_rt_jnj_md_dev_sql_db_externalid": {
            "value": null
        },
        "networkSecurityGroups_databricksnsgrnwaoni4hvdm6_externalid": {
            "value": null
        }
    }
}