{
    "$schema": "https://schema.management.azure.com/schemas/2019-04-01/deploymentTemplate.json#",
    "contentVersion": "1.0.0.0",
    "parameters": {
        "virtualNetworks_jnj_md_vnet_name": {
            "defaultValue": "jnj-md-vnet",
            "type": "String"
        },
        "networkSecurityGroups_nsg_jnj_md_sqldb_externalid": {
            "defaultValue": "/subscriptions/8d4346c2-32de-4083-8774-d32ffb70f026/resourceGroups/jnj-md-common-rg/providers/Microsoft.Network/networkSecurityGroups/nsg-jnj-md-sqldb",
            "type": "String"
        },
        "routeTables_rt_jnj_md_sqldb_externalid": {
            "defaultValue": "/subscriptions/8d4346c2-32de-4083-8774-d32ffb70f026/resourceGroups/jnj-md-common-rg/providers/Microsoft.Network/routeTables/rt-jnj-md-sqldb",
            "type": "String"
        },
        "networkSecurityGroups_nsg_jnj_md_dev_sql_db_externalid": {
            "defaultValue": "/subscriptions/8d4346c2-32de-4083-8774-d32ffb70f026/resourceGroups/jnj-md-common-rg/providers/Microsoft.Network/networkSecurityGroups/nsg-jnj-md-dev-sql-db",
            "type": "String"
        },
        "routeTables_rt_jnj_md_dev_sql_db_externalid": {
            "defaultValue": "/subscriptions/8d4346c2-32de-4083-8774-d32ffb70f026/resourceGroups/jnj-md-common-rg/providers/Microsoft.Network/routeTables/rt-jnj-md-dev-sql-db",
            "type": "String"
        },
        "networkSecurityGroups_databricksnsgrnwaoni4hvdm6_externalid": {
            "defaultValue": "/subscriptions/8d4346c2-32de-4083-8774-d32ffb70f026/resourceGroups/jnj-md-qa-rg/providers/Microsoft.Network/networkSecurityGroups/databricksnsgrnwaoni4hvdm6",
            "type": "String"
        }
    },
    "variables": {},
    "resources": [
        {
            "type": "Microsoft.Network/virtualNetworks",
            "apiVersion": "2024-05-01",
            "name": "[parameters('virtualNetworks_jnj_md_vnet_name')]",
            "location": "switzerlandnorth",
            "tags": {
                "Enviroment": "Common",
                "Business Line": "MD"
            },
            "properties": {
                "addressSpace": {
                    "addressPrefixes": [
                        "10.0.0.0/20",
                        "10.0.16.0/28"
                    ]
                },
                "privateEndpointVNetPolicies": "Disabled",
                "dhcpOptions": {
                    "dnsServers": []
                },
                "subnets": [
                    {
                        "name": "jnj-md-common-subnet",
                        "id": "[resourceId('Microsoft.Network/virtualNetworks/subnets', parameters('virtualNetworks_jnj_md_vnet_name'), 'jnj-md-common-subnet')]",
                        "properties": {
                            "addressPrefix": "10.0.1.0/25",
                            "serviceEndpoints": [
                                {
                                    "service": "Microsoft.KeyVault",
                                    "locations": [
                                        "*"
                                    ]
                                }
                            ],
                            "delegations": [],
                            "privateEndpointNetworkPolicies": "Enabled",
                            "privateLinkServiceNetworkPolicies": "Enabled"
                        },
                        "type": "Microsoft.Network/virtualNetworks/subnets"
                    },
                    {
                        "name": "jnj-md-prod-subnet",
                        "id": "[resourceId('Microsoft.Network/virtualNetworks/subnets', parameters('virtualNetworks_jnj_md_vnet_name'), 'jnj-md-prod-subnet')]",
                        "properties": {
                            "addressPrefix": "10.0.4.0/22",
                            "serviceEndpoints": [
                                {
                                    "service": "Microsoft.KeyVault",
                                    "locations": [
                                        "*"
                                    ]
                                }
                            ],
                            "delegations": [],
                            "privateEndpointNetworkPolicies": "Enabled",
                            "privateLinkServiceNetworkPolicies": "Enabled"
                        },
                        "type": "Microsoft.Network/virtualNetworks/subnets"
                    },
                    {
                        "name": "jnj-md-tesing-subnet",
                        "id": "[resourceId('Microsoft.Network/virtualNetworks/subnets', parameters('virtualNetworks_jnj_md_vnet_name'), 'jnj-md-tesing-subnet')]",
                        "properties": {
                            "addressPrefix": "10.0.3.0/25",
                            "serviceEndpoints": [
                                {
                                    "service": "Microsoft.KeyVault",
                                    "locations": [
                                        "*"
                                    ]
                                }
                            ],
                            "delegations": [],
                            "privateEndpointNetworkPolicies": "Enabled",
                            "privateLinkServiceNetworkPolicies": "Enabled"
                        },
                        "type": "Microsoft.Network/virtualNetworks/subnets"
                    },
                    {
                        "name": "jnj-md-db-subnet",
                        "id": "[resourceId('Microsoft.Network/virtualNetworks/subnets', parameters('virtualNetworks_jnj_md_vnet_name'), 'jnj-md-db-subnet')]",
                        "properties": {
                            "addressPrefix": "10.0.13.0/25",
                            "networkSecurityGroup": {
                                "id": "[parameters('networkSecurityGroups_nsg_jnj_md_sqldb_externalid')]"
                            },
                            "routeTable": {
                                "id": "[parameters('routeTables_rt_jnj_md_sqldb_externalid')]"
                            },
                            "serviceEndpoints": [
                                {
                                    "service": "Microsoft.KeyVault",
                                    "locations": [
                                        "*"
                                    ]
                                }
                            ],
                            "delegations": [
                                {
                                    "name": "dlg-jnj-md-sqldb",
                                    "id": "[concat(resourceId('Microsoft.Network/virtualNetworks/subnets', parameters('virtualNetworks_jnj_md_vnet_name'), 'jnj-md-db-subnet'), '/delegations/dlg-jnj-md-sqldb')]",
                                    "properties": {
                                        "serviceName": "Microsoft.Sql/managedInstances"
                                    },
                                    "type": "Microsoft.Network/virtualNetworks/subnets/delegations"
                                }
                            ],
                            "privateEndpointNetworkPolicies": "Enabled",
                            "privateLinkServiceNetworkPolicies": "Enabled"
                        },
                        "type": "Microsoft.Network/virtualNetworks/subnets"
                    },
                    {
                        "name": "jnj-md-dev-subnet",
                        "id": "[resourceId('Microsoft.Network/virtualNetworks/subnets', parameters('virtualNetworks_jnj_md_vnet_name'), 'jnj-md-dev-subnet')]",
                        "properties": {
                            "addressPrefix": "10.0.8.0/22",
                            "networkSecurityGroup": {
                                "id": "[parameters('networkSecurityGroups_nsg_jnj_md_dev_sql_db_externalid')]"
                            },
                            "routeTable": {
                                "id": "[parameters('routeTables_rt_jnj_md_dev_sql_db_externalid')]"
                            },
                            "serviceEndpoints": [
                                {
                                    "service": "Microsoft.KeyVault",
                                    "locations": [
                                        "*"
                                    ]
                                }
                            ],
                            "delegations": [
                                {
                                    "name": "dlg-jnj-md-dev-sql-db",
                                    "id": "[concat(resourceId('Microsoft.Network/virtualNetworks/subnets', parameters('virtualNetworks_jnj_md_vnet_name'), 'jnj-md-dev-subnet'), '/delegations/dlg-jnj-md-dev-sql-db')]",
                                    "properties": {
                                        "serviceName": "Microsoft.Sql/managedInstances"
                                    },
                                    "type": "Microsoft.Network/virtualNetworks/subnets/delegations"
                                }
                            ],
                            "privateEndpointNetworkPolicies": "Enabled",
                            "privateLinkServiceNetworkPolicies": "Enabled"
                        },
                        "type": "Microsoft.Network/virtualNetworks/subnets"
                    },
                    {
                        "name": "GatewaySubnet",
                        "id": "[resourceId('Microsoft.Network/virtualNetworks/subnets', parameters('virtualNetworks_jnj_md_vnet_name'), 'GatewaySubnet')]",
                        "properties": {
                            "addressPrefix": "10.0.16.0/28",
                            "serviceEndpoints": [
                                {
                                    "service": "Microsoft.KeyVault",
                                    "locations": [
                                        "*"
                                    ]
                                }
                            ],
                            "delegations": [],
                            "privateEndpointNetworkPolicies": "Enabled",
                            "privateLinkServiceNetworkPolicies": "Enabled"
                        },
                        "type": "Microsoft.Network/virtualNetworks/subnets"
                    },
                    {
                        "name": "jnj-md-qa-subnet",
                        "id": "[resourceId('Microsoft.Network/virtualNetworks/subnets', parameters('virtualNetworks_jnj_md_vnet_name'), 'jnj-md-qa-subnet')]",
                        "properties": {
                            "addressPrefix": "10.0.14.0/25",
                            "networkSecurityGroup": {
                                "id": "[parameters('networkSecurityGroups_databricksnsgrnwaoni4hvdm6_externalid')]"
                            },
                            "serviceEndpoints": [
                                {
                                    "service": "Microsoft.KeyVault",
                                    "locations": [
                                        "*"
                                    ]
                                }
                            ],
                            "delegations": [
                                {
                                    "name": "databricks-del-oews275oupq7e",
                                    "id": "[concat(resourceId('Microsoft.Network/virtualNetworks/subnets', parameters('virtualNetworks_jnj_md_vnet_name'), 'jnj-md-qa-subnet'), '/delegations/databricks-del-oews275oupq7e')]",
                                    "properties": {
                                        "serviceName": "Microsoft.Databricks/workspaces"
                                    },
                                    "type": "Microsoft.Network/virtualNetworks/subnets/delegations"
                                }
                            ],
                            "privateEndpointNetworkPolicies": "Enabled",
                            "privateLinkServiceNetworkPolicies": "Enabled"
                        },
                        "type": "Microsoft.Network/virtualNetworks/subnets"
                    },
                    {
                        "name": "jnj-md-qa-pvt-subnet",
                        "id": "[resourceId('Microsoft.Network/virtualNetworks/subnets', parameters('virtualNetworks_jnj_md_vnet_name'), 'jnj-md-qa-pvt-subnet')]",
                        "properties": {
                            "addressPrefix": "10.0.15.0/25",
                            "networkSecurityGroup": {
                                "id": "[parameters('networkSecurityGroups_databricksnsgrnwaoni4hvdm6_externalid')]"
                            },
                            "serviceEndpoints": [
                                {
                                    "service": "Microsoft.KeyVault",
                                    "locations": [
                                        "*"
                                    ]
                                }
                            ],
                            "delegations": [
                                {
                                    "name": "databricks-del-m34davtzij2g4",
                                    "id": "[concat(resourceId('Microsoft.Network/virtualNetworks/subnets', parameters('virtualNetworks_jnj_md_vnet_name'), 'jnj-md-qa-pvt-subnet'), '/delegations/databricks-del-m34davtzij2g4')]",
                                    "properties": {
                                        "serviceName": "Microsoft.Databricks/workspaces"
                                    },
                                    "type": "Microsoft.Network/virtualNetworks/subnets/delegations"
                                }
                            ],
                            "privateEndpointNetworkPolicies": "Enabled",
                            "privateLinkServiceNetworkPolicies": "Enabled"
                        },
                        "type": "Microsoft.Network/virtualNetworks/subnets"
                    },
                    {
                        "name": "AzureBastionSubnet",
                        "id": "[resourceId('Microsoft.Network/virtualNetworks/subnets', parameters('virtualNetworks_jnj_md_vnet_name'), 'AzureBastionSubnet')]",
                        "properties": {
                            "addressPrefix": "10.0.12.0/27",
                            "serviceEndpoints": [
                                {
                                    "service": "Microsoft.KeyVault",
                                    "locations": [
                                        "*"
                                    ]
                                }
                            ],
                            "delegations": [],
                            "privateEndpointNetworkPolicies": "Enabled",
                            "privateLinkServiceNetworkPolicies": "Enabled"
                        },
                        "type": "Microsoft.Network/virtualNetworks/subnets"
                    }
                ],
                "virtualNetworkPeerings": [],
                "enableDdosProtection": false
            }
        },
        {
            "type": "Microsoft.Network/virtualNetworks/subnets",
            "apiVersion": "2024-05-01",
            "name": "[concat(parameters('virtualNetworks_jnj_md_vnet_name'), '/AzureBastionSubnet')]",
            "dependsOn": [
                "[resourceId('Microsoft.Network/virtualNetworks', parameters('virtualNetworks_jnj_md_vnet_name'))]"
            ],
            "properties": {
                "addressPrefix": "10.0.12.0/27",
                "serviceEndpoints": [
                    {
                        "service": "Microsoft.KeyVault",
                        "locations": [
                            "*"
                        ]
                    }
                ],
                "delegations": [],
                "privateEndpointNetworkPolicies": "Enabled",
                "privateLinkServiceNetworkPolicies": "Enabled"
            }
        },
        {
            "type": "Microsoft.Network/virtualNetworks/subnets",
            "apiVersion": "2024-05-01",
            "name": "[concat(parameters('virtualNetworks_jnj_md_vnet_name'), '/GatewaySubnet')]",
            "dependsOn": [
                "[resourceId('Microsoft.Network/virtualNetworks', parameters('virtualNetworks_jnj_md_vnet_name'))]"
            ],
            "properties": {
                "addressPrefix": "10.0.16.0/28",
                "serviceEndpoints": [
                    {
                        "service": "Microsoft.KeyVault",
                        "locations": [
                            "*"
                        ]
                    }
                ],
                "delegations": [],
                "privateEndpointNetworkPolicies": "Enabled",
                "privateLinkServiceNetworkPolicies": "Enabled"
            }
        },
        {
            "type": "Microsoft.Network/virtualNetworks/subnets",
            "apiVersion": "2024-05-01",
            "name": "[concat(parameters('virtualNetworks_jnj_md_vnet_name'), '/jnj-md-common-subnet')]",
            "dependsOn": [
                "[resourceId('Microsoft.Network/virtualNetworks', parameters('virtualNetworks_jnj_md_vnet_name'))]"
            ],
            "properties": {
                "addressPrefix": "10.0.1.0/25",
                "serviceEndpoints": [
                    {
                        "service": "Microsoft.KeyVault",
                        "locations": [
                            "*"
                        ]
                    }
                ],
                "delegations": [],
                "privateEndpointNetworkPolicies": "Enabled",
                "privateLinkServiceNetworkPolicies": "Enabled"
            }
        },
        {
            "type": "Microsoft.Network/virtualNetworks/subnets",
            "apiVersion": "2024-05-01",
            "name": "[concat(parameters('virtualNetworks_jnj_md_vnet_name'), '/jnj-md-db-subnet')]",
            "dependsOn": [
                "[resourceId('Microsoft.Network/virtualNetworks', parameters('virtualNetworks_jnj_md_vnet_name'))]"
            ],
            "properties": {
                "addressPrefix": "10.0.13.0/25",
                "networkSecurityGroup": {
                    "id": "[parameters('networkSecurityGroups_nsg_jnj_md_sqldb_externalid')]"
                },
                "routeTable": {
                    "id": "[parameters('routeTables_rt_jnj_md_sqldb_externalid')]"
                },
                "serviceEndpoints": [
                    {
                        "service": "Microsoft.KeyVault",
                        "locations": [
                            "*"
                        ]
                    }
                ],
                "delegations": [
                    {
                        "name": "dlg-jnj-md-sqldb",
                        "id": "[concat(resourceId('Microsoft.Network/virtualNetworks/subnets', parameters('virtualNetworks_jnj_md_vnet_name'), 'jnj-md-db-subnet'), '/delegations/dlg-jnj-md-sqldb')]",
                        "properties": {
                            "serviceName": "Microsoft.Sql/managedInstances"
                        },
                        "type": "Microsoft.Network/virtualNetworks/subnets/delegations"
                    }
                ],
                "privateEndpointNetworkPolicies": "Enabled",
                "privateLinkServiceNetworkPolicies": "Enabled"
            }
        },
        {
            "type": "Microsoft.Network/virtualNetworks/subnets",
            "apiVersion": "2024-05-01",
            "name": "[concat(parameters('virtualNetworks_jnj_md_vnet_name'), '/jnj-md-dev-subnet')]",
            "dependsOn": [
                "[resourceId('Microsoft.Network/virtualNetworks', parameters('virtualNetworks_jnj_md_vnet_name'))]"
            ],
            "properties": {
                "addressPrefix": "10.0.8.0/22",
                "networkSecurityGroup": {
                    "id": "[parameters('networkSecurityGroups_nsg_jnj_md_dev_sql_db_externalid')]"
                },
                "routeTable": {
                    "id": "[parameters('routeTables_rt_jnj_md_dev_sql_db_externalid')]"
                },
                "serviceEndpoints": [
                    {
                        "service": "Microsoft.KeyVault",
                        "locations": [
                            "*"
                        ]
                    }
                ],
                "delegations": [
                    {
                        "name": "dlg-jnj-md-dev-sql-db",
                        "id": "[concat(resourceId('Microsoft.Network/virtualNetworks/subnets', parameters('virtualNetworks_jnj_md_vnet_name'), 'jnj-md-dev-subnet'), '/delegations/dlg-jnj-md-dev-sql-db')]",
                        "properties": {
                            "serviceName": "Microsoft.Sql/managedInstances"
                        },
                        "type": "Microsoft.Network/virtualNetworks/subnets/delegations"
                    }
                ],
                "privateEndpointNetworkPolicies": "Enabled",
                "privateLinkServiceNetworkPolicies": "Enabled"
            }
        },
        {
            "type": "Microsoft.Network/virtualNetworks/subnets",
            "apiVersion": "2024-05-01",
            "name": "[concat(parameters('virtualNetworks_jnj_md_vnet_name'), '/jnj-md-prod-subnet')]",
            "dependsOn": [
                "[resourceId('Microsoft.Network/virtualNetworks', parameters('virtualNetworks_jnj_md_vnet_name'))]"
            ],
            "properties": {
                "addressPrefix": "10.0.4.0/22",
                "serviceEndpoints": [
                    {
                        "service": "Microsoft.KeyVault",
                        "locations": [
                            "*"
                        ]
                    }
                ],
                "delegations": [],
                "privateEndpointNetworkPolicies": "Enabled",
                "privateLinkServiceNetworkPolicies": "Enabled"
            }
        },
        {
            "type": "Microsoft.Network/virtualNetworks/subnets",
            "apiVersion": "2024-05-01",
            "name": "[concat(parameters('virtualNetworks_jnj_md_vnet_name'), '/jnj-md-qa-pvt-subnet')]",
            "dependsOn": [
                "[resourceId('Microsoft.Network/virtualNetworks', parameters('virtualNetworks_jnj_md_vnet_name'))]"
            ],
            "properties": {
                "addressPrefix": "10.0.15.0/25",
                "networkSecurityGroup": {
                    "id": "[parameters('networkSecurityGroups_databricksnsgrnwaoni4hvdm6_externalid')]"
                },
                "serviceEndpoints": [
                    {
                        "service": "Microsoft.KeyVault",
                        "locations": [
                            "*"
                        ]
                    }
                ],
                "delegations": [
                    {
                        "name": "databricks-del-m34davtzij2g4",
                        "id": "[concat(resourceId('Microsoft.Network/virtualNetworks/subnets', parameters('virtualNetworks_jnj_md_vnet_name'), 'jnj-md-qa-pvt-subnet'), '/delegations/databricks-del-m34davtzij2g4')]",
                        "properties": {
                            "serviceName": "Microsoft.Databricks/workspaces"
                        },
                        "type": "Microsoft.Network/virtualNetworks/subnets/delegations"
                    }
                ],
                "privateEndpointNetworkPolicies": "Enabled",
                "privateLinkServiceNetworkPolicies": "Enabled"
            }
        },
        {
            "type": "Microsoft.Network/virtualNetworks/subnets",
            "apiVersion": "2024-05-01",
            "name": "[concat(parameters('virtualNetworks_jnj_md_vnet_name'), '/jnj-md-qa-subnet')]",
            "dependsOn": [
                "[resourceId('Microsoft.Network/virtualNetworks', parameters('virtualNetworks_jnj_md_vnet_name'))]"
            ],
            "properties": {
                "addressPrefix": "10.0.14.0/25",
                "networkSecurityGroup": {
                    "id": "[parameters('networkSecurityGroups_databricksnsgrnwaoni4hvdm6_externalid')]"
                },
                "serviceEndpoints": [
                    {
                        "service": "Microsoft.KeyVault",
                        "locations": [
                            "*"
                        ]
                    }
                ],
                "delegations": [
                    {
                        "name": "databricks-del-oews275oupq7e",
                        "id": "[concat(resourceId('Microsoft.Network/virtualNetworks/subnets', parameters('virtualNetworks_jnj_md_vnet_name'), 'jnj-md-qa-subnet'), '/delegations/databricks-del-oews275oupq7e')]",
                        "properties": {
                            "serviceName": "Microsoft.Databricks/workspaces"
                        },
                        "type": "Microsoft.Network/virtualNetworks/subnets/delegations"
                    }
                ],
                "privateEndpointNetworkPolicies": "Enabled",
                "privateLinkServiceNetworkPolicies": "Enabled"
            }
        },
        {
            "type": "Microsoft.Network/virtualNetworks/subnets",
            "apiVersion": "2024-05-01",
            "name": "[concat(parameters('virtualNetworks_jnj_md_vnet_name'), '/jnj-md-tesing-subnet')]",
            "dependsOn": [
                "[resourceId('Microsoft.Network/virtualNetworks', parameters('virtualNetworks_jnj_md_vnet_name'))]"
            ],
            "properties": {
                "addressPrefix": "10.0.3.0/25",
                "serviceEndpoints": [
                    {
                        "service": "Microsoft.KeyVault",
                        "locations": [
                            "*"
                        ]
                    }
                ],
                "delegations": [],
                "privateEndpointNetworkPolicies": "Enabled",
                "privateLinkServiceNetworkPolicies": "Enabled"
            }
        }
    ]
}