{
    "$schema": "https://schema.management.azure.com/schemas/2019-04-01/deploymentTemplate.json#",
    "contentVersion": "1.0.0.0",
    "parameters": {
        "galleries_jnj_md_sig_name": {
            "defaultValue": "jnj_md_sig",
            "type": "String"
        },
        "disks_imagingvm_OsDisk_1_d16b441608ed43c18f1159c6cf37cf2f_externalid": {
            "defaultValue": "/subscriptions/8d4346c2-32de-4083-8774-d32ffb70f026/resourceGroups/JNJ-MD-DEV-RG/providers/Microsoft.Compute/disks/imagingvm_OsDisk_1_d16b441608ed43c18f1159c6cf37cf2f",
            "type": "String"
        },
        "virtualMachines_imagingvm_externalid": {
            "defaultValue": "/subscriptions/8d4346c2-32de-4083-8774-d32ffb70f026/resourceGroups/jnj-md-dev-rg/providers/Microsoft.Compute/virtualMachines/imagingvm",
            "type": "String"
        }
    },
    "variables": {},
    "resources": [
        {
            "type": "Microsoft.Compute/galleries",
            "apiVersion": "2024-03-03",
            "name": "[parameters('galleries_jnj_md_sig_name')]",
            "location": "switzerlandnorth",
            "tags": {
                "Business Line": "MD",
                "Enviroment": "Common"
            },
            "properties": {
                "identifier": {},
                "softDeletePolicy": {
                    "isSoftDeleteEnabled": false
                }
            }
        },
        {
            "type": "Microsoft.Compute/galleries/images",
            "apiVersion": "2024-03-03",
            "name": "[concat(parameters('galleries_jnj_md_sig_name'), '/jnj-md-image-defn')]",
            "location": "switzerlandnorth",
            "dependsOn": [
                "[resourceId('Microsoft.Compute/galleries', parameters('galleries_jnj_md_sig_name'))]"
            ],
            "properties": {
                "hyperVGeneration": "V1",
                "architecture": "x64",
                "osType": "Linux",
                "osState": "Generalized",
                "identifier": {
                    "publisher": "jnj-md-publisher",
                    "offer": "jnj-md-offer",
                    "sku": "jnj-md-sku"
                },
                "recommended": {
                    "vCPUs": {
                        "min": 1,
                        "max": 16
                    },
                    "memory": {
                        "min": 1,
                        "max": 32
                    }
                }
            }
        },
        {
            "type": "Microsoft.Compute/galleries/images",
            "apiVersion": "2024-03-03",
            "name": "[concat(parameters('galleries_jnj_md_sig_name'), '/jnj-md-image-defn-1')]",
            "location": "switzerlandnorth",
            "dependsOn": [
                "[resourceId('Microsoft.Compute/galleries', parameters('galleries_jnj_md_sig_name'))]"
            ],
            "properties": {
                "hyperVGeneration": "V1",
                "architecture": "x64",
                "osType": "Linux",
                "osState": "Specialized",
                "identifier": {
                    "publisher": "RedHat",
                    "offer": "RHEL",
                    "sku": "8.1"
                }
            }
        },
        {
            "type": "Microsoft.Compute/galleries/images/versions",
            "apiVersion": "2024-03-03",
            "name": "[concat(parameters('galleries_jnj_md_sig_name'), '/jnj-md-image-defn/1.0.0')]",
            "location": "switzerlandnorth",
            "dependsOn": [
                "[resourceId('Microsoft.Compute/galleries/images', parameters('galleries_jnj_md_sig_name'), 'jnj-md-image-defn')]",
                "[resourceId('Microsoft.Compute/galleries', parameters('galleries_jnj_md_sig_name'))]"
            ],
            "properties": {
                "publishingProfile": {
                    "targetRegions": [
                        {
                            "name": "Switzerland North",
                            "regionalReplicaCount": 1,
                            "storageAccountType": "Standard_LRS"
                        }
                    ],
                    "replicaCount": 1,
                    "excludeFromLatest": false,
                    "endOfLifeDate": "2022-08-20T18:30:00+00:00",
                    "storageAccountType": "Standard_LRS"
                },
                "storageProfile": {
                    "osDiskImage": {
                        "hostCaching": "None",
                        "source": {
                            "id": "[parameters('disks_imagingvm_OsDisk_1_d16b441608ed43c18f1159c6cf37cf2f_externalid')]"
                        }
                    }
                },
                "safetyProfile": {
                    "allowDeletionOfReplicatedLocations": true
                }
            }
        },
        {
            "type": "Microsoft.Compute/galleries/images/versions",
            "apiVersion": "2024-03-03",
            "name": "[concat(parameters('galleries_jnj_md_sig_name'), '/jnj-md-image-defn/1.1.0')]",
            "location": "switzerlandnorth",
            "dependsOn": [
                "[resourceId('Microsoft.Compute/galleries/images', parameters('galleries_jnj_md_sig_name'), 'jnj-md-image-defn')]",
                "[resourceId('Microsoft.Compute/galleries', parameters('galleries_jnj_md_sig_name'))]"
            ],
            "tags": {
                "Business Line": "MD",
                "Enviroment": "Common",
                "Purpose": "gen image for gen os of dev vmss"
            },
            "properties": {
                "publishingProfile": {
                    "targetRegions": [
                        {
                            "name": "Switzerland North",
                            "regionalReplicaCount": 1,
                            "storageAccountType": "Standard_LRS"
                        }
                    ],
                    "replicaCount": 1,
                    "excludeFromLatest": false,
                    "endOfLifeDate": "2021-12-30T18:30:00+00:00",
                    "storageAccountType": "Standard_LRS"
                },
                "storageProfile": {
                    "source": {
                        "virtualMachineId": "[parameters('virtualMachines_imagingvm_externalid')]"
                    },
                    "osDiskImage": {
                        "hostCaching": "ReadWrite",
                        "source": {}
                    }
                },
                "safetyProfile": {
                    "allowDeletionOfReplicatedLocations": true
                }
            }
        },
        {
            "type": "Microsoft.Compute/galleries/images/versions",
            "apiVersion": "2024-03-03",
            "name": "[concat(parameters('galleries_jnj_md_sig_name'), '/jnj-md-image-defn-1/1.1.0')]",
            "location": "switzerlandnorth",
            "dependsOn": [
                "[resourceId('Microsoft.Compute/galleries/images', parameters('galleries_jnj_md_sig_name'), 'jnj-md-image-defn-1')]",
                "[resourceId('Microsoft.Compute/galleries', parameters('galleries_jnj_md_sig_name'))]"
            ],
            "tags": {
                "Business Line": "MD",
                "Enviroment": "Common"
            },
            "properties": {
                "publishingProfile": {
                    "targetRegions": [
                        {
                            "name": "Switzerland North",
                            "regionalReplicaCount": 1,
                            "storageAccountType": "Standard_LRS"
                        }
                    ],
                    "replicaCount": 1,
                    "excludeFromLatest": false,
                    "endOfLifeDate": "2021-12-30T18:30:00+00:00",
                    "storageAccountType": "Standard_LRS"
                },
                "storageProfile": {
                    "source": {
                        "virtualMachineId": "[parameters('virtualMachines_imagingvm_externalid')]"
                    },
                    "osDiskImage": {
                        "hostCaching": "ReadWrite",
                        "source": {}
                    }
                },
                "safetyProfile": {
                    "allowDeletionOfReplicatedLocations": true
                }
            }
        }
    ]
}