{
    "$schema": "https://schema.management.azure.com/schemas/2015-01-01/deploymentParameters.json#",
    "contentVersion": "1.0.0.0",
    "parameters": {
        "virtualNetworks_workers_vnet_name": {
            "value": null
        },
        "networkSecurityGroups_workers_sg_name": {
            "value": null
        },
        "storageAccounts_dbstorageuuflqx7ug7d7i_name": {
            "value": null
        },
        "userAssignedIdentities_dbmanagedidentity_name": {
            "value": null
        }
    }
}