{
    "$schema": "https://schema.management.azure.com/schemas/2019-04-01/deploymentTemplate.json#",
    "contentVersion": "1.0.0.0",
    "parameters": {
        "virtualNetworks_workers_vnet_name": {
            "defaultValue": "workers-vnet",
            "type": "String"
        },
        "networkSecurityGroups_workers_sg_name": {
            "defaultValue": "workers-sg",
            "type": "String"
        },
        "storageAccounts_dbstorageuuflqx7ug7d7i_name": {
            "defaultValue": "dbstorageuuflqx7ug7d7i",
            "type": "String"
        },
        "userAssignedIdentities_dbmanagedidentity_name": {
            "defaultValue": "dbmanagedidentity",
            "type": "String"
        }
    },
    "variables": {},
    "resources": [
        {
            "type": "Microsoft.ManagedIdentity/userAssignedIdentities",
            "apiVersion": "2024-11-30",
            "name": "[parameters('userAssignedIdentities_dbmanagedidentity_name')]",
            "location": "switzerlandnorth"
        },
        {
            "type": "Microsoft.Network/networkSecurityGroups",
            "apiVersion": "2024-05-01",
            "name": "[parameters('networkSecurityGroups_workers_sg_name')]",
            "location": "switzerlandnorth",
            "tags": {
                "application": "databricks",
                "databricks-environment": "true",
                "Business Line": "MD",
                "Enviroment": "QA"
            },
            "properties": {
                "securityRules": [
                    {
                        "name": "databricks-worker-to-worker",
                        "id": "[resourceId('Microsoft.Network/networkSecurityGroups/securityRules', parameters('networkSecurityGroups_workers_sg_name'), 'databricks-worker-to-worker')]",
                        "type": "Microsoft.Network/networkSecurityGroups/securityRules",
                        "properties": {
                            "description": "Required for worker nodes communication within a cluster.",
                            "protocol": "*",
                            "sourcePortRange": "*",
                            "destinationPortRange": "*",
                            "sourceAddressPrefix": "VirtualNetwork",
                            "destinationAddressPrefix": "*",
                            "access": "Allow",
                            "priority": 200,
                            "direction": "Inbound",
                            "sourcePortRanges": [],
                            "destinationPortRanges": [],
                            "sourceAddressPrefixes": [],
                            "destinationAddressPrefixes": []
                        }
                    },
                    {
                        "name": "databricks-control-plane-ssh",
                        "id": "[resourceId('Microsoft.Network/networkSecurityGroups/securityRules', parameters('networkSecurityGroups_workers_sg_name'), 'databricks-control-plane-ssh')]",
                        "type": "Microsoft.Network/networkSecurityGroups/securityRules",
                        "properties": {
                            "description": "Required for Databricks control plane management of worker nodes.",
                            "protocol": "*",
                            "sourcePortRange": "*",
                            "destinationPortRange": "22",
                            "destinationAddressPrefix": "*",
                            "access": "Allow",
                            "priority": 100,
                            "direction": "Inbound",
                            "sourcePortRanges": [],
                            "destinationPortRanges": [],
                            "sourceAddressPrefixes": [
                                "51.107.48.121/32"
                            ],
                            "destinationAddressPrefixes": []
                        }
                    },
                    {
                        "name": "databricks-control-plane-worker-proxy",
                        "id": "[resourceId('Microsoft.Network/networkSecurityGroups/securityRules', parameters('networkSecurityGroups_workers_sg_name'), 'databricks-control-plane-worker-proxy')]",
                        "type": "Microsoft.Network/networkSecurityGroups/securityRules",
                        "properties": {
                            "description": "Required for Databricks control plane communication with worker nodes.",
                            "protocol": "*",
                            "sourcePortRange": "*",
                            "destinationPortRange": "5557",
                            "destinationAddressPrefix": "*",
                            "access": "Allow",
                            "priority": 110,
                            "direction": "Inbound",
                            "sourcePortRanges": [],
                            "destinationPortRanges": [],
                            "sourceAddressPrefixes": [
                                "51.107.48.121/32"
                            ],
                            "destinationAddressPrefixes": []
                        }
                    }
                ]
            }
        },
        {
            "type": "Microsoft.Storage/storageAccounts",
            "apiVersion": "2024-01-01",
            "name": "[parameters('storageAccounts_dbstorageuuflqx7ug7d7i_name')]",
            "location": "switzerlandnorth",
            "tags": {
                "application": "databricks",
                "databricks-environment": "true",
                "Business Line": "MD",
                "Enviroment": "QA"
            },
            "sku": {
                "name": "Standard_GRS",
                "tier": "Standard"
            },
            "kind": "BlobStorage",
            "properties": {
                "minimumTlsVersion": "TLS1_2",
                "allowBlobPublicAccess": false,
                "networkAcls": {
                    "bypass": "AzureServices",
                    "virtualNetworkRules": [],
                    "ipRules": [],
                    "defaultAction": "Allow"
                },
                "supportsHttpsTrafficOnly": true,
                "encryption": {
                    "services": {
                        "file": {
                            "keyType": "Account",
                            "enabled": true
                        },
                        "blob": {
                            "keyType": "Account",
                            "enabled": true
                        }
                    },
                    "keySource": "Microsoft.Storage"
                },
                "accessTier": "Hot"
            }
        },
        {
            "type": "Microsoft.Network/networkSecurityGroups/securityRules",
            "apiVersion": "2024-05-01",
            "name": "[concat(parameters('networkSecurityGroups_workers_sg_name'), '/databricks-control-plane-ssh')]",
            "dependsOn": [
                "[resourceId('Microsoft.Network/networkSecurityGroups', parameters('networkSecurityGroups_workers_sg_name'))]"
            ],
            "properties": {
                "description": "Required for Databricks control plane management of worker nodes.",
                "protocol": "*",
                "sourcePortRange": "*",
                "destinationPortRange": "22",
                "destinationAddressPrefix": "*",
                "access": "Allow",
                "priority": 100,
                "direction": "Inbound",
                "sourcePortRanges": [],
                "destinationPortRanges": [],
                "sourceAddressPrefixes": [
                    "51.107.48.121/32"
                ],
                "destinationAddressPrefixes": []
            }
        },
        {
            "type": "Microsoft.Network/networkSecurityGroups/securityRules",
            "apiVersion": "2024-05-01",
            "name": "[concat(parameters('networkSecurityGroups_workers_sg_name'), '/databricks-control-plane-worker-proxy')]",
            "dependsOn": [
                "[resourceId('Microsoft.Network/networkSecurityGroups', parameters('networkSecurityGroups_workers_sg_name'))]"
            ],
            "properties": {
                "description": "Required for Databricks control plane communication with worker nodes.",
                "protocol": "*",
                "sourcePortRange": "*",
                "destinationPortRange": "5557",
                "destinationAddressPrefix": "*",
                "access": "Allow",
                "priority": 110,
                "direction": "Inbound",
                "sourcePortRanges": [],
                "destinationPortRanges": [],
                "sourceAddressPrefixes": [
                    "51.107.48.121/32"
                ],
                "destinationAddressPrefixes": []
            }
        },
        {
            "type": "Microsoft.Network/networkSecurityGroups/securityRules",
            "apiVersion": "2024-05-01",
            "name": "[concat(parameters('networkSecurityGroups_workers_sg_name'), '/databricks-worker-to-worker')]",
            "dependsOn": [
                "[resourceId('Microsoft.Network/networkSecurityGroups', parameters('networkSecurityGroups_workers_sg_name'))]"
            ],
            "properties": {
                "description": "Required for worker nodes communication within a cluster.",
                "protocol": "*",
                "sourcePortRange": "*",
                "destinationPortRange": "*",
                "sourceAddressPrefix": "VirtualNetwork",
                "destinationAddressPrefix": "*",
                "access": "Allow",
                "priority": 200,
                "direction": "Inbound",
                "sourcePortRanges": [],
                "destinationPortRanges": [],
                "sourceAddressPrefixes": [],
                "destinationAddressPrefixes": []
            }
        },
        {
            "type": "Microsoft.Network/virtualNetworks",
            "apiVersion": "2024-05-01",
            "name": "[parameters('virtualNetworks_workers_vnet_name')]",
            "location": "switzerlandnorth",
            "dependsOn": [
                "[resourceId('Microsoft.Network/networkSecurityGroups', parameters('networkSecurityGroups_workers_sg_name'))]"
            ],
            "tags": {
                "application": "databricks",
                "databricks-environment": "true",
                "Business Line": "MD",
                "Enviroment": "QA"
            },
            "properties": {
                "addressSpace": {
                    "addressPrefixes": [
                        "10.139.0.0/16"
                    ]
                },
                "privateEndpointVNetPolicies": "Disabled",
                "subnets": [
                    {
                        "name": "public-subnet",
                        "id": "[resourceId('Microsoft.Network/virtualNetworks/subnets', parameters('virtualNetworks_workers_vnet_name'), 'public-subnet')]",
                        "properties": {
                            "addressPrefix": "10.139.0.0/18",
                            "networkSecurityGroup": {
                                "id": "[resourceId('Microsoft.Network/networkSecurityGroups', parameters('networkSecurityGroups_workers_sg_name'))]"
                            },
                            "delegations": [],
                            "privateEndpointNetworkPolicies": "Enabled",
                            "privateLinkServiceNetworkPolicies": "Enabled"
                        },
                        "type": "Microsoft.Network/virtualNetworks/subnets"
                    },
                    {
                        "name": "private-subnet",
                        "id": "[resourceId('Microsoft.Network/virtualNetworks/subnets', parameters('virtualNetworks_workers_vnet_name'), 'private-subnet')]",
                        "properties": {
                            "addressPrefix": "10.139.64.0/18",
                            "networkSecurityGroup": {
                                "id": "[resourceId('Microsoft.Network/networkSecurityGroups', parameters('networkSecurityGroups_workers_sg_name'))]"
                            },
                            "delegations": [],
                            "privateEndpointNetworkPolicies": "Enabled",
                            "privateLinkServiceNetworkPolicies": "Enabled"
                        },
                        "type": "Microsoft.Network/virtualNetworks/subnets"
                    }
                ],
                "virtualNetworkPeerings": [],
                "enableDdosProtection": false
            }
        },
        {
            "type": "Microsoft.Storage/storageAccounts/blobServices",
            "apiVersion": "2024-01-01",
            "name": "[concat(parameters('storageAccounts_dbstorageuuflqx7ug7d7i_name'), '/default')]",
            "dependsOn": [
                "[resourceId('Microsoft.Storage/storageAccounts', parameters('storageAccounts_dbstorageuuflqx7ug7d7i_name'))]"
            ],
            "sku": {
                "name": "Standard_GRS",
                "tier": "Standard"
            },
            "properties": {
                "cors": {
                    "corsRules": []
                },
                "deleteRetentionPolicy": {
                    "allowPermanentDelete": false,
                    "enabled": false
                }
            }
        },
        {
            "type": "Microsoft.Network/virtualNetworks/subnets",
            "apiVersion": "2024-05-01",
            "name": "[concat(parameters('virtualNetworks_workers_vnet_name'), '/private-subnet')]",
            "dependsOn": [
                "[resourceId('Microsoft.Network/virtualNetworks', parameters('virtualNetworks_workers_vnet_name'))]",
                "[resourceId('Microsoft.Network/networkSecurityGroups', parameters('networkSecurityGroups_workers_sg_name'))]"
            ],
            "properties": {
                "addressPrefix": "10.139.64.0/18",
                "networkSecurityGroup": {
                    "id": "[resourceId('Microsoft.Network/networkSecurityGroups', parameters('networkSecurityGroups_workers_sg_name'))]"
                },
                "delegations": [],
                "privateEndpointNetworkPolicies": "Enabled",
                "privateLinkServiceNetworkPolicies": "Enabled"
            }
        },
        {
            "type": "Microsoft.Network/virtualNetworks/subnets",
            "apiVersion": "2024-05-01",
            "name": "[concat(parameters('virtualNetworks_workers_vnet_name'), '/public-subnet')]",
            "dependsOn": [
                "[resourceId('Microsoft.Network/virtualNetworks', parameters('virtualNetworks_workers_vnet_name'))]",
                "[resourceId('Microsoft.Network/networkSecurityGroups', parameters('networkSecurityGroups_workers_sg_name'))]"
            ],
            "properties": {
                "addressPrefix": "10.139.0.0/18",
                "networkSecurityGroup": {
                    "id": "[resourceId('Microsoft.Network/networkSecurityGroups', parameters('networkSecurityGroups_workers_sg_name'))]"
                },
                "delegations": [],
                "privateEndpointNetworkPolicies": "Enabled",
                "privateLinkServiceNetworkPolicies": "Enabled"
            }
        },
        {
            "type": "Microsoft.Storage/storageAccounts/blobServices/containers",
            "apiVersion": "2024-01-01",
            "name": "[concat(parameters('storageAccounts_dbstorageuuflqx7ug7d7i_name'), '/default/ephemeral')]",
            "dependsOn": [
                "[resourceId('Microsoft.Storage/storageAccounts/blobServices', parameters('storageAccounts_dbstorageuuflqx7ug7d7i_name'), 'default')]",
                "[resourceId('Microsoft.Storage/storageAccounts', parameters('storageAccounts_dbstorageuuflqx7ug7d7i_name'))]"
            ],
            "properties": {
                "immutableStorageWithVersioning": {
                    "enabled": false
                },
                "defaultEncryptionScope": "$account-encryption-key",
                "denyEncryptionScopeOverride": false,
                "publicAccess": "None"
            }
        },
        {
            "type": "Microsoft.Storage/storageAccounts/blobServices/containers",
            "apiVersion": "2024-01-01",
            "name": "[concat(parameters('storageAccounts_dbstorageuuflqx7ug7d7i_name'), '/default/jobs')]",
            "dependsOn": [
                "[resourceId('Microsoft.Storage/storageAccounts/blobServices', parameters('storageAccounts_dbstorageuuflqx7ug7d7i_name'), 'default')]",
                "[resourceId('Microsoft.Storage/storageAccounts', parameters('storageAccounts_dbstorageuuflqx7ug7d7i_name'))]"
            ],
            "properties": {
                "immutableStorageWithVersioning": {
                    "enabled": false
                },
                "defaultEncryptionScope": "$account-encryption-key",
                "denyEncryptionScopeOverride": false,
                "publicAccess": "None"
            }
        },
        {
            "type": "Microsoft.Storage/storageAccounts/blobServices/containers",
            "apiVersion": "2024-01-01",
            "name": "[concat(parameters('storageAccounts_dbstorageuuflqx7ug7d7i_name'), '/default/logs')]",
            "dependsOn": [
                "[resourceId('Microsoft.Storage/storageAccounts/blobServices', parameters('storageAccounts_dbstorageuuflqx7ug7d7i_name'), 'default')]",
                "[resourceId('Microsoft.Storage/storageAccounts', parameters('storageAccounts_dbstorageuuflqx7ug7d7i_name'))]"
            ],
            "properties": {
                "immutableStorageWithVersioning": {
                    "enabled": false
                },
                "defaultEncryptionScope": "$account-encryption-key",
                "denyEncryptionScopeOverride": false,
                "publicAccess": "None"
            }
        },
        {
            "type": "Microsoft.Storage/storageAccounts/blobServices/containers",
            "apiVersion": "2024-01-01",
            "name": "[concat(parameters('storageAccounts_dbstorageuuflqx7ug7d7i_name'), '/default/meta')]",
            "dependsOn": [
                "[resourceId('Microsoft.Storage/storageAccounts/blobServices', parameters('storageAccounts_dbstorageuuflqx7ug7d7i_name'), 'default')]",
                "[resourceId('Microsoft.Storage/storageAccounts', parameters('storageAccounts_dbstorageuuflqx7ug7d7i_name'))]"
            ],
            "properties": {
                "immutableStorageWithVersioning": {
                    "enabled": false
                },
                "defaultEncryptionScope": "$account-encryption-key",
                "denyEncryptionScopeOverride": false,
                "publicAccess": "None"
            }
        },
        {
            "type": "Microsoft.Storage/storageAccounts/blobServices/containers",
            "apiVersion": "2024-01-01",
            "name": "[concat(parameters('storageAccounts_dbstorageuuflqx7ug7d7i_name'), '/default/root')]",
            "dependsOn": [
                "[resourceId('Microsoft.Storage/storageAccounts/blobServices', parameters('storageAccounts_dbstorageuuflqx7ug7d7i_name'), 'default')]",
                "[resourceId('Microsoft.Storage/storageAccounts', parameters('storageAccounts_dbstorageuuflqx7ug7d7i_name'))]"
            ],
            "properties": {
                "immutableStorageWithVersioning": {
                    "enabled": false
                },
                "defaultEncryptionScope": "$account-encryption-key",
                "denyEncryptionScopeOverride": false,
                "publicAccess": "None"
            }
        }
    ]
}