{
    "$schema": "https://schema.management.azure.com/schemas/2019-04-01/deploymentTemplate.json#",
    "contentVersion": "1.0.0.0",
    "parameters": {
        "workspaces_jnj_md_adb_p2_name": {
            "defaultValue": "jnj-md-adb-p2",
            "type": "String"
        }
    },
    "variables": {},
    "resources": [
        {
            "type": "Microsoft.Databricks/workspaces",
            "apiVersion": "2024-09-01-preview",
            "name": "[parameters('workspaces_jnj_md_adb_p2_name')]",
            "location": "switzerlandnorth",
            "tags": {
                "Business Line": "MD",
                "Enviroment": "QA"
            },
            "sku": {
                "name": "standard"
            },
            "properties": {
                "managedResourceGroupId": "[concat('/subscriptions/8d4346c2-32de-4083-8774-d32ffb70f026/resourceGroups/databricks-rg-', parameters('workspaces_jnj_md_adb_p2_name'), '-qn2pxwb7rnxxi')]",
                "parameters": {
                    "enableNoPublicIp": {
                        "value": false
                    },
                    "natGatewayName": {
                        "value": "nat-gateway"
                    },
                    "prepareEncryption": {
                        "value": false
                    },
                    "publicIpName": {
                        "value": "nat-gw-public-ip"
                    },
                    "requireInfrastructureEncryption": {
                        "value": false
                    },
                    "storageAccountName": {
                        "value": "dbstorageuuflqx7ug7d7i"
                    },
                    "storageAccountSkuName": {
                        "value": "Standard_GRS"
                    },
                    "vnetAddressPrefix": {
                        "value": "10.139"
                    }
                },
                "authorizations": [
                    {
                        "principalId": "9a74af6f-d153-4348-988a-e2672920bee9",
                        "roleDefinitionId": "8e3af657-a8ff-443c-a75c-2fe8c4bcb635"
                    }
                ],
                "createdBy": {},
                "updatedBy": {}
            }
        }
    ]
}