{
    "$schema": "https://schema.management.azure.com/schemas/2019-04-01/deploymentTemplate.json#",
    "contentVersion": "1.0.0.0",
    "parameters": {
        "loadBalancers_jnj_md_prod_vmss_lb_name": {
            "defaultValue": "jnj-md-prod-vmss-lb",
            "type": "String"
        },
        "publicIPAddresses_jnj_md_prod_vmss_ip_externalid": {
            "defaultValue": "/subscriptions/8d4346c2-32de-4083-8774-d32ffb70f026/resourceGroups/jnj-md-prod-rg/providers/Microsoft.Network/publicIPAddresses/jnj-md-prod-vmss-ip",
            "type": "String"
        }
    },
    "variables": {},
    "resources": [
        {
            "type": "Microsoft.Network/loadBalancers",
            "apiVersion": "2024-05-01",
            "name": "[parameters('loadBalancers_jnj_md_prod_vmss_lb_name')]",
            "location": "switzerlandnorth",
            "tags": {
                "Business Line": "MD",
                "Enviroment": "PROD"
            },
            "sku": {
                "name": "Standard",
                "tier": "Regional"
            },
            "properties": {
                "frontendIPConfigurations": [
                    {
                        "name": "LoadBalancerFrontEnd",
                        "id": "[concat(resourceId('Microsoft.Network/loadBalancers', parameters('loadBalancers_jnj_md_prod_vmss_lb_name')), '/frontendIPConfigurations/LoadBalancerFrontEnd')]",
                        "properties": {
                            "privateIPAllocationMethod": "Dynamic",
                            "publicIPAddress": {
                                "id": "[parameters('publicIPAddresses_jnj_md_prod_vmss_ip_externalid')]"
                            }
                        }
                    }
                ],
                "backendAddressPools": [
                    {
                        "name": "bepool",
                        "id": "[resourceId('Microsoft.Network/loadBalancers/backendAddressPools', parameters('loadBalancers_jnj_md_prod_vmss_lb_name'), 'bepool')]",
                        "properties": {
                            "loadBalancerBackendAddresses": [
                                {
                                    "name": "4f24960b-2670-4d01-bed3-6d7a63f9ff1d",
                                    "properties": {}
                                }
                            ]
                        }
                    }
                ],
                "loadBalancingRules": [
                    {
                        "name": "LBRule",
                        "id": "[concat(resourceId('Microsoft.Network/loadBalancers', parameters('loadBalancers_jnj_md_prod_vmss_lb_name')), '/loadBalancingRules/LBRule')]",
                        "properties": {
                            "frontendIPConfiguration": {
                                "id": "[concat(resourceId('Microsoft.Network/loadBalancers', parameters('loadBalancers_jnj_md_prod_vmss_lb_name')), '/frontendIPConfigurations/LoadBalancerFrontEnd')]"
                            },
                            "frontendPort": 80,
                            "backendPort": 8080,
                            "enableFloatingIP": false,
                            "idleTimeoutInMinutes": 5,
                            "protocol": "Tcp",
                            "enableTcpReset": false,
                            "loadDistribution": "Default",
                            "disableOutboundSnat": true,
                            "backendAddressPool": {
                                "id": "[resourceId('Microsoft.Network/loadBalancers/backendAddressPools', parameters('loadBalancers_jnj_md_prod_vmss_lb_name'), 'bepool')]"
                            },
                            "backendAddressPools": [
                                {
                                    "id": "[resourceId('Microsoft.Network/loadBalancers/backendAddressPools', parameters('loadBalancers_jnj_md_prod_vmss_lb_name'), 'bepool')]"
                                }
                            ],
                            "probe": {
                                "id": "[concat(resourceId('Microsoft.Network/loadBalancers', parameters('loadBalancers_jnj_md_prod_vmss_lb_name')), '/probes/tcpProbe')]"
                            }
                        }
                    },
                    {
                        "name": "jnj-md-prod-lb-rule1",
                        "id": "[concat(resourceId('Microsoft.Network/loadBalancers', parameters('loadBalancers_jnj_md_prod_vmss_lb_name')), '/loadBalancingRules/jnj-md-prod-lb-rule1')]",
                        "properties": {
                            "frontendIPConfiguration": {
                                "id": "[concat(resourceId('Microsoft.Network/loadBalancers', parameters('loadBalancers_jnj_md_prod_vmss_lb_name')), '/frontendIPConfigurations/LoadBalancerFrontEnd')]"
                            },
                            "frontendPort": 8081,
                            "backendPort": 8081,
                            "enableFloatingIP": false,
                            "idleTimeoutInMinutes": 4,
                            "protocol": "Tcp",
                            "enableTcpReset": false,
                            "loadDistribution": "Default",
                            "disableOutboundSnat": true,
                            "backendAddressPool": {
                                "id": "[resourceId('Microsoft.Network/loadBalancers/backendAddressPools', parameters('loadBalancers_jnj_md_prod_vmss_lb_name'), 'bepool')]"
                            },
                            "backendAddressPools": [
                                {
                                    "id": "[resourceId('Microsoft.Network/loadBalancers/backendAddressPools', parameters('loadBalancers_jnj_md_prod_vmss_lb_name'), 'bepool')]"
                                }
                            ],
                            "probe": {
                                "id": "[concat(resourceId('Microsoft.Network/loadBalancers', parameters('loadBalancers_jnj_md_prod_vmss_lb_name')), '/probes/jnj-md-prod-hp1')]"
                            }
                        }
                    },
                    {
                        "name": "jnj-md-prod-lb-rule2",
                        "id": "[concat(resourceId('Microsoft.Network/loadBalancers', parameters('loadBalancers_jnj_md_prod_vmss_lb_name')), '/loadBalancingRules/jnj-md-prod-lb-rule2')]",
                        "properties": {
                            "frontendIPConfiguration": {
                                "id": "[concat(resourceId('Microsoft.Network/loadBalancers', parameters('loadBalancers_jnj_md_prod_vmss_lb_name')), '/frontendIPConfigurations/LoadBalancerFrontEnd')]"
                            },
                            "frontendPort": 8082,
                            "backendPort": 8082,
                            "enableFloatingIP": false,
                            "idleTimeoutInMinutes": 4,
                            "protocol": "Tcp",
                            "enableTcpReset": false,
                            "loadDistribution": "Default",
                            "disableOutboundSnat": true,
                            "backendAddressPool": {
                                "id": "[resourceId('Microsoft.Network/loadBalancers/backendAddressPools', parameters('loadBalancers_jnj_md_prod_vmss_lb_name'), 'bepool')]"
                            },
                            "backendAddressPools": [
                                {
                                    "id": "[resourceId('Microsoft.Network/loadBalancers/backendAddressPools', parameters('loadBalancers_jnj_md_prod_vmss_lb_name'), 'bepool')]"
                                }
                            ],
                            "probe": {
                                "id": "[concat(resourceId('Microsoft.Network/loadBalancers', parameters('loadBalancers_jnj_md_prod_vmss_lb_name')), '/probes/jnj-md-prod-hp2')]"
                            }
                        }
                    },
                    {
                        "name": "jnj-md-prod-lb-rule3",
                        "id": "[concat(resourceId('Microsoft.Network/loadBalancers', parameters('loadBalancers_jnj_md_prod_vmss_lb_name')), '/loadBalancingRules/jnj-md-prod-lb-rule3')]",
                        "properties": {
                            "frontendIPConfiguration": {
                                "id": "[concat(resourceId('Microsoft.Network/loadBalancers', parameters('loadBalancers_jnj_md_prod_vmss_lb_name')), '/frontendIPConfigurations/LoadBalancerFrontEnd')]"
                            },
                            "frontendPort": 8083,
                            "backendPort": 8083,
                            "enableFloatingIP": false,
                            "idleTimeoutInMinutes": 4,
                            "protocol": "Tcp",
                            "enableTcpReset": false,
                            "loadDistribution": "Default",
                            "disableOutboundSnat": true,
                            "backendAddressPool": {
                                "id": "[resourceId('Microsoft.Network/loadBalancers/backendAddressPools', parameters('loadBalancers_jnj_md_prod_vmss_lb_name'), 'bepool')]"
                            },
                            "backendAddressPools": [
                                {
                                    "id": "[resourceId('Microsoft.Network/loadBalancers/backendAddressPools', parameters('loadBalancers_jnj_md_prod_vmss_lb_name'), 'bepool')]"
                                }
                            ],
                            "probe": {
                                "id": "[concat(resourceId('Microsoft.Network/loadBalancers', parameters('loadBalancers_jnj_md_prod_vmss_lb_name')), '/probes/jnj-md-prod-hp3')]"
                            }
                        }
                    },
                    {
                        "name": "jnj-md-prod-lb-rule4",
                        "id": "[concat(resourceId('Microsoft.Network/loadBalancers', parameters('loadBalancers_jnj_md_prod_vmss_lb_name')), '/loadBalancingRules/jnj-md-prod-lb-rule4')]",
                        "properties": {
                            "frontendIPConfiguration": {
                                "id": "[concat(resourceId('Microsoft.Network/loadBalancers', parameters('loadBalancers_jnj_md_prod_vmss_lb_name')), '/frontendIPConfigurations/LoadBalancerFrontEnd')]"
                            },
                            "frontendPort": 8443,
                            "backendPort": 8443,
                            "enableFloatingIP": false,
                            "idleTimeoutInMinutes": 4,
                            "protocol": "Tcp",
                            "enableTcpReset": false,
                            "loadDistribution": "Default",
                            "disableOutboundSnat": true,
                            "backendAddressPool": {
                                "id": "[resourceId('Microsoft.Network/loadBalancers/backendAddressPools', parameters('loadBalancers_jnj_md_prod_vmss_lb_name'), 'bepool')]"
                            },
                            "backendAddressPools": [
                                {
                                    "id": "[resourceId('Microsoft.Network/loadBalancers/backendAddressPools', parameters('loadBalancers_jnj_md_prod_vmss_lb_name'), 'bepool')]"
                                }
                            ],
                            "probe": {
                                "id": "[concat(resourceId('Microsoft.Network/loadBalancers', parameters('loadBalancers_jnj_md_prod_vmss_lb_name')), '/probes/jnj-md-prod-hp4')]"
                            }
                        }
                    }
                ],
                "probes": [
                    {
                        "name": "tcpProbe",
                        "id": "[concat(resourceId('Microsoft.Network/loadBalancers', parameters('loadBalancers_jnj_md_prod_vmss_lb_name')), '/probes/tcpProbe')]",
                        "properties": {
                            "protocol": "Tcp",
                            "port": 8080,
                            "intervalInSeconds": 5,
                            "numberOfProbes": 2,
                            "probeThreshold": 1,
                            "noHealthyBackendsBehavior": "AllProbedDown"
                        }
                    },
                    {
                        "name": "jnj-md-prod-hp1",
                        "id": "[concat(resourceId('Microsoft.Network/loadBalancers', parameters('loadBalancers_jnj_md_prod_vmss_lb_name')), '/probes/jnj-md-prod-hp1')]",
                        "properties": {
                            "protocol": "Http",
                            "port": 8081,
                            "requestPath": "/",
                            "intervalInSeconds": 5,
                            "numberOfProbes": 2,
                            "probeThreshold": 1,
                            "noHealthyBackendsBehavior": "AllProbedDown"
                        }
                    },
                    {
                        "name": "jnj-md-prod-hp2",
                        "id": "[concat(resourceId('Microsoft.Network/loadBalancers', parameters('loadBalancers_jnj_md_prod_vmss_lb_name')), '/probes/jnj-md-prod-hp2')]",
                        "properties": {
                            "protocol": "Tcp",
                            "port": 8082,
                            "intervalInSeconds": 5,
                            "numberOfProbes": 2,
                            "probeThreshold": 1,
                            "noHealthyBackendsBehavior": "AllProbedDown"
                        }
                    },
                    {
                        "name": "jnj-md-prod-hp3",
                        "id": "[concat(resourceId('Microsoft.Network/loadBalancers', parameters('loadBalancers_jnj_md_prod_vmss_lb_name')), '/probes/jnj-md-prod-hp3')]",
                        "properties": {
                            "protocol": "Tcp",
                            "port": 8083,
                            "intervalInSeconds": 5,
                            "numberOfProbes": 2,
                            "probeThreshold": 1,
                            "noHealthyBackendsBehavior": "AllProbedDown"
                        }
                    },
                    {
                        "name": "jnj-md-prod-hp4",
                        "id": "[concat(resourceId('Microsoft.Network/loadBalancers', parameters('loadBalancers_jnj_md_prod_vmss_lb_name')), '/probes/jnj-md-prod-hp4')]",
                        "properties": {
                            "protocol": "Http",
                            "port": 8443,
                            "requestPath": "/",
                            "intervalInSeconds": 5,
                            "numberOfProbes": 2,
                            "probeThreshold": 1,
                            "noHealthyBackendsBehavior": "AllProbedDown"
                        }
                    }
                ],
                "inboundNatRules": [],
                "outboundRules": [
                    {
                        "name": "jnj-md-prod-or1",
                        "id": "[concat(resourceId('Microsoft.Network/loadBalancers', parameters('loadBalancers_jnj_md_prod_vmss_lb_name')), '/outboundRules/jnj-md-prod-or1')]",
                        "properties": {
                            "allocatedOutboundPorts": 63976,
                            "protocol": "All",
                            "enableTcpReset": true,
                            "idleTimeoutInMinutes": 4,
                            "backendAddressPool": {
                                "id": "[resourceId('Microsoft.Network/loadBalancers/backendAddressPools', parameters('loadBalancers_jnj_md_prod_vmss_lb_name'), 'bepool')]"
                            },
                            "frontendIPConfigurations": [
                                {
                                    "id": "[concat(resourceId('Microsoft.Network/loadBalancers', parameters('loadBalancers_jnj_md_prod_vmss_lb_name')), '/frontendIPConfigurations/LoadBalancerFrontEnd')]"
                                }
                            ]
                        }
                    }
                ],
                "inboundNatPools": []
            }
        },
        {
            "type": "Microsoft.Network/loadBalancers/backendAddressPools",
            "apiVersion": "2024-05-01",
            "name": "[concat(parameters('loadBalancers_jnj_md_prod_vmss_lb_name'), '/bepool')]",
            "dependsOn": [
                "[resourceId('Microsoft.Network/loadBalancers', parameters('loadBalancers_jnj_md_prod_vmss_lb_name'))]"
            ],
            "properties": {
                "loadBalancerBackendAddresses": [
                    {
                        "name": "4f24960b-2670-4d01-bed3-6d7a63f9ff1d",
                        "properties": {}
                    }
                ]
            }
        }
    ]
}